{
    "Monthly_Income": {
        "distribution": [
            0.0930888575458392, 
            0.11847672778561354, 
            0.10484250117536437, 
            0.09496944052656324, 
            0.11001410437235543, 
            0.0926187118006582, 
            0.1231781852374236, 
            0.10108133521391631, 
            0.10860366713681241, 
            0.05312646920545369
        ], 
        "scale": [
            2541.67, 
            3189.5607500000006, 
            3814.5607500000006, 
            4375.0, 
            4875.0, 
            5500.0, 
            6333.25575, 
            7583.25575, 
            10166.665, 
            38500.0
        ]
    }, 
    "Employment_Duration": {
        "distribution": [
            0.1069364161849711, 
            0.10308285163776493, 
            0.10789980732177264, 
            0.10404624277456648, 
            0.10404624277456648, 
            0.10741811175337188, 
            0.0871868978805395, 
            0.11368015414258188, 
            0.09826589595375723, 
            0.0674373795761079
        ], 
        "scale": [
            63.5, 
            72.0, 
            83.5, 
            97.0, 
            111.5, 
            129.5, 
            152.5, 
            167.5, 
            172.0, 
            175.0
        ]
    }, 
    "Amount_Requested": {
        "distribution": [
            0.10583254938852305, 
            0.07055503292568203, 
            0.1251175917215428, 
            0.09595484477892756, 
            0.12041392285983067, 
            0.11382878645343368, 
            0.09877704609595485, 
            0.11194731890874883, 
            0.10253998118532455, 
            0.05503292568203198
        ], 
        "scale": [
            3910.3750000000005, 
            5410.375, 
            7000.0, 
            9000.0, 
            11000.0, 
            13061.625000000004, 
            15561.625000000004, 
            18583.750000000036, 
            24083.750000000036, 
            31500.0
        ]
    }, 
    "Open_CREDIT_Lines": {
        "distribution": [
            0.1079203334877258, 
            0.0968040759610931, 
            0.0889300602130616, 
            0.10097267253358036, 
            0.09958314034275127, 
            0.0778138026864289, 
            0.14358499305233904, 
            0.12413154238073182, 
            0.09309865678554886, 
            0.06716072255673923
        ], 
        "scale": [
            5.0, 
            6.5, 
            7.5, 
            8.5, 
            9.5, 
            10.5, 
            12.0, 
            14.0, 
            16.5, 
            28.0
        ]
    }, 
    "Interest_Rate": {
        "distribution": [
            0.08687529191966371, 
            0.12751050910789352, 
            0.10695936478281177, 
            0.10368986454927603, 
            0.10322279308734236, 
            0.09014479215319944, 
            0.11349836524988323, 
            0.1102288650163475, 
            0.09901914992993928, 
            0.058851004203643156
        ], 
        "scale": [
            7.26, 
            9.030000000000001, 
            10.654200000000003, 
            11.689200000000003, 
            12.86, 
            13.91, 
            15.065000000000001, 
            16.785, 
            19.13, 
            22.689999999999998
        ]
    }, 
    "FICO_Avg": {
        "distribution": [
            0.1078167115902965, 
            0.13387241689128482, 
            0.0637915543575921, 
            0.11096136567834682, 
            0.11545372866127583, 
            0.10107816711590296, 
            0.0867026055705301, 
            0.12039532794249776, 
            0.10287511230907458, 
            0.057053009883198565
        ], 
        "scale": [
            667.0, 
            677.0, 
            684.5, 
            692.0, 
            702.0, 
            712.0, 
            722.0, 
            737.0, 
            762.0, 
            804.5
        ]
    }, 
    "Loan_Purpose": {
        "distribution": [
            0.5086699271315697, 
            0.1724674860231502, 
            0.07815615189403516, 
            0.06069109001827311, 
            0.041042895408040805, 
            0.032746991017053834, 
            0.020521447704020403, 
            0.015281929141291789, 
            0.011788916766139381, 
            0.011788916766139381
        ], 
        "scale": [
            "debt_consolidation", 
            "credit_card", 
            "other", 
            "home_improvement", 
            "major_purchase", 
            "small_business", 
            "car", 
            "wedding", 
            "medical", 
            "moving"
        ]
    }, 
    "Loan_Length": {
        "distribution": [
            0.776386404293381, 
            0.22361359570661896
        ], 
        "scale": [
            "36", 
            "60"
        ]
    }, 
    "Revolving_CREDIT_Balance": {
        "distribution": [
            0.10504003768252473, 
            0.1055110692416392, 
            0.10504003768252473, 
            0.1055110692416392, 
            0.10504003768252473, 
            0.1055110692416392, 
            0.10504003768252473, 
            0.1055110692416392, 
            0.10504003768252473, 
            0.0527555346208196
        ], 
        "scale": [
            2154.2, 
            4468.280000000001, 
            6460.18, 
            8587.140000000001, 
            10936.080000000002, 
            13488.44, 
            16847.420000000002, 
            22068.120000000014, 
            32772.68000000006, 
            155520.06000000006
        ]
    }, 
    "State": {
        "distribution": [
            0.002, 
            0.019, 
            0.007, 
            0.018, 
            0.161, 
            0.029, 
            0.023, 
            0.008, 
            0.001, 
            0.074, 
            0.036, 
            0.005, 
            0.043, 
            0.002, 
            0.008, 
            0.013, 
            0.011, 
            0.031, 
            0.029, 
            0.016, 
            0.018, 
            0.015, 
            0.003, 
            0.026, 
            0.002, 
            0.034, 
            0.006, 
            0.011, 
            0.097, 
            0.026, 
            0.01, 
            0.013, 
            0.037, 
            0.006, 
            0.011, 
            0.002, 
            0.062, 
            0.01, 
            0.032, 
            0.001, 
            0.024, 
            0.012, 
            0.002, 
            0.004
        ], 
        "scale": [
            "AK", 
            "AL", 
            "AR", 
            "AZ", 
            "CA", 
            "CO", 
            "CT", 
            "DC", 
            "DE", 
            "FL", 
            "GA", 
            "HI", 
            "IL", 
            "IN", 
            "KS", 
            "KY", 
            "LA", 
            "MA", 
            "MD", 
            "MI", 
            "MN", 
            "MO", 
            "MT", 
            "NC", 
            "NH", 
            "NJ", 
            "NM", 
            "NV", 
            "NY", 
            "OH", 
            "OK", 
            "OR", 
            "PA", 
            "RI", 
            "SC", 
            "SD", 
            "TX", 
            "UT", 
            "VA", 
            "VT", 
            "WA", 
            "WI", 
            "WV", 
            "WY"
        ]
    }, 
    "Debt_To_Income_Ratio": {
        "distribution": [
            0.10499058380414313, 
            0.10546139359698682, 
            0.10499058380414313, 
            0.10499058380414313, 
            0.10546139359698682, 
            0.10546139359698682, 
            0.10546139359698682, 
            0.10546139359698682, 
            0.10451977401129943, 
            0.0532015065913371
        ], 
        "scale": [
            5.21125, 
            8.553650000000001, 
            11.024500000000002, 
            13.315, 
            15.375, 
            17.359650000000002, 
            19.497400000000003, 
            21.934450000000005, 
            25.761700000000005, 
            31.58
        ]
    }, 
    "Home_Ownership": {
        "distribution": [
            0.4669051878354204, 
            0.07826475849731664, 
            0.454830053667263
        ], 
        "scale": [
            "MORTGAGE", 
            "OWN", 
            "RENT"
        ]
    }, 
    "Inquiries_in_the_Last_6_Months": {
        "distribution": [
            0.0, 
            0.0, 
            0.0, 
            0.0, 
            0.5051454138702461, 
            0.0, 
            0.0, 
            0.25727069351230425, 
            0.13467561521252797, 
            0.1029082774049217
        ], 
        "scale": [
            0.0, 
            0.0, 
            0.0, 
            0.0, 
            0.5, 
            1.0, 
            1.0, 
            1.5, 
            2.5, 
            6.0
        ]
    }, 
    "Age": {
        "distribution": [
            0.09948622139187295, 
            0.08687529191966371, 
            0.09855207846800561, 
            0.13078000934142925, 
            0.07286314806165343, 
            0.14339093881363849, 
            0.067725361980383, 
            0.09995329285380664, 
            0.13498365249883232, 
            0.06539000467071462
        ], 
        "scale": [
            26.5, 
            29.0, 
            31.0, 
            33.0, 
            34.5, 
            36.0, 
            37.5, 
            39.0, 
            42.0, 
            46.5
        ]
    }
}