[
    {
        "fit_time": 34, 
        "best_iteration": null, 
        "test_score": 0.8072573680233186, 
        "time": 80, 
        "split_id": 0, 
        "parameters": {
            "penalty": "l1", 
            "C": 1.567667719550606
        }, 
        "num_samples": 746, 
        "score_time": 46, 
        "train_score": 0.8697126388064763, 
        "done_at": 1601323075406, 
        "test_score_gib": 0.8072573680233186
    }, 
    {
        "fit_time": 23, 
        "best_iteration": null, 
        "test_score": 0.8366619885566231, 
        "time": 75, 
        "split_id": 1, 
        "parameters": {
            "penalty": "l1", 
            "C": 1.567667719550606
        }, 
        "num_samples": 746, 
        "score_time": 52, 
        "train_score": 0.8531423243197422, 
        "done_at": 1601323075406, 
        "test_score_gib": 0.8366619885566231
    }, 
    {
        "fit_time": 45, 
        "best_iteration": null, 
        "test_score": 0.8080399133030711, 
        "time": 83, 
        "split_id": 2, 
        "parameters": {
            "penalty": "l1", 
            "C": 1.567667719550606
        }, 
        "num_samples": 744, 
        "score_time": 38, 
        "train_score": 0.8609656698693727, 
        "done_at": 1601323075421, 
        "test_score_gib": 0.8080399133030711
    }, 
    {
        "fit_time": 41, 
        "best_iteration": null, 
        "test_score": 0.8057324840764332, 
        "time": 73, 
        "split_id": 0, 
        "parameters": {
            "penalty": "l1", 
            "C": 2.5766385746135883
        }, 
        "num_samples": 746, 
        "score_time": 32, 
        "train_score": 0.870604390946851, 
        "done_at": 1601323075496, 
        "test_score_gib": 0.8057324840764332
    }, 
    {
        "fit_time": 33, 
        "best_iteration": null, 
        "test_score": 0.8315745438842708, 
        "time": 49, 
        "split_id": 1, 
        "parameters": {
            "penalty": "l1", 
            "C": 2.5766385746135883
        }, 
        "num_samples": 746, 
        "score_time": 16, 
        "train_score": 0.855339493091464, 
        "done_at": 1601323075521, 
        "test_score_gib": 0.8315745438842708
    }, 
    {
        "fit_time": 58, 
        "best_iteration": null, 
        "test_score": 0.8015512752354859, 
        "time": 86, 
        "split_id": 2, 
        "parameters": {
            "penalty": "l1", 
            "C": 2.5766385746135883
        }, 
        "num_samples": 744, 
        "score_time": 28, 
        "train_score": 0.8624770592680556, 
        "done_at": 1601323075587, 
        "test_score_gib": 0.8015512752354859
    }, 
    {
        "fit_time": 86, 
        "best_iteration": null, 
        "test_score": 0.803883730972687, 
        "time": 118, 
        "split_id": 0, 
        "parameters": {
            "penalty": "l1", 
            "C": 7.2570057215942745
        }, 
        "num_samples": 746, 
        "score_time": 32, 
        "train_score": 0.8717199287954566, 
        "done_at": 1601323075469, 
        "test_score_gib": 0.803883730972687
    }, 
    {
        "fit_time": 58, 
        "best_iteration": null, 
        "test_score": 0.8252590953254886, 
        "time": 92, 
        "split_id": 1, 
        "parameters": {
            "penalty": "l1", 
            "C": 7.2570057215942745
        }, 
        "num_samples": 746, 
        "score_time": 34, 
        "train_score": 0.8568720861235908, 
        "done_at": 1601323075501, 
        "test_score_gib": 0.8252590953254886
    }, 
    {
        "fit_time": 147, 
        "best_iteration": null, 
        "test_score": 0.7928952139478455, 
        "time": 185, 
        "split_id": 2, 
        "parameters": {
            "penalty": "l1", 
            "C": 7.2570057215942745
        }, 
        "num_samples": 744, 
        "score_time": 38, 
        "train_score": 0.8637826568066501, 
        "done_at": 1601323075600, 
        "test_score_gib": 0.7928952139478455
    }, 
    {
        "fit_time": 17, 
        "best_iteration": null, 
        "test_score": 0.8109143905862032, 
        "time": 42, 
        "split_id": 0, 
        "parameters": {
            "penalty": "l1", 
            "C": 0.49501595537331916
        }, 
        "num_samples": 746, 
        "score_time": 25, 
        "train_score": 0.8607137407815547, 
        "done_at": 1601323075624, 
        "test_score_gib": 0.8109143905862032
    }, 
    {
        "fit_time": 11, 
        "best_iteration": null, 
        "test_score": 0.8418304005181907, 
        "time": 40, 
        "split_id": 1, 
        "parameters": {
            "penalty": "l1", 
            "C": 0.49501595537331916
        }, 
        "num_samples": 746, 
        "score_time": 29, 
        "train_score": 0.8435636178689497, 
        "done_at": 1601323075635, 
        "test_score_gib": 0.8418304005181907
    }, 
    {
        "fit_time": 28, 
        "best_iteration": null, 
        "test_score": 0.8259927207295629, 
        "time": 47, 
        "split_id": 2, 
        "parameters": {
            "penalty": "l1", 
            "C": 0.49501595537331916
        }, 
        "num_samples": 744, 
        "score_time": 19, 
        "train_score": 0.8519142016625283, 
        "done_at": 1601323075655, 
        "test_score_gib": 0.8259927207295629
    }, 
    {
        "fit_time": 33, 
        "best_iteration": null, 
        "test_score": 0.807500269890964, 
        "time": 53, 
        "split_id": 0, 
        "parameters": {
            "penalty": "l1", 
            "C": 1.5119336467640998
        }, 
        "num_samples": 746, 
        "score_time": 20, 
        "train_score": 0.8695498855641265, 
        "done_at": 1601323075557, 
        "test_score_gib": 0.807500269890964
    }, 
    {
        "fit_time": 20, 
        "best_iteration": null, 
        "test_score": 0.8370938140991039, 
        "time": 55, 
        "split_id": 1, 
        "parameters": {
            "penalty": "l1", 
            "C": 1.5119336467640998
        }, 
        "num_samples": 746, 
        "score_time": 35, 
        "train_score": 0.8529660083071966, 
        "done_at": 1601323075580, 
        "test_score_gib": 0.8370938140991039
    }, 
    {
        "fit_time": 69, 
        "best_iteration": null, 
        "test_score": 0.8085033874507559, 
        "time": 101, 
        "split_id": 2, 
        "parameters": {
            "penalty": "l1", 
            "C": 1.5119336467640998
        }, 
        "num_samples": 744, 
        "score_time": 32, 
        "train_score": 0.8607868671056893, 
        "done_at": 1601323075665, 
        "test_score_gib": 0.8085033874507559
    }, 
    {
        "fit_time": 84, 
        "best_iteration": null, 
        "test_score": 0.8050037784734967, 
        "time": 113, 
        "split_id": 0, 
        "parameters": {
            "penalty": "l1", 
            "C": 3.833332156156661
        }, 
        "num_samples": 746, 
        "score_time": 29, 
        "train_score": 0.8711977621429177, 
        "done_at": 1601323075739, 
        "test_score_gib": 0.8050037784734967
    }, 
    {
        "fit_time": 38, 
        "best_iteration": null, 
        "test_score": 0.8287811724063476, 
        "time": 52, 
        "split_id": 1, 
        "parameters": {
            "penalty": "l1", 
            "C": 3.833332156156661
        }, 
        "num_samples": 746, 
        "score_time": 14, 
        "train_score": 0.856271933542426, 
        "done_at": 1601323075693, 
        "test_score_gib": 0.8287811724063476
    }, 
    {
        "fit_time": 80, 
        "best_iteration": null, 
        "test_score": 0.7972300603879552, 
        "time": 109, 
        "split_id": 2, 
        "parameters": {
            "penalty": "l1", 
            "C": 3.833332156156661
        }, 
        "num_samples": 744, 
        "score_time": 29, 
        "train_score": 0.8631517866781822, 
        "done_at": 1601323075772, 
        "test_score_gib": 0.7972300603879552
    }, 
    {
        "fit_time": 17, 
        "best_iteration": null, 
        "test_score": 0.8107254669113678, 
        "time": 46, 
        "split_id": 0, 
        "parameters": {
            "penalty": "l1", 
            "C": 0.5627932047415165
        }, 
        "num_samples": 746, 
        "score_time": 29, 
        "train_score": 0.8625481054505382, 
        "done_at": 1601323075720, 
        "test_score_gib": 0.8107254669113678
    }, 
    {
        "fit_time": 26, 
        "best_iteration": null, 
        "test_score": 0.8415740041023427, 
        "time": 58, 
        "split_id": 1, 
        "parameters": {
            "penalty": "l1", 
            "C": 0.5627932047415165
        }, 
        "num_samples": 746, 
        "score_time": 32, 
        "train_score": 0.8448012206493176, 
        "done_at": 1601323075754, 
        "test_score_gib": 0.8415740041023427
    }, 
    {
        "fit_time": 29, 
        "best_iteration": null, 
        "test_score": 0.824534140323614, 
        "time": 63, 
        "split_id": 2, 
        "parameters": {
            "penalty": "l1", 
            "C": 0.5627932047415165
        }, 
        "num_samples": 744, 
        "score_time": 34, 
        "train_score": 0.85368536111411, 
        "done_at": 1601323075786, 
        "test_score_gib": 0.824534140323614
    }, 
    {
        "fit_time": 18, 
        "best_iteration": null, 
        "test_score": 0.8130465292022023, 
        "time": 27, 
        "split_id": 0, 
        "parameters": {
            "penalty": "l1", 
            "C": 0.34179529120610097
        }, 
        "num_samples": 746, 
        "score_time": 9, 
        "train_score": 0.8548953123675511, 
        "done_at": 1601323076281, 
        "test_score_gib": 0.8130465292022023
    }, 
    {
        "fit_time": 10, 
        "best_iteration": null, 
        "test_score": 0.8424646442837095, 
        "time": 20, 
        "split_id": 1, 
        "parameters": {
            "penalty": "l1", 
            "C": 0.34179529120610097
        }, 
        "num_samples": 746, 
        "score_time": 10, 
        "train_score": 0.8390234805459016, 
        "done_at": 1601323076303, 
        "test_score_gib": 0.8424646442837095
    }, 
    {
        "fit_time": 19, 
        "best_iteration": null, 
        "test_score": 0.831186357502147, 
        "time": 27, 
        "split_id": 2, 
        "parameters": {
            "penalty": "l1", 
            "C": 0.34179529120610097
        }, 
        "num_samples": 744, 
        "score_time": 8, 
        "train_score": 0.8478928262981755, 
        "done_at": 1601323076332, 
        "test_score_gib": 0.831186357502147
    }, 
    {
        "fit_time": 640, 
        "best_iteration": null, 
        "test_score": 0.8029526071467127, 
        "time": 648, 
        "split_id": 0, 
        "parameters": {
            "penalty": "l1", 
            "C": 36.90557729213758
        }, 
        "num_samples": 746, 
        "score_time": 8, 
        "train_score": 0.872337034839366, 
        "done_at": 1601323076392, 
        "test_score_gib": 0.8029526071467127
    }, 
    {
        "fit_time": 154, 
        "best_iteration": null, 
        "test_score": 0.8192135377307568, 
        "time": 165, 
        "split_id": 1, 
        "parameters": {
            "penalty": "l1", 
            "C": 36.90557729213758
        }, 
        "num_samples": 746, 
        "score_time": 11, 
        "train_score": 0.8572348902263287, 
        "done_at": 1601323075925, 
        "test_score_gib": 0.8192135377307568
    }, 
    {
        "fit_time": 458, 
        "best_iteration": null, 
        "test_score": 0.7863111547322074, 
        "time": 469, 
        "split_id": 2, 
        "parameters": {
            "penalty": "l1", 
            "C": 36.90557729213758
        }, 
        "num_samples": 744, 
        "score_time": 11, 
        "train_score": 0.8646091978840549, 
        "done_at": 1601323076251, 
        "test_score_gib": 0.7863111547322074
    }, 
    {
        "fit_time": 56, 
        "best_iteration": null, 
        "test_score": 0.8082019863974954, 
        "time": 97, 
        "split_id": 0, 
        "parameters": {
            "penalty": "l1", 
            "C": 1.3049073550362391
        }, 
        "num_samples": 746, 
        "score_time": 41, 
        "train_score": 0.8690345002966855, 
        "done_at": 1601323076650, 
        "test_score_gib": 0.8082019863974954
    }, 
    {
        "fit_time": 35, 
        "best_iteration": null, 
        "test_score": 0.8379709597322682, 
        "time": 48, 
        "split_id": 1, 
        "parameters": {
            "penalty": "l1", 
            "C": 1.3049073550362391
        }, 
        "num_samples": 746, 
        "score_time": 13, 
        "train_score": 0.8520912096295667, 
        "done_at": 1601323076664, 
        "test_score_gib": 0.8379709597322682
    }, 
    {
        "fit_time": 42, 
        "best_iteration": null, 
        "test_score": 0.8112160743739691, 
        "time": 58, 
        "split_id": 2, 
        "parameters": {
            "penalty": "l1", 
            "C": 1.3049073550362391
        }, 
        "num_samples": 744, 
        "score_time": 16, 
        "train_score": 0.8600581615027528, 
        "done_at": 1601323076712, 
        "test_score_gib": 0.8112160743739691
    }, 
    {
        "fit_time": 241, 
        "best_iteration": null, 
        "test_score": 0.8035328727194214, 
        "time": 276, 
        "split_id": 0, 
        "parameters": {
            "penalty": "l1", 
            "C": 14.685885989200846
        }, 
        "num_samples": 746, 
        "score_time": 35, 
        "train_score": 0.8719810121217259, 
        "done_at": 1601323076614, 
        "test_score_gib": 0.8035328727194214
    }, 
    {
        "fit_time": 73, 
        "best_iteration": null, 
        "test_score": 0.8225062074921732, 
        "time": 81, 
        "split_id": 1, 
        "parameters": {
            "penalty": "l1", 
            "C": 14.685885989200846
        }, 
        "num_samples": 746, 
        "score_time": 8, 
        "train_score": 0.8570856997541748, 
        "done_at": 1601323076480, 
        "test_score_gib": 0.8225062074921732
    }, 
    {
        "fit_time": 257, 
        "best_iteration": null, 
        "test_score": 0.7892964735069998, 
        "time": 279, 
        "split_id": 2, 
        "parameters": {
            "penalty": "l1", 
            "C": 14.685885989200846
        }, 
        "num_samples": 744, 
        "score_time": 22, 
        "train_score": 0.8642144823491308, 
        "done_at": 1601323076761, 
        "test_score_gib": 0.7892964735069998
    }, 
    {
        "fit_time": 33, 
        "best_iteration": null, 
        "test_score": 0.8068120479326353, 
        "time": 60, 
        "split_id": 0, 
        "parameters": {
            "penalty": "l1", 
            "C": 1.871450068624066
        }, 
        "num_samples": 746, 
        "score_time": 27, 
        "train_score": 0.8699940662880393, 
        "done_at": 1601323076727, 
        "test_score_gib": 0.8068120479326353
    }, 
    {
        "fit_time": 25, 
        "best_iteration": null, 
        "test_score": 0.8351236100615352, 
        "time": 32, 
        "split_id": 1, 
        "parameters": {
            "penalty": "l1", 
            "C": 1.871450068624066
        }, 
        "num_samples": 746, 
        "score_time": 7, 
        "train_score": 0.8539832160718828, 
        "done_at": 1601323076752, 
        "test_score_gib": 0.8351236100615352
    }, 
    {
        "fit_time": 47, 
        "best_iteration": null, 
        "test_score": 0.8056134898240161, 
        "time": 62, 
        "split_id": 2, 
        "parameters": {
            "penalty": "l1", 
            "C": 1.871450068624066
        }, 
        "num_samples": 744, 
        "score_time": 15, 
        "train_score": 0.8617449800280685, 
        "done_at": 1601323076793, 
        "test_score_gib": 0.8056134898240161
    }, 
    {
        "fit_time": 4, 
        "best_iteration": null, 
        "test_score": 0.812419032710785, 
        "time": 21, 
        "split_id": 0, 
        "parameters": {
            "penalty": "l1", 
            "C": 0.01923730509654649
        }, 
        "num_samples": 746, 
        "score_time": 17, 
        "train_score": 0.8446757650250063, 
        "done_at": 1601323076992, 
        "test_score_gib": 0.812419032710785
    }, 
    {
        "fit_time": 4, 
        "best_iteration": null, 
        "test_score": 0.8441447155349239, 
        "time": 9, 
        "split_id": 1, 
        "parameters": {
            "penalty": "l1", 
            "C": 0.01923730509654649
        }, 
        "num_samples": 746, 
        "score_time": 5, 
        "train_score": 0.8290819699923708, 
        "done_at": 1601323077004, 
        "test_score_gib": 0.8441447155349239
    }, 
    {
        "fit_time": 6, 
        "best_iteration": null, 
        "test_score": 0.8453768453768453, 
        "time": 23, 
        "split_id": 2, 
        "parameters": {
            "penalty": "l1", 
            "C": 0.01923730509654649
        }, 
        "num_samples": 744, 
        "score_time": 17, 
        "train_score": 0.828679963294829, 
        "done_at": 1601323077029, 
        "test_score_gib": 0.8453768453768453
    }, 
    {
        "fit_time": 13, 
        "best_iteration": null, 
        "test_score": 0.8123515599697724, 
        "time": 41, 
        "split_id": 0, 
        "parameters": {
            "penalty": "l1", 
            "C": 0.022310905607443036
        }, 
        "num_samples": 746, 
        "score_time": 28, 
        "train_score": 0.8446520301771637, 
        "done_at": 1601323077081, 
        "test_score_gib": 0.8123515599697724
    }, 
    {
        "fit_time": 5, 
        "best_iteration": null, 
        "test_score": 0.8441447155349239, 
        "time": 26, 
        "split_id": 1, 
        "parameters": {
            "penalty": "l1", 
            "C": 0.022310905607443036
        }, 
        "num_samples": 746, 
        "score_time": 21, 
        "train_score": 0.8290819699923708, 
        "done_at": 1601323077120, 
        "test_score_gib": 0.8441447155349239
    }, 
    {
        "fit_time": 5, 
        "best_iteration": null, 
        "test_score": 0.8453768453768453, 
        "time": 26, 
        "split_id": 2, 
        "parameters": {
            "penalty": "l1", 
            "C": 0.022310905607443036
        }, 
        "num_samples": 744, 
        "score_time": 21, 
        "train_score": 0.828679963294829, 
        "done_at": 1601323077151, 
        "test_score_gib": 0.8453768453768453
    }, 
    {
        "fit_time": 749, 
        "best_iteration": null, 
        "test_score": 0.8021834178991688, 
        "time": 755, 
        "split_id": 0, 
        "parameters": {
            "penalty": "l1", 
            "C": 71.5568216175486
        }, 
        "num_samples": 746, 
        "score_time": 6, 
        "train_score": 0.8724930066966177, 
        "done_at": 1601323076547, 
        "test_score_gib": 0.8021834178991688
    }, 
    {
        "fit_time": 273, 
        "best_iteration": null, 
        "test_score": 0.8173377955306056, 
        "time": 283, 
        "split_id": 1, 
        "parameters": {
            "penalty": "l1", 
            "C": 71.5568216175486
        }, 
        "num_samples": 746, 
        "score_time": 10, 
        "train_score": 0.8572687971518183, 
        "done_at": 1601323076210, 
        "test_score_gib": 0.8173377955306056
    }, 
    {
        "fit_time": 934, 
        "best_iteration": null, 
        "test_score": 0.7852206273258905, 
        "time": 958, 
        "split_id": 2, 
        "parameters": {
            "penalty": "l1", 
            "C": 71.5568216175486
        }, 
        "num_samples": 744, 
        "score_time": 24, 
        "train_score": 0.8647373960919789, 
        "done_at": 1601323077171, 
        "test_score_gib": 0.7852206273258905
    }, 
    {
        "fit_time": 6, 
        "best_iteration": null, 
        "test_score": 0.8123110763251647, 
        "time": 35, 
        "split_id": 0, 
        "parameters": {
            "penalty": "l1", 
            "C": 0.01204685241203032
        }, 
        "num_samples": 746, 
        "score_time": 29, 
        "train_score": 0.8445096210901075, 
        "done_at": 1601323077195, 
        "test_score_gib": 0.8123110763251647
    }, 
    {
        "fit_time": 9, 
        "best_iteration": null, 
        "test_score": 0.8441447155349239, 
        "time": 38, 
        "split_id": 1, 
        "parameters": {
            "penalty": "l1", 
            "C": 0.01204685241203032
        }, 
        "num_samples": 746, 
        "score_time": 29, 
        "train_score": 0.8290819699923708, 
        "done_at": 1601323077221, 
        "test_score_gib": 0.8441447155349239
    }, 
    {
        "fit_time": 6, 
        "best_iteration": null, 
        "test_score": 0.8439659755449229, 
        "time": 29, 
        "split_id": 2, 
        "parameters": {
            "penalty": "l1", 
            "C": 0.01204685241203032
        }, 
        "num_samples": 744, 
        "score_time": 23, 
        "train_score": 0.8281418681852531, 
        "done_at": 1601323077228, 
        "test_score_gib": 0.8439659755449229
    }, 
    {
        "fit_time": 193, 
        "best_iteration": null, 
        "test_score": 0.803343949044586, 
        "time": 225, 
        "split_id": 0, 
        "parameters": {
            "penalty": "l1", 
            "C": 21.40323314098605
        }, 
        "num_samples": 746, 
        "score_time": 32, 
        "train_score": 0.8720081376621175, 
        "done_at": 1601323077448, 
        "test_score_gib": 0.803343949044586
    }, 
    {
        "fit_time": 126, 
        "best_iteration": null, 
        "test_score": 0.8212107308647306, 
        "time": 151, 
        "split_id": 1, 
        "parameters": {
            "penalty": "l1", 
            "C": 21.40323314098605
        }, 
        "num_samples": 746, 
        "score_time": 25, 
        "train_score": 0.8571229973722132, 
        "done_at": 1601323077387, 
        "test_score_gib": 0.8212107308647306
    }, 
    {
        "fit_time": 258, 
        "best_iteration": null, 
        "test_score": 0.7878924194713668, 
        "time": 272, 
        "split_id": 2, 
        "parameters": {
            "penalty": "l1", 
            "C": 21.40323314098605
        }, 
        "num_samples": 744, 
        "score_time": 14, 
        "train_score": 0.8642549659937384, 
        "done_at": 1601323077667, 
        "test_score_gib": 0.7878924194713668
    }, 
    {
        "fit_time": 140, 
        "best_iteration": null, 
        "test_score": 0.8035868509122315, 
        "time": 170, 
        "split_id": 0, 
        "parameters": {
            "penalty": "l1", 
            "C": 12.960656597279723
        }, 
        "num_samples": 746, 
        "score_time": 30, 
        "train_score": 0.8719233703483937, 
        "done_at": 1601323077574, 
        "test_score_gib": 0.8035868509122315
    }, 
    {
        "fit_time": 70, 
        "best_iteration": null, 
        "test_score": 0.8230055057756667, 
        "time": 81, 
        "split_id": 1, 
        "parameters": {
            "penalty": "l1", 
            "C": 12.960656597279723
        }, 
        "num_samples": 746, 
        "score_time": 11, 
        "train_score": 0.8570246672882935, 
        "done_at": 1601323077534, 
        "test_score_gib": 0.8230055057756667
    }, 
    {
        "fit_time": 209, 
        "best_iteration": null, 
        "test_score": 0.7898144740250004, 
        "time": 223, 
        "split_id": 2, 
        "parameters": {
            "penalty": "l1", 
            "C": 12.960656597279723
        }, 
        "num_samples": 744, 
        "score_time": 14, 
        "train_score": 0.8641031523264602, 
        "done_at": 1601323077760, 
        "test_score_gib": 0.7898144740250004
    }, 
    {
        "fit_time": 616, 
        "best_iteration": null, 
        "test_score": 0.8026692216344598, 
        "time": 636, 
        "split_id": 0, 
        "parameters": {
            "penalty": "l1", 
            "C": 50.39489598671208
        }, 
        "num_samples": 746, 
        "score_time": 20, 
        "train_score": 0.8724285835381876, 
        "done_at": 1601323077394, 
        "test_score_gib": 0.8026692216344598
    }, 
    {
        "fit_time": 190, 
        "best_iteration": null, 
        "test_score": 0.8181879520673647, 
        "time": 197, 
        "split_id": 1, 
        "parameters": {
            "penalty": "l1", 
            "C": 50.39489598671208
        }, 
        "num_samples": 746, 
        "score_time": 7, 
        "train_score": 0.8572687971518183, 
        "done_at": 1601323076967, 
        "test_score_gib": 0.8181879520673647
    }, 
    {
        "fit_time": 1074, 
        "best_iteration": null, 
        "test_score": 0.7857249962513121, 
        "time": 1104, 
        "split_id": 2, 
        "parameters": {
            "penalty": "l1", 
            "C": 50.39489598671208
        }, 
        "num_samples": 744, 
        "score_time": 30, 
        "train_score": 0.8646901651732699, 
        "done_at": 1601323077901, 
        "test_score_gib": 0.7857249962513121
    }, 
    {
        "fit_time": 790, 
        "best_iteration": null, 
        "test_score": 0.8031280362733456, 
        "time": 813, 
        "split_id": 0, 
        "parameters": {
            "penalty": "l1", 
            "C": 30.202896401586628
        }, 
        "num_samples": 746, 
        "score_time": 23, 
        "train_score": 0.8721946257523101, 
        "done_at": 1601323078390, 
        "test_score_gib": 0.8031280362733456
    }, 
    {
        "fit_time": 216, 
        "best_iteration": null, 
        "test_score": 0.8196993414660476, 
        "time": 245, 
        "split_id": 1, 
        "parameters": {
            "penalty": "l1", 
            "C": 30.202896401586628
        }, 
        "num_samples": 746, 
        "score_time": 29, 
        "train_score": 0.8571840298380944, 
        "done_at": 1601323077919, 
        "test_score_gib": 0.8196993414660476
    }, 
    {
        "fit_time": 971, 
        "best_iteration": null, 
        "test_score": 0.7868973132131027, 
        "time": 992, 
        "split_id": 2, 
        "parameters": {
            "penalty": "l1", 
            "C": 30.202896401586628
        }, 
        "num_samples": 744, 
        "score_time": 21, 
        "train_score": 0.8645619669653462, 
        "done_at": 1601323078764, 
        "test_score_gib": 0.7868973132131027
    }, 
    {
        "fit_time": 37, 
        "best_iteration": null, 
        "test_score": 0.81052304868833, 
        "time": 48, 
        "split_id": 0, 
        "parameters": {
            "penalty": "l1", 
            "C": 0.701321977994579
        }, 
        "num_samples": 746, 
        "score_time": 11, 
        "train_score": 0.8649215902348054, 
        "done_at": 1601323078850, 
        "test_score_gib": 0.81052304868833
    }, 
    {
        "fit_time": 33, 
        "best_iteration": null, 
        "test_score": 0.8403325056677102, 
        "time": 47, 
        "split_id": 1, 
        "parameters": {
            "penalty": "l1", 
            "C": 0.701321977994579
        }, 
        "num_samples": 746, 
        "score_time": 14, 
        "train_score": 0.8468491989488853, 
        "done_at": 1601323078900, 
        "test_score_gib": 0.8403325056677102
    }, 
    {
        "fit_time": 40, 
        "best_iteration": null, 
        "test_score": 0.8213443476601372, 
        "time": 57, 
        "split_id": 2, 
        "parameters": {
            "penalty": "l1", 
            "C": 0.701321977994579
        }, 
        "num_samples": 744, 
        "score_time": 17, 
        "train_score": 0.8559355770268811, 
        "done_at": 1601323078962, 
        "test_score_gib": 0.8213443476601372
    }, 
    {
        "fit_time": 243, 
        "best_iteration": null, 
        "test_score": 0.8035463672676239, 
        "time": 257, 
        "split_id": 0, 
        "parameters": {
            "penalty": "l1", 
            "C": 15.726578854179495
        }, 
        "num_samples": 746, 
        "score_time": 14, 
        "train_score": 0.8719538865813343, 
        "done_at": 1601323078692, 
        "test_score_gib": 0.8035463672676239
    }, 
    {
        "fit_time": 93, 
        "best_iteration": null, 
        "test_score": 0.8222363165281226, 
        "time": 105, 
        "split_id": 1, 
        "parameters": {
            "penalty": "l1", 
            "C": 15.726578854179495
        }, 
        "num_samples": 746, 
        "score_time": 12, 
        "train_score": 0.8570958718318217, 
        "done_at": 1601323078800, 
        "test_score_gib": 0.8222363165281226
    }, 
    {
        "fit_time": 219, 
        "best_iteration": null, 
        "test_score": 0.78890115732221, 
        "time": 237, 
        "split_id": 2, 
        "parameters": {
            "penalty": "l1", 
            "C": 15.726578854179495
        }, 
        "num_samples": 744, 
        "score_time": 18, 
        "train_score": 0.8642482187196372, 
        "done_at": 1601323079008, 
        "test_score_gib": 0.78890115732221
    }, 
    {
        "fit_time": 142, 
        "best_iteration": null, 
        "test_score": 0.8035733563640289, 
        "time": 167, 
        "split_id": 0, 
        "parameters": {
            "penalty": "l1", 
            "C": 13.24697464746844
        }, 
        "num_samples": 746, 
        "score_time": 25, 
        "train_score": 0.8719199796558447, 
        "done_at": 1601323079141, 
        "test_score_gib": 0.8035733563640289
    }, 
    {
        "fit_time": 118, 
        "best_iteration": null, 
        "test_score": 0.8229515275828565, 
        "time": 127, 
        "split_id": 1, 
        "parameters": {
            "penalty": "l1", 
            "C": 13.24697464746844
        }, 
        "num_samples": 746, 
        "score_time": 9, 
        "train_score": 0.8570246672882935, 
        "done_at": 1601323079154, 
        "test_score_gib": 0.8229515275828565
    }, 
    {
        "fit_time": 306, 
        "best_iteration": null, 
        "test_score": 0.7897326844695266, 
        "time": 314, 
        "split_id": 2, 
        "parameters": {
            "penalty": "l1", 
            "C": 13.24697464746844
        }, 
        "num_samples": 744, 
        "score_time": 8, 
        "train_score": 0.8641368886969665, 
        "done_at": 1601323079352, 
        "test_score_gib": 0.7897326844695266
    }, 
    {
        "fit_time": 1091, 
        "best_iteration": null, 
        "test_score": 0.802061966965346, 
        "time": 1123, 
        "split_id": 0, 
        "parameters": {
            "penalty": "l1", 
            "C": 82.12461922256863
        }, 
        "num_samples": 746, 
        "score_time": 32, 
        "train_score": 0.8725167415444604, 
        "done_at": 1601323079033, 
        "test_score_gib": 0.802061966965346
    }, 
    {
        "fit_time": 503, 
        "best_iteration": null, 
        "test_score": 0.8170139263737449, 
        "time": 511, 
        "split_id": 1, 
        "parameters": {
            "penalty": "l1", 
            "C": 82.12461922256863
        }, 
        "num_samples": 746, 
        "score_time": 8, 
        "train_score": 0.8572993133847587, 
        "done_at": 1601323078432, 
        "test_score_gib": 0.8170139263737449
    }, 
    {
        "fit_time": 1269, 
        "best_iteration": null, 
        "test_score": 0.785002521844627, 
        "time": 1319, 
        "split_id": 2, 
        "parameters": {
            "penalty": "l1", 
            "C": 82.12461922256863
        }, 
        "num_samples": 744, 
        "score_time": 50, 
        "train_score": 0.8647441433660802, 
        "done_at": 1601323079715, 
        "test_score_gib": 0.785002521844627
    }
]