{
    "gridSize": 24, 
    "nThreads": 4, 
    "metric": "ROC_AUC", 
    "gridPoints": [
        {
            "scoreTimeMean": 45.333333333333336, 
            "best_iteration": null, 
            "time": 238, 
            "trainScoreMean": 0.8612738197115262, 
            "finishedAt": 1601323075421, 
            "fitTimeStd": 8.981462390204987, 
            "testScoreStd": 0.01368405438334943, 
            "scoreTimeStd": 5.734883511361751, 
            "parameters": {
                "penalty": "l1", 
                "C": 1.567667719550606
            }, 
            "testScoreMean": 0.8173280570242046, 
            "score": 0.8173280570242046, 
            "trainScoreStd": 0.006771324618584354, 
            "testScoreGibMean": 0.8173280570242046, 
            "fitTimeMean": 34.0
        }, 
        {
            "scoreTimeMean": 25.333333333333332, 
            "best_iteration": null, 
            "time": 208, 
            "trainScoreMean": 0.862807276202154, 
            "finishedAt": 1601323075587, 
            "fitTimeStd": 10.424330514074594, 
            "testScoreStd": 0.013279319954839486, 
            "scoreTimeStd": 6.79869268479038, 
            "parameters": {
                "penalty": "l1", 
                "C": 2.5766385746135883
            }, 
            "testScoreMean": 0.8129629658469975, 
            "score": 0.8129629658469975, 
            "trainScoreStd": 0.006239014109551094, 
            "testScoreGibMean": 0.8129629658469975, 
            "fitTimeMean": 44.0
        }, 
        {
            "scoreTimeMean": 34.666666666666664, 
            "best_iteration": null, 
            "time": 395, 
            "trainScoreMean": 0.8641251966877267, 
            "finishedAt": 1601323075600, 
            "fitTimeStd": 37.15732319027659, 
            "testScoreStd": 0.013436457502885272, 
            "scoreTimeStd": 2.494438257849294, 
            "parameters": {
                "penalty": "l1", 
                "C": 7.2570057215942745
            }, 
            "testScoreMean": 0.8073589389962594, 
            "score": 0.8073589389962594, 
            "trainScoreStd": 0.006069138860222361, 
            "testScoreGibMean": 0.8073589389962594, 
            "fitTimeMean": 97.0
        }, 
        {
            "scoreTimeMean": 24.333333333333332, 
            "best_iteration": null, 
            "time": 129, 
            "trainScoreMean": 0.8520639872943637, 
            "finishedAt": 1601323075655, 
            "fitTimeStd": 7.039570693980958, 
            "testScoreStd": 0.012628318844663, 
            "scoreTimeStd": 4.109609335312651, 
            "parameters": {
                "penalty": "l1", 
                "C": 0.49501595537331916
            }, 
            "testScoreMean": 0.8262460636791917, 
            "score": 0.8262460636791917, 
            "trainScoreStd": 0.0070054374786763, 
            "testScoreGibMean": 0.8262460636791917, 
            "fitTimeMean": 18.666666666666668
        }, 
        {
            "scoreTimeMean": 29.0, 
            "best_iteration": null, 
            "time": 209, 
            "trainScoreMean": 0.8611012012319499, 
            "finishedAt": 1601323075665, 
            "fitTimeStd": 20.725722075613085, 
            "testScoreStd": 0.013723583266878135, 
            "scoreTimeStd": 6.48074069840786, 
            "parameters": {
                "penalty": "l1", 
                "C": 1.5119336467640998
            }, 
            "testScoreMean": 0.8177073823434494, 
            "score": 0.8177073823434494, 
            "trainScoreStd": 0.006777002844411271, 
            "testScoreGibMean": 0.8177073823434494, 
            "fitTimeMean": 40.666666666666664
        }, 
        {
            "scoreTimeMean": 24.0, 
            "best_iteration": null, 
            "time": 274, 
            "trainScoreMean": 0.8635408418022514, 
            "finishedAt": 1601323075772, 
            "fitTimeStd": 20.805982045769646, 
            "testScoreStd": 0.01342192863907357, 
            "scoreTimeStd": 7.0710678118654755, 
            "parameters": {
                "penalty": "l1", 
                "C": 3.833332156156661
            }, 
            "testScoreMean": 0.8103500618448134, 
            "score": 0.8103500618448134, 
            "trainScoreStd": 0.0061023561098001704, 
            "testScoreGibMean": 0.8103500618448134, 
            "fitTimeMean": 67.33333333333333
        }, 
        {
            "scoreTimeMean": 31.666666666666668, 
            "best_iteration": null, 
            "time": 167, 
            "trainScoreMean": 0.853678222692035, 
            "finishedAt": 1601323075786, 
            "fitTimeStd": 5.0990195135927845, 
            "testScoreStd": 0.012622470156248383, 
            "scoreTimeStd": 2.0548046676563256, 
            "parameters": {
                "penalty": "l1", 
                "C": 0.5627932047415165
            }, 
            "testScoreMean": 0.8256121671632365, 
            "score": 0.8256121671632365, 
            "trainScoreStd": 0.0072483766312937915, 
            "testScoreGibMean": 0.8256121671632365, 
            "fitTimeMean": 24.0
        }, 
        {
            "scoreTimeMean": 9.0, 
            "best_iteration": null, 
            "time": 74, 
            "trainScoreMean": 0.8472699831302676, 
            "finishedAt": 1601323076332, 
            "fitTimeStd": 4.027681991198191, 
            "testScoreStd": 0.012123524654381237, 
            "scoreTimeStd": 0.816496580927726, 
            "parameters": {
                "penalty": "l1", 
                "C": 0.34179529120610097
            }, 
            "testScoreMean": 0.8288971312173916, 
            "score": 0.8288971312173916, 
            "trainScoreStd": 0.006497448891899964, 
            "testScoreGibMean": 0.8288971312173916, 
            "fitTimeMean": 15.666666666666666
        }, 
        {
            "scoreTimeMean": 10.0, 
            "best_iteration": null, 
            "time": 1282, 
            "trainScoreMean": 0.8647271463885264, 
            "finishedAt": 1601323076392, 
            "fitTimeStd": 200.4816422740219, 
            "testScoreStd": 0.013429559641864564, 
            "scoreTimeStd": 1.4142135623730951, 
            "parameters": {
                "penalty": "l1", 
                "C": 36.90557729213758
            }, 
            "testScoreMean": 0.8028405381034681, 
            "score": 0.8028405381034681, 
            "trainScoreStd": 0.006168743767980764, 
            "testScoreGibMean": 0.8028405381034681, 
            "fitTimeMean": 417.3333333333333
        }, 
        {
            "scoreTimeMean": 23.333333333333332, 
            "best_iteration": null, 
            "time": 203, 
            "trainScoreMean": 0.8603949247598535, 
            "finishedAt": 1601323076712, 
            "fitTimeStd": 8.73053390247253, 
            "testScoreStd": 0.013383392934222913, 
            "scoreTimeStd": 12.552113589175153, 
            "parameters": {
                "penalty": "l1", 
                "C": 1.3049073550362391
            }, 
            "testScoreMean": 0.8191367518546675, 
            "score": 0.8191367518546675, 
            "trainScoreStd": 0.006924247137703393, 
            "testScoreGibMean": 0.8191367518546675, 
            "fitTimeMean": 44.333333333333336
        }, 
        {
            "scoreTimeMean": 21.666666666666668, 
            "best_iteration": null, 
            "time": 636, 
            "trainScoreMean": 0.86442725488693, 
            "finishedAt": 1601323076761, 
            "fitTimeStd": 83.22392818307858, 
            "testScoreStd": 0.013601565860654322, 
            "scoreTimeStd": 11.025223605694151, 
            "parameters": {
                "penalty": "l1", 
                "C": 14.685885989200846
            }, 
            "testScoreMean": 0.8051259973734605, 
            "score": 0.8051259973734605, 
            "trainScoreStd": 0.006085559899683438, 
            "testScoreGibMean": 0.8051259973734605, 
            "fitTimeMean": 190.33333333333334
        }, 
        {
            "scoreTimeMean": 16.333333333333332, 
            "best_iteration": null, 
            "time": 154, 
            "trainScoreMean": 0.8619075660918537, 
            "finishedAt": 1601323076793, 
            "fitTimeStd": 9.092121131323903, 
            "testScoreStd": 0.013640141762648375, 
            "scoreTimeStd": 8.219218670625303, 
            "parameters": {
                "penalty": "l1", 
                "C": 1.871450068624066
            }, 
            "testScoreMean": 0.815858871776708, 
            "score": 0.815858871776708, 
            "trainScoreStd": 0.006540332633092051, 
            "testScoreGibMean": 0.815858871776708, 
            "fitTimeMean": 35.0
        }, 
        {
            "scoreTimeMean": 13.0, 
            "best_iteration": null, 
            "time": 53, 
            "trainScoreMean": 0.834150788467941, 
            "finishedAt": 1601323077029, 
            "fitTimeStd": 0.9428090415820634, 
            "testScoreStd": 0.015257352383733134, 
            "scoreTimeStd": 5.656854249492381, 
            "parameters": {
                "penalty": "l1", 
                "C": 0.01923730509654649
            }, 
            "testScoreMean": 0.8339700040928764, 
            "score": 0.8339700040928764, 
            "trainScoreStd": 0.007449082781940069, 
            "testScoreGibMean": 0.8339700040928764, 
            "fitTimeMean": 4.666666666666667
        }, 
        {
            "scoreTimeMean": 23.333333333333332, 
            "best_iteration": null, 
            "time": 93, 
            "trainScoreMean": 0.834142869775414, 
            "finishedAt": 1601323077151, 
            "fitTimeStd": 3.7712361663282534, 
            "testScoreStd": 0.015289149193318093, 
            "scoreTimeStd": 3.299831645537222, 
            "parameters": {
                "penalty": "l1", 
                "C": 0.022310905607443036
            }, 
            "testScoreMean": 0.8339474930621092, 
            "score": 0.8339474930621092, 
            "trainScoreStd": 0.007437894287299772, 
            "testScoreGibMean": 0.8339474930621092, 
            "fitTimeMean": 7.666666666666667
        }, 
        {
            "scoreTimeMean": 13.333333333333334, 
            "best_iteration": null, 
            "time": 1996, 
            "trainScoreMean": 0.864833152219752, 
            "finishedAt": 1601323077171, 
            "fitTimeStd": 278.4325172580722, 
            "testScoreStd": 0.01311543965470592, 
            "scoreTimeStd": 7.717224601860151, 
            "parameters": {
                "penalty": "l1", 
                "C": 71.5568216175486
            }, 
            "testScoreMean": 0.8015952468466343, 
            "score": 0.8015952468466343, 
            "trainScoreStd": 0.00621840418678512, 
            "testScoreGibMean": 0.8015952468466343, 
            "fitTimeMean": 652.0
        }, 
        {
            "scoreTimeMean": 27.0, 
            "best_iteration": null, 
            "time": 102, 
            "trainScoreMean": 0.833916313451412, 
            "finishedAt": 1601323077228, 
            "fitTimeStd": 1.4142135623730951, 
            "testScoreStd": 0.014967969244105676, 
            "scoreTimeStd": 2.8284271247461903, 
            "parameters": {
                "penalty": "l1", 
                "C": 0.01204685241203032
            }, 
            "testScoreMean": 0.8334645378054779, 
            "score": 0.8334645378054779, 
            "trainScoreStd": 0.007505440026849925, 
            "testScoreGibMean": 0.8334645378054779, 
            "fitTimeMean": 7.0
        }, 
        {
            "scoreTimeMean": 23.666666666666668, 
            "best_iteration": null, 
            "time": 648, 
            "trainScoreMean": 0.864462218888619, 
            "finishedAt": 1601323077667, 
            "fitTimeStd": 53.890836161839445, 
            "testScoreStd": 0.013611450226339666, 
            "scoreTimeStd": 7.408703590297623, 
            "parameters": {
                "penalty": "l1", 
                "C": 21.40323314098605
            }, 
            "testScoreMean": 0.8041635739262285, 
            "score": 0.8041635739262285, 
            "trainScoreStd": 0.006081311525185712, 
            "testScoreGibMean": 0.8041635739262285, 
            "fitTimeMean": 192.33333333333334
        }, 
        {
            "scoreTimeMean": 18.333333333333332, 
            "best_iteration": null, 
            "time": 474, 
            "trainScoreMean": 0.8643506178031551, 
            "finishedAt": 1601323077760, 
            "fitTimeStd": 56.74700187870918, 
            "testScoreStd": 0.013613412037088256, 
            "scoreTimeStd": 8.339997335464536, 
            "parameters": {
                "penalty": "l1", 
                "C": 12.960656597279723
            }, 
            "testScoreMean": 0.8054829457798625, 
            "score": 0.8054829457798625, 
            "trainScoreStd": 0.006087598336902771, 
            "testScoreGibMean": 0.8054829457798625, 
            "fitTimeMean": 139.66666666666666
        }, 
        {
            "scoreTimeMean": 19.0, 
            "best_iteration": null, 
            "time": 1937, 
            "trainScoreMean": 0.8647959431501151, 
            "finishedAt": 1601323077901, 
            "fitTimeStd": 360.9702973314502, 
            "testScoreStd": 0.01325397517414415, 
            "scoreTimeStd": 9.41629792788369, 
            "parameters": {
                "penalty": "l1", 
                "C": 50.39489598671208
            }, 
            "testScoreMean": 0.8022087874743011, 
            "score": 0.8022087874743011, 
            "trainScoreStd": 0.00619217467119836, 
            "testScoreGibMean": 0.8022087874743011, 
            "fitTimeMean": 626.6666666666666
        }, 
        {
            "scoreTimeMean": 24.333333333333332, 
            "best_iteration": null, 
            "time": 2050, 
            "trainScoreMean": 0.8646469501308852, 
            "finishedAt": 1601323078764, 
            "fitTimeStd": 321.8457187328529, 
            "testScoreStd": 0.013388672115605328, 
            "scoreTimeStd": 3.39934634239519, 
            "parameters": {
                "penalty": "l1", 
                "C": 30.202896401586628
            }, 
            "testScoreMean": 0.80325618283727, 
            "score": 0.80325618283727, 
            "trainScoreStd": 0.0061310838450698265, 
            "testScoreGibMean": 0.80325618283727, 
            "fitTimeMean": 659.0
        }, 
        {
            "scoreTimeMean": 14.0, 
            "best_iteration": null, 
            "time": 152, 
            "trainScoreMean": 0.855902092146258, 
            "finishedAt": 1601323078962, 
            "fitTimeStd": 2.8674417556808756, 
            "testScoreStd": 0.012326199388443069, 
            "scoreTimeStd": 2.449489742783178, 
            "parameters": {
                "penalty": "l1", 
                "C": 0.701321977994579
            }, 
            "testScoreMean": 0.8240690689663454, 
            "score": 0.8240690689663454, 
            "trainScoreStd": 0.007381359635571065, 
            "testScoreGibMean": 0.8240690689663454, 
            "fitTimeMean": 36.666666666666664
        }, 
        {
            "scoreTimeMean": 14.666666666666666, 
            "best_iteration": null, 
            "time": 599, 
            "trainScoreMean": 0.8644328240177213, 
            "finishedAt": 1601323079008, 
            "fitTimeStd": 65.7875368135941, 
            "testScoreStd": 0.013640081764255588, 
            "scoreTimeStd": 2.494438257849294, 
            "parameters": {
                "penalty": "l1", 
                "C": 15.726578854179495
            }, 
            "testScoreMean": 0.8049089191231444, 
            "score": 0.8049089191231444, 
            "trainScoreStd": 0.006069871303392543, 
            "testScoreGibMean": 0.8049089191231444, 
            "fitTimeMean": 185.0
        }, 
        {
            "scoreTimeMean": 14.0, 
            "best_iteration": null, 
            "time": 608, 
            "trainScoreMean": 0.8643607119011048, 
            "finishedAt": 1601323079352, 
            "fitTimeStd": 83.54373438837622, 
            "testScoreStd": 0.013622207666679393, 
            "scoreTimeStd": 7.788880963698615, 
            "parameters": {
                "penalty": "l1", 
                "C": 13.24697464746844
            }, 
            "testScoreMean": 0.8054332203352882, 
            "score": 0.8054332203352882, 
            "trainScoreStd": 0.006085757566825925, 
            "testScoreGibMean": 0.8054332203352882, 
            "fitTimeMean": 188.66666666666666
        }, 
        {
            "scoreTimeMean": 30.0, 
            "best_iteration": null, 
            "time": 2953, 
            "trainScoreMean": 0.8648534971563332, 
            "finishedAt": 1601323079715, 
            "fitTimeStd": 327.30957143895984, 
            "testScoreStd": 0.013074729227172652, 
            "scoreTimeStd": 17.204650534085253, 
            "parameters": {
                "penalty": "l1", 
                "C": 82.12461922256863
            }, 
            "testScoreMean": 0.8013741022734189, 
            "score": 0.8013741022734189, 
            "trainScoreStd": 0.006215746499544855, 
            "testScoreGibMean": 0.8013741022734189, 
            "fitTimeMean": 954.3333333333334
        }
    ], 
    "timeout": null, 
    "startedAt": 1601323075319, 
    "nSplits": 3
}