{
    "usedGridSearch": true, 
    "probaAware": true, 
    "gridSize": 24, 
    "modelInputNRows": 2236, 
    "modelInputNCols": 73, 
    "modelInputMemory": 1305824, 
    "gridCells": [
        {
            "scoreTimeStd": 0.005734883511361751, 
            "scoreTime": 0.04533333333333334, 
            "fitTime": 0.034, 
            "score": 0.8173280570242046, 
            "params": {
                "penalty": "l1", 
                "C": 1.567667719550606
            }, 
            "fitTimeStd": 0.008981462390204987, 
            "scoreStd": 0.01368405438334943
        }, 
        {
            "scoreTimeStd": 0.002494438257849294, 
            "scoreTime": 0.034666666666666665, 
            "fitTime": 0.097, 
            "score": 0.8073589389962594, 
            "params": {
                "penalty": "l1", 
                "C": 7.2570057215942745
            }, 
            "fitTimeStd": 0.03715732319027659, 
            "scoreStd": 0.013436457502885272
        }, 
        {
            "scoreTimeStd": 0.00679869268479038, 
            "scoreTime": 0.025333333333333333, 
            "fitTime": 0.044, 
            "score": 0.8129629658469975, 
            "params": {
                "penalty": "l1", 
                "C": 2.5766385746135883
            }, 
            "fitTimeStd": 0.010424330514074594, 
            "scoreStd": 0.013279319954839486
        }, 
        {
            "scoreTimeStd": 0.006480740698407861, 
            "scoreTime": 0.029, 
            "fitTime": 0.04066666666666666, 
            "score": 0.8177073823434494, 
            "params": {
                "penalty": "l1", 
                "C": 1.5119336467640998
            }, 
            "fitTimeStd": 0.020725722075613084, 
            "scoreStd": 0.013723583266878135
        }, 
        {
            "scoreTimeStd": 0.004109609335312651, 
            "scoreTime": 0.024333333333333332, 
            "fitTime": 0.018666666666666668, 
            "score": 0.8262460636791917, 
            "params": {
                "penalty": "l1", 
                "C": 0.49501595537331916
            }, 
            "fitTimeStd": 0.007039570693980958, 
            "scoreStd": 0.012628318844663
        }, 
        {
            "scoreTimeStd": 0.007071067811865475, 
            "scoreTime": 0.024, 
            "fitTime": 0.06733333333333333, 
            "score": 0.8103500618448134, 
            "params": {
                "penalty": "l1", 
                "C": 3.833332156156661
            }, 
            "fitTimeStd": 0.020805982045769646, 
            "scoreStd": 0.01342192863907357
        }, 
        {
            "scoreTimeStd": 0.0020548046676563255, 
            "scoreTime": 0.03166666666666667, 
            "fitTime": 0.024, 
            "score": 0.8256121671632365, 
            "params": {
                "penalty": "l1", 
                "C": 0.5627932047415165
            }, 
            "fitTimeStd": 0.005099019513592784, 
            "scoreStd": 0.012622470156248383
        }, 
        {
            "scoreTimeStd": 0.0014142135623730952, 
            "scoreTime": 0.01, 
            "fitTime": 0.41733333333333333, 
            "score": 0.8028405381034681, 
            "params": {
                "penalty": "l1", 
                "C": 36.90557729213758
            }, 
            "fitTimeStd": 0.2004816422740219, 
            "scoreStd": 0.013429559641864564
        }, 
        {
            "scoreTimeStd": 0.007717224601860151, 
            "scoreTime": 0.013333333333333334, 
            "fitTime": 0.652, 
            "score": 0.8015952468466343, 
            "params": {
                "penalty": "l1", 
                "C": 71.5568216175486
            }, 
            "fitTimeStd": 0.2784325172580722, 
            "scoreStd": 0.01311543965470592
        }, 
        {
            "scoreTimeStd": 0.0008164965809277261, 
            "scoreTime": 0.009, 
            "fitTime": 0.015666666666666666, 
            "score": 0.8288971312173916, 
            "params": {
                "penalty": "l1", 
                "C": 0.34179529120610097
            }, 
            "fitTimeStd": 0.004027681991198191, 
            "scoreStd": 0.012123524654381237
        }, 
        {
            "scoreTimeStd": 0.011025223605694152, 
            "scoreTime": 0.021666666666666667, 
            "fitTime": 0.19033333333333335, 
            "score": 0.8051259973734605, 
            "params": {
                "penalty": "l1", 
                "C": 14.685885989200846
            }, 
            "fitTimeStd": 0.08322392818307858, 
            "scoreStd": 0.013601565860654322
        }, 
        {
            "scoreTimeStd": 0.012552113589175153, 
            "scoreTime": 0.02333333333333333, 
            "fitTime": 0.044333333333333336, 
            "score": 0.8191367518546675, 
            "params": {
                "penalty": "l1", 
                "C": 1.3049073550362391
            }, 
            "fitTimeStd": 0.00873053390247253, 
            "scoreStd": 0.013383392934222913
        }, 
        {
            "scoreTimeStd": 0.008219218670625302, 
            "scoreTime": 0.01633333333333333, 
            "fitTime": 0.035, 
            "score": 0.815858871776708, 
            "params": {
                "penalty": "l1", 
                "C": 1.871450068624066
            }, 
            "fitTimeStd": 0.009092121131323903, 
            "scoreStd": 0.013640141762648375
        }, 
        {
            "scoreTimeStd": 0.00941629792788369, 
            "scoreTime": 0.019, 
            "fitTime": 0.6266666666666666, 
            "score": 0.8022087874743011, 
            "params": {
                "penalty": "l1", 
                "C": 50.39489598671208
            }, 
            "fitTimeStd": 0.3609702973314502, 
            "scoreStd": 0.01325397517414415
        }, 
        {
            "scoreTimeStd": 0.005656854249492381, 
            "scoreTime": 0.013, 
            "fitTime": 0.004666666666666667, 
            "score": 0.8339700040928764, 
            "params": {
                "penalty": "l1", 
                "C": 0.01923730509654649
            }, 
            "fitTimeStd": 0.0009428090415820634, 
            "scoreStd": 0.015257352383733134
        }, 
        {
            "scoreTimeStd": 0.0032998316455372222, 
            "scoreTime": 0.02333333333333333, 
            "fitTime": 0.007666666666666667, 
            "score": 0.8339474930621092, 
            "params": {
                "penalty": "l1", 
                "C": 0.022310905607443036
            }, 
            "fitTimeStd": 0.0037712361663282535, 
            "scoreStd": 0.015289149193318093
        }, 
        {
            "scoreTimeStd": 0.0028284271247461905, 
            "scoreTime": 0.027, 
            "fitTime": 0.007, 
            "score": 0.8334645378054779, 
            "params": {
                "penalty": "l1", 
                "C": 0.01204685241203032
            }, 
            "fitTimeStd": 0.0014142135623730952, 
            "scoreStd": 0.014967969244105676
        }, 
        {
            "scoreTimeStd": 0.007408703590297623, 
            "scoreTime": 0.02366666666666667, 
            "fitTime": 0.19233333333333336, 
            "score": 0.8041635739262285, 
            "params": {
                "penalty": "l1", 
                "C": 21.40323314098605
            }, 
            "fitTimeStd": 0.05389083616183944, 
            "scoreStd": 0.013611450226339666
        }, 
        {
            "scoreTimeStd": 0.008339997335464536, 
            "scoreTime": 0.018333333333333333, 
            "fitTime": 0.13966666666666666, 
            "score": 0.8054829457798625, 
            "params": {
                "penalty": "l1", 
                "C": 12.960656597279723
            }, 
            "fitTimeStd": 0.05674700187870918, 
            "scoreStd": 0.013613412037088256
        }, 
        {
            "scoreTimeStd": 0.00339934634239519, 
            "scoreTime": 0.024333333333333332, 
            "fitTime": 0.659, 
            "score": 0.80325618283727, 
            "params": {
                "penalty": "l1", 
                "C": 30.202896401586628
            }, 
            "fitTimeStd": 0.3218457187328529, 
            "scoreStd": 0.013388672115605328
        }, 
        {
            "scoreTimeStd": 0.017204650534085254, 
            "scoreTime": 0.03, 
            "fitTime": 0.9543333333333334, 
            "score": 0.8013741022734189, 
            "params": {
                "penalty": "l1", 
                "C": 82.12461922256863
            }, 
            "fitTimeStd": 0.32730957143895983, 
            "scoreStd": 0.013074729227172652
        }, 
        {
            "scoreTimeStd": 0.002494438257849294, 
            "scoreTime": 0.014666666666666666, 
            "fitTime": 0.185, 
            "score": 0.8049089191231444, 
            "params": {
                "penalty": "l1", 
                "C": 15.726578854179495
            }, 
            "fitTimeStd": 0.0657875368135941, 
            "scoreStd": 0.013640081764255588
        }, 
        {
            "scoreTimeStd": 0.002449489742783178, 
            "scoreTime": 0.014, 
            "fitTime": 0.03666666666666667, 
            "score": 0.8240690689663454, 
            "params": {
                "penalty": "l1", 
                "C": 0.701321977994579
            }, 
            "fitTimeStd": 0.0028674417556808756, 
            "scoreStd": 0.012326199388443069
        }, 
        {
            "scoreTimeStd": 0.007788880963698615, 
            "scoreTime": 0.014, 
            "fitTime": 0.18866666666666665, 
            "score": 0.8054332203352882, 
            "params": {
                "penalty": "l1", 
                "C": 13.24697464746844
            }, 
            "fitTimeStd": 0.08354373438837623, 
            "scoreStd": 0.013622207666679393
        }
    ], 
    "lmCoefficients": {
        "interceptStderr": null, 
        "interceptTstat": null, 
        "rescaledInterceptCoef": 8.850260174567767, 
        "rescaledCoefs": [
            -0.2787264968326353, 
            7.077390525669307e-06
        ], 
        "variables": [
            "FICO_Avg", 
            "Interest_Rate"
        ], 
        "interceptCoef": -0.6169674943894022, 
        "interceptPvalue": null, 
        "coefs": [
            -1.576914213429488, 
            0.05544364594040429
        ]
    }, 
    "gridBestScore": 0.8339700040928764, 
    "modelInputIsSparse": false
}