{
    "liftVizData": {
        "folds": [
            [
                {
                    "cum_lift": 0.2372881356, 
                    "cum_size": 0.1004464286
                }, 
                {
                    "cum_lift": 0.4406779661, 
                    "cum_size": 0.2008928571
                }, 
                {
                    "cum_lift": 0.7457627119, 
                    "cum_size": 0.2991071429
                }, 
                {
                    "cum_lift": 1.0, 
                    "cum_size": 0.3995535714
                }, 
                {
                    "cum_lift": 1.0, 
                    "cum_size": 0.5
                }, 
                {
                    "cum_lift": 1.0, 
                    "cum_size": 0.6004464286
                }, 
                {
                    "cum_lift": 1.0, 
                    "cum_size": 0.6986607143
                }, 
                {
                    "cum_lift": 1.0, 
                    "cum_size": 0.7991071429
                }, 
                {
                    "cum_lift": 1.0, 
                    "cum_size": 0.8995535714
                }, 
                {
                    "cum_lift": 1.0, 
                    "cum_size": 1.0
                }
            ], 
            [
                {
                    "cum_lift": 0.2058823529, 
                    "cum_size": 0.1006711409
                }, 
                {
                    "cum_lift": 0.3823529412, 
                    "cum_size": 0.2013422819
                }, 
                {
                    "cum_lift": 0.6470588235, 
                    "cum_size": 0.2997762864
                }, 
                {
                    "cum_lift": 0.8529411765, 
                    "cum_size": 0.3982102908
                }, 
                {
                    "cum_lift": 0.9852941176, 
                    "cum_size": 0.4988814318
                }, 
                {
                    "cum_lift": 0.9852941176, 
                    "cum_size": 0.5995525727
                }, 
                {
                    "cum_lift": 0.9852941176, 
                    "cum_size": 0.7002237136
                }, 
                {
                    "cum_lift": 1.0, 
                    "cum_size": 0.7986577181
                }, 
                {
                    "cum_lift": 1.0, 
                    "cum_size": 0.8993288591
                }, 
                {
                    "cum_lift": 1.0, 
                    "cum_size": 1.0
                }
            ], 
            [
                {
                    "cum_lift": 0.2567567568, 
                    "cum_size": 0.1006711409
                }, 
                {
                    "cum_lift": 0.5135135135, 
                    "cum_size": 0.2013422819
                }, 
                {
                    "cum_lift": 0.7567567568, 
                    "cum_size": 0.2997762864
                }, 
                {
                    "cum_lift": 0.9189189189, 
                    "cum_size": 0.3982102908
                }, 
                {
                    "cum_lift": 0.9864864865, 
                    "cum_size": 0.4988814318
                }, 
                {
                    "cum_lift": 1.0, 
                    "cum_size": 0.5995525727
                }, 
                {
                    "cum_lift": 1.0, 
                    "cum_size": 0.7002237136
                }, 
                {
                    "cum_lift": 1.0, 
                    "cum_size": 0.7986577181
                }, 
                {
                    "cum_lift": 1.0, 
                    "cum_size": 0.8993288591
                }, 
                {
                    "cum_lift": 1.0, 
                    "cum_size": 1.0
                }
            ], 
            [
                {
                    "cum_lift": 0.24, 
                    "cum_size": 0.1006711409
                }, 
                {
                    "cum_lift": 0.52, 
                    "cum_size": 0.1991051454
                }, 
                {
                    "cum_lift": 0.7066666667, 
                    "cum_size": 0.2997762864
                }, 
                {
                    "cum_lift": 0.92, 
                    "cum_size": 0.4004474273
                }, 
                {
                    "cum_lift": 0.96, 
                    "cum_size": 0.4988814318
                }, 
                {
                    "cum_lift": 0.96, 
                    "cum_size": 0.5950782998
                }, 
                {
                    "cum_lift": 0.96, 
                    "cum_size": 0.7002237136
                }, 
                {
                    "cum_lift": 0.9733333333, 
                    "cum_size": 0.7986577181
                }, 
                {
                    "cum_lift": 0.9866666667, 
                    "cum_size": 0.8993288591
                }, 
                {
                    "cum_lift": 1.0, 
                    "cum_size": 1.0
                }
            ], 
            [
                {
                    "cum_lift": 0.2467532468, 
                    "cum_size": 0.0984340045
                }, 
                {
                    "cum_lift": 0.4935064935, 
                    "cum_size": 0.1991051454
                }, 
                {
                    "cum_lift": 0.7012987013, 
                    "cum_size": 0.2997762864
                }, 
                {
                    "cum_lift": 0.9480519481, 
                    "cum_size": 0.4004474273
                }, 
                {
                    "cum_lift": 0.974025974, 
                    "cum_size": 0.4988814318
                }, 
                {
                    "cum_lift": 0.974025974, 
                    "cum_size": 0.5950782998
                }, 
                {
                    "cum_lift": 0.987012987, 
                    "cum_size": 0.7002237136
                }, 
                {
                    "cum_lift": 0.987012987, 
                    "cum_size": 0.7986577181
                }, 
                {
                    "cum_lift": 0.987012987, 
                    "cum_size": 0.8993288591
                }, 
                {
                    "cum_lift": 1.0, 
                    "cum_size": 1.0
                }
            ]
        ], 
        "wizard": {
            "positives": 59, 
            "total": 448
        }, 
        "bins": [
            {
                "cum_lift": 0.2372881356, 
                "bin_pos_prop": 0.3111111111, 
                "bin_min": 0.7664480129, 
                "percentile_idx": 0, 
                "cum_size": 0.1004464286, 
                "bin_lift": 2.3623352166, 
                "bin_max": 0.8077977319
            }, 
            {
                "cum_lift": 0.4406779661, 
                "bin_pos_prop": 0.2666666667, 
                "bin_min": 0.6880385129, 
                "percentile_idx": 1, 
                "cum_size": 0.2008928571, 
                "bin_lift": 2.0248587571, 
                "bin_max": 0.7664480129
            }, 
            {
                "cum_lift": 0.7457627119, 
                "bin_pos_prop": 0.4090909091, 
                "bin_min": 0.6371207958, 
                "percentile_idx": 2, 
                "cum_size": 0.2991071429, 
                "bin_lift": 3.1063174114, 
                "bin_max": 0.6880385129
            }, 
            {
                "cum_lift": 1.0, 
                "bin_pos_prop": 0.3333333333, 
                "bin_min": 0.4901140507, 
                "percentile_idx": 3, 
                "cum_size": 0.3995535714, 
                "bin_lift": 2.5310734463, 
                "bin_max": 0.6371207958
            }, 
            {
                "cum_lift": 1.0, 
                "bin_pos_prop": 0.0, 
                "bin_min": 0.3900828982, 
                "percentile_idx": 4, 
                "cum_size": 0.5, 
                "bin_lift": 0.0, 
                "bin_max": 0.4901140507
            }, 
            {
                "cum_lift": 1.0, 
                "bin_pos_prop": 0.0, 
                "bin_min": 0.293004281, 
                "percentile_idx": 5, 
                "cum_size": 0.6004464286, 
                "bin_lift": 0.0, 
                "bin_max": 0.3900828982
            }, 
            {
                "cum_lift": 1.0, 
                "bin_pos_prop": 0.0, 
                "bin_min": 0.2147707468, 
                "percentile_idx": 6, 
                "cum_size": 0.6986607143, 
                "bin_lift": 0.0, 
                "bin_max": 0.293004281
            }, 
            {
                "cum_lift": 1.0, 
                "bin_pos_prop": 0.0, 
                "bin_min": 0.1522652339, 
                "percentile_idx": 7, 
                "cum_size": 0.7991071429, 
                "bin_lift": 0.0, 
                "bin_max": 0.2147707468
            }, 
            {
                "cum_lift": 1.0, 
                "bin_pos_prop": 0.0, 
                "bin_min": 0.0736028819, 
                "percentile_idx": 8, 
                "cum_size": 0.8995535714, 
                "bin_lift": 0.0, 
                "bin_max": 0.1522652339
            }, 
            {
                "cum_lift": 1.0, 
                "bin_pos_prop": 0.0, 
                "bin_min": 0.0066431066, 
                "percentile_idx": 9, 
                "cum_size": 1.0, 
                "bin_lift": 0.0, 
                "bin_max": 0.0736028819
            }
        ]
    }, 
    "probaAware": true, 
    "usedThreshold": 0.5, 
    "probaPercentiles": [
        0.014974297860501137, 
        0.018172356327288457, 
        0.0226116721380818, 
        0.032486093268557184, 
        0.03355982556370794, 
        0.04074424647085849, 
        0.05269622956344433, 
        0.060363883356454665, 
        0.07293595332033394, 
        0.07360288187448709, 
        0.07382694348938437, 
        0.08765055781253354, 
        0.08811780336906797, 
        0.10565861661018609, 
        0.10867798288782872, 
        0.12709219238169162, 
        0.12744806604777567, 
        0.12890858400564156, 
        0.15189256532530868, 
        0.1522652339384655, 
        0.1537729250232624, 
        0.15476831226459228, 
        0.17990956646013273, 
        0.1806437044636706, 
        0.18121600714140895, 
        0.18186922976295555, 
        0.18428743853881885, 
        0.212979380033376, 
        0.21353351238404097, 
        0.2147707468355714, 
        0.2185362143928578, 
        0.2494899752718816, 
        0.2508788536346783, 
        0.25244534417951625, 
        0.25338724017025827, 
        0.2543343853455057, 
        0.25536761328266183, 
        0.2898678129741011, 
        0.29226148848073996, 
        0.2930042809852101, 
        0.29363764635287, 
        0.32445248780482716, 
        0.33538027023413275, 
        0.33833130058071526, 
        0.34016876736106566, 
        0.384305339280213, 
        0.3854811551913492, 
        0.38662053499998517, 
        0.38781162276791004, 
        0.39008289817847636, 
        0.3940753466291327, 
        0.4329026816549396, 
        0.4351493277216818, 
        0.4370444983072963, 
        0.4388611287997258, 
        0.48443849227267544, 
        0.48615183421530883, 
        0.48803289750239565, 
        0.4892486830811069, 
        0.4901140506540984, 
        0.4917125538600827, 
        0.5359677923656251, 
        0.5386571354669776, 
        0.5408301225464682, 
        0.5438337079175675, 
        0.5877431065908365, 
        0.5899601957576202, 
        0.5917333183002452, 
        0.596141408457634, 
        0.6371207958492854, 
        0.638406078608955, 
        0.6390628988590371, 
        0.640515019608853, 
        0.6418858170068943, 
        0.6425065851057775, 
        0.6453880047478798, 
        0.6838206644509104, 
        0.6850303444377096, 
        0.6859167344440903, 
        0.6880385128731775, 
        0.6888412329572766, 
        0.7267304612996263, 
        0.7274743081301754, 
        0.7280949915194104, 
        0.7292169630486343, 
        0.7300773760727465, 
        0.7305152216047437, 
        0.7331112823442115, 
        0.7599283432181902, 
        0.7664480128947084, 
        0.7675037135401104, 
        0.768396674835633, 
        0.7694641871986111, 
        0.7702620296746381, 
        0.7712459228232795, 
        0.8018788225800279, 
        0.8031743523457149, 
        0.8042647442268335, 
        0.8051382347260772
    ], 
    "rocVizData": [
        [
            {
                "y": 0.0, 
                "x": 0.0, 
                "p": 1.8077977318635423
            }, 
            {
                "y": 0.06779661016949153, 
                "x": 0.010282776349614395, 
                "p": 0.8048342609504182
            }, 
            {
                "y": 0.13559322033898305, 
                "x": 0.02570694087403599, 
                "p": 0.8023711169107083
            }, 
            {
                "y": 0.2033898305084746, 
                "x": 0.043701799485861184, 
                "p": 0.7701075256348618
            }, 
            {
                "y": 0.22033898305084745, 
                "x": 0.07712082262210797, 
                "p": 0.7670630476101035
            }, 
            {
                "y": 0.2711864406779661, 
                "x": 0.08740359897172237, 
                "p": 0.7650294597115301
            }, 
            {
                "y": 0.3220338983050847, 
                "x": 0.10282776349614396, 
                "p": 0.7305336742178188
            }, 
            {
                "y": 0.3898305084745763, 
                "x": 0.11568123393316196, 
                "p": 0.729235705514053
            }, 
            {
                "y": 0.4067796610169492, 
                "x": 0.15424164524421594, 
                "p": 0.726035269811098
            }, 
            {
                "y": 0.4576271186440678, 
                "x": 0.17480719794344474, 
                "p": 0.6859167344440903
            }, 
            {
                "y": 0.5084745762711864, 
                "x": 0.19023136246786632, 
                "p": 0.6837602205470483
            }, 
            {
                "y": 0.559322033898305, 
                "x": 0.20051413881748073, 
                "p": 0.6438976715230991
            }, 
            {
                "y": 0.6101694915254238, 
                "x": 0.20308483290488433, 
                "p": 0.6421642312037132
            }, 
            {
                "y": 0.6610169491525424, 
                "x": 0.2185089974293059, 
                "p": 0.6399721190992731
            }, 
            {
                "y": 0.711864406779661, 
                "x": 0.2236503856041131, 
                "p": 0.6388827977872736
            }, 
            {
                "y": 0.7627118644067796, 
                "x": 0.2390745501285347, 
                "p": 0.636646123087906
            }, 
            {
                "y": 0.8305084745762712, 
                "x": 0.2442159383033419, 
                "p": 0.5917696304052609
            }, 
            {
                "y": 0.8813559322033898, 
                "x": 0.2493573264781491, 
                "p": 0.5896067314212183
            }, 
            {
                "y": 0.9322033898305084, 
                "x": 0.2596401028277635, 
                "p": 0.5457699351778447
            }, 
            {
                "y": 0.9661016949152542, 
                "x": 0.2853470437017995, 
                "p": 0.5377230065786134
            }, 
            {
                "y": 1.0, 
                "x": 0.3161953727506427, 
                "p": 0.4897211320558643
            }, 
            {
                "y": 1.0, 
                "x": 0.38046272493573263, 
                "p": 0.4370046700516292
            }, 
            {
                "y": 1.0, 
                "x": 0.442159383033419, 
                "p": 0.3869409108279342
            }, 
            {
                "y": 1.0, 
                "x": 0.506426735218509, 
                "p": 0.3351934840028897
            }, 
            {
                "y": 1.0, 
                "x": 0.5604113110539846, 
                "p": 0.29099311296654534
            }, 
            {
                "y": 1.0, 
                "x": 0.622107969151671, 
                "p": 0.2504111633099014
            }, 
            {
                "y": 1.0, 
                "x": 0.6760925449871465, 
                "p": 0.21313208929049388
            }, 
            {
                "y": 1.0, 
                "x": 0.7275064267352185, 
                "p": 0.18064209948780488
            }, 
            {
                "y": 1.0, 
                "x": 0.8020565552699229, 
                "p": 0.12787935021990293
            }, 
            {
                "y": 1.0, 
                "x": 0.8534704370179949, 
                "p": 0.087948317162751
            }, 
            {
                "y": 1.0, 
                "x": 0.910025706940874, 
                "p": 0.06024876446657042
            }, 
            {
                "y": 1.0, 
                "x": 1.0, 
                "p": 0.006643106575984956
            }
        ], 
        [
            {
                "y": 0.0, 
                "x": 0.0, 
                "p": 1.903148608599085
            }, 
            {
                "y": 0.04411764705882353, 
                "x": 0.010554089709762533, 
                "p": 0.8239577011860507
            }, 
            {
                "y": 0.08823529411764706, 
                "x": 0.026385224274406333, 
                "p": 0.8164448795172429
            }, 
            {
                "y": 0.1323529411764706, 
                "x": 0.0395778364116095, 
                "p": 0.8064972251717091
            }, 
            {
                "y": 0.17647058823529413, 
                "x": 0.06596306068601583, 
                "p": 0.7793838162684881
            }, 
            {
                "y": 0.22058823529411764, 
                "x": 0.08443271767810026, 
                "p": 0.7687411730594579
            }, 
            {
                "y": 0.27941176470588236, 
                "x": 0.10817941952506596, 
                "p": 0.7439293001906042
            }, 
            {
                "y": 0.29411764705882354, 
                "x": 0.1503957783641161, 
                "p": 0.7290152186556275
            }, 
            {
                "y": 0.35294117647058826, 
                "x": 0.15303430079155672, 
                "p": 0.7248385561159503
            }, 
            {
                "y": 0.4264705882352941, 
                "x": 0.16886543535620052, 
                "p": 0.7023232143343883
            }, 
            {
                "y": 0.4852941176470588, 
                "x": 0.19261213720316622, 
                "p": 0.6906345652186409
            }, 
            {
                "y": 0.5441176470588235, 
                "x": 0.19788918205804748, 
                "p": 0.6869817337090571
            }, 
            {
                "y": 0.6176470588235294, 
                "x": 0.20844327176781002, 
                "p": 0.6786589973747728
            }, 
            {
                "y": 0.6470588235294118, 
                "x": 0.23218997361477572, 
                "p": 0.6445071145269129
            }, 
            {
                "y": 0.6764705882352942, 
                "x": 0.2638522427440633, 
                "p": 0.6356942629769569
            }, 
            {
                "y": 0.7058823529411765, 
                "x": 0.2849604221635884, 
                "p": 0.6110931198589046
            }, 
            {
                "y": 0.7794117647058824, 
                "x": 0.29023746701846964, 
                "p": 0.5914184231990289
            }, 
            {
                "y": 0.8235294117647058, 
                "x": 0.30606860158311344, 
                "p": 0.5803650983129445
            }, 
            {
                "y": 0.8676470588235294, 
                "x": 0.31926121372031663, 
                "p": 0.560650483546601
            }, 
            {
                "y": 0.8970588235294118, 
                "x": 0.3403693931398417, 
                "p": 0.540343399179386
            }, 
            {
                "y": 0.9852941176470589, 
                "x": 0.35092348284960423, 
                "p": 0.5296585731465888
            }, 
            {
                "y": 0.9852941176470589, 
                "x": 0.41952506596306066, 
                "p": 0.44207320844325365
            }, 
            {
                "y": 0.9852941176470589, 
                "x": 0.46965699208443273, 
                "p": 0.3953125402565242
            }, 
            {
                "y": 0.9852941176470589, 
                "x": 0.5303430079155673, 
                "p": 0.3369783307180558
            }, 
            {
                "y": 0.9852941176470589, 
                "x": 0.5804749340369393, 
                "p": 0.2940377446673635
            }, 
            {
                "y": 0.9852941176470589, 
                "x": 0.6543535620052771, 
                "p": 0.2375089133982761
            }, 
            {
                "y": 1.0, 
                "x": 0.7255936675461742, 
                "p": 0.17141328904461217
            }, 
            {
                "y": 1.0, 
                "x": 0.7783641160949868, 
                "p": 0.1382582330912231
            }, 
            {
                "y": 1.0, 
                "x": 0.8284960422163589, 
                "p": 0.08822050439222565
            }, 
            {
                "y": 1.0, 
                "x": 0.8891820580474934, 
                "p": 0.06484609285782231
            }, 
            {
                "y": 1.0, 
                "x": 0.941952506596306, 
                "p": 0.029518487174284885
            }, 
            {
                "y": 1.0, 
                "x": 1.0, 
                "p": 0.0030732166570695777
            }
        ], 
        [
            {
                "y": 0.0, 
                "x": 0.0, 
                "p": 1.8789580045159333
            }, 
            {
                "y": 0.05405405405405406, 
                "x": 0.005361930294906166, 
                "p": 0.8041724542076736
            }, 
            {
                "y": 0.08108108108108109, 
                "x": 0.03753351206434316, 
                "p": 0.7987188697967156
            }, 
            {
                "y": 0.14864864864864866, 
                "x": 0.04289544235924933, 
                "p": 0.7777714144714779
            }, 
            {
                "y": 0.20270270270270271, 
                "x": 0.05361930294906166, 
                "p": 0.7719653190283486
            }, 
            {
                "y": 0.24324324324324326, 
                "x": 0.06970509383378017, 
                "p": 0.7645289303614922
            }, 
            {
                "y": 0.2972972972972973, 
                "x": 0.0777479892761394, 
                "p": 0.733083048172573
            }, 
            {
                "y": 0.33783783783783783, 
                "x": 0.09651474530831099, 
                "p": 0.7275336539285112
            }, 
            {
                "y": 0.3783783783783784, 
                "x": 0.10723860589812333, 
                "p": 0.7264217042160189
            }, 
            {
                "y": 0.43243243243243246, 
                "x": 0.10723860589812333, 
                "p": 0.7258974559977948
            }, 
            {
                "y": 0.47297297297297297, 
                "x": 0.12332439678284182, 
                "p": 0.6998352954805469
            }, 
            {
                "y": 0.5135135135135135, 
                "x": 0.13404825737265416, 
                "p": 0.6870693693294581
            }, 
            {
                "y": 0.5540540540540541, 
                "x": 0.1447721179624665, 
                "p": 0.6841214204407048
            }, 
            {
                "y": 0.6216216216216216, 
                "x": 0.16890080428954424, 
                "p": 0.6483822332112998
            }, 
            {
                "y": 0.6756756756756757, 
                "x": 0.1769436997319035, 
                "p": 0.6419319888967664
            }, 
            {
                "y": 0.7297297297297297, 
                "x": 0.20107238605898123, 
                "p": 0.6346852880091077
            }, 
            {
                "y": 0.7702702702702703, 
                "x": 0.21983914209115282, 
                "p": 0.5935338301142444
            }, 
            {
                "y": 0.8513513513513513, 
                "x": 0.23324396782841822, 
                "p": 0.589153821089037
            }, 
            {
                "y": 0.8918918918918919, 
                "x": 0.2546916890080429, 
                "p": 0.5578236632022608
            }, 
            {
                "y": 0.918918918918919, 
                "x": 0.28150134048257375, 
                "p": 0.5417558627570388
            }, 
            {
                "y": 0.9594594594594594, 
                "x": 0.3136729222520107, 
                "p": 0.5357163823057801
            }, 
            {
                "y": 0.972972972972973, 
                "x": 0.35924932975871315, 
                "p": 0.4877014065324734
            }, 
            {
                "y": 0.9864864864864865, 
                "x": 0.3967828418230563, 
                "p": 0.4506363176799173
            }, 
            {
                "y": 0.9864864864864865, 
                "x": 0.4477211796246649, 
                "p": 0.43628204953866384
            }, 
            {
                "y": 1.0, 
                "x": 0.4879356568364611, 
                "p": 0.38942446636440076
            }, 
            {
                "y": 1.0, 
                "x": 0.5388739946380697, 
                "p": 0.35185313361396203
            }, 
            {
                "y": 1.0, 
                "x": 0.5898123324396782, 
                "p": 0.33787554387340285
            }, 
            {
                "y": 1.0, 
                "x": 0.6487935656836461, 
                "p": 0.2581530059992083
            }, 
            {
                "y": 1.0, 
                "x": 0.6997319034852547, 
                "p": 0.2229489506202956
            }, 
            {
                "y": 1.0, 
                "x": 0.7613941018766756, 
                "p": 0.1640141344712401
            }, 
            {
                "y": 1.0, 
                "x": 0.8284182305630027, 
                "p": 0.112971552193166
            }, 
            {
                "y": 1.0, 
                "x": 0.8793565683646113, 
                "p": 0.07742717155180943
            }, 
            {
                "y": 1.0, 
                "x": 1.0, 
                "p": 0.008968798550518594
            }
        ], 
        [
            {
                "y": 0.0, 
                "x": 0.0, 
                "p": 1.9088826422019347
            }, 
            {
                "y": 0.06666666666666667, 
                "x": 0.008064516129032258, 
                "p": 0.8327881391883364
            }, 
            {
                "y": 0.12, 
                "x": 0.016129032258064516, 
                "p": 0.8200258859541808
            }, 
            {
                "y": 0.14666666666666667, 
                "x": 0.043010752688172046, 
                "p": 0.8017793528172704
            }, 
            {
                "y": 0.2, 
                "x": 0.051075268817204304, 
                "p": 0.7852347722987888
            }, 
            {
                "y": 0.24, 
                "x": 0.06989247311827956, 
                "p": 0.7731178310319102
            }, 
            {
                "y": 0.29333333333333333, 
                "x": 0.08602150537634409, 
                "p": 0.7605405955779582
            }, 
            {
                "y": 0.3466666666666667, 
                "x": 0.08870967741935484, 
                "p": 0.7439594744176283
            }, 
            {
                "y": 0.4, 
                "x": 0.10483870967741936, 
                "p": 0.7327731297999626
            }, 
            {
                "y": 0.4533333333333333, 
                "x": 0.11290322580645161, 
                "p": 0.7292323094934503
            }, 
            {
                "y": 0.5066666666666667, 
                "x": 0.12634408602150538, 
                "p": 0.7088048112060289
            }, 
            {
                "y": 0.5333333333333333, 
                "x": 0.1586021505376344, 
                "p": 0.6922616876592826
            }, 
            {
                "y": 0.5733333333333334, 
                "x": 0.17473118279569894, 
                "p": 0.6867536968045779
            }, 
            {
                "y": 0.6133333333333333, 
                "x": 0.18548387096774194, 
                "p": 0.6634192337364662
            }, 
            {
                "y": 0.6533333333333333, 
                "x": 0.20161290322580644, 
                "p": 0.6447662326769609
            }, 
            {
                "y": 0.7066666666666667, 
                "x": 0.21774193548387097, 
                "p": 0.6359271718573196
            }, 
            {
                "y": 0.7466666666666667, 
                "x": 0.23387096774193547, 
                "p": 0.6016389825324256
            }, 
            {
                "y": 0.7866666666666666, 
                "x": 0.25268817204301075, 
                "p": 0.5867920648593955
            }, 
            {
                "y": 0.84, 
                "x": 0.26344086021505375, 
                "p": 0.5737665851485283
            }, 
            {
                "y": 0.8933333333333333, 
                "x": 0.2768817204301075, 
                "p": 0.5441944274229963
            }, 
            {
                "y": 0.9333333333333333, 
                "x": 0.30376344086021506, 
                "p": 0.5248877748785367
            }, 
            {
                "y": 0.96, 
                "x": 0.33064516129032256, 
                "p": 0.5062121080826217
            }, 
            {
                "y": 0.96, 
                "x": 0.40053763440860213, 
                "p": 0.43929282932628283
            }, 
            {
                "y": 0.96, 
                "x": 0.4596774193548387, 
                "p": 0.39564901056567875
            }, 
            {
                "y": 0.96, 
                "x": 0.510752688172043, 
                "p": 0.35766615531331236
            }, 
            {
                "y": 0.96, 
                "x": 0.5645161290322581, 
                "p": 0.3100018477807988
            }, 
            {
                "y": 0.96, 
                "x": 0.6397849462365591, 
                "p": 0.22789289895777956
            }, 
            {
                "y": 0.96, 
                "x": 0.6908602150537635, 
                "p": 0.19604004004176892
            }, 
            {
                "y": 0.9733333333333334, 
                "x": 0.739247311827957, 
                "p": 0.16646924805627195
            }, 
            {
                "y": 0.9733333333333334, 
                "x": 0.8145161290322581, 
                "p": 0.0865984406585826
            }, 
            {
                "y": 0.9866666666666667, 
                "x": 0.8629032258064516, 
                "p": 0.056990722753150556
            }, 
            {
                "y": 0.9866666666666667, 
                "x": 0.9166666666666666, 
                "p": 0.03863097802934962
            }, 
            {
                "y": 0.9866666666666667, 
                "x": 0.9704301075268817, 
                "p": 0.016700823021902775
            }, 
            {
                "y": 1.0, 
                "x": 1.0, 
                "p": 0.004523839298066141
            }
        ], 
        [
            {
                "y": 0.0, 
                "x": 0.0, 
                "p": 1.909536243962473
            }, 
            {
                "y": 0.05194805194805195, 
                "x": 0.013513513513513514, 
                "p": 0.8131902416721027
            }, 
            {
                "y": 0.1038961038961039, 
                "x": 0.01891891891891892, 
                "p": 0.8121864505138818
            }, 
            {
                "y": 0.14285714285714285, 
                "x": 0.03513513513513514, 
                "p": 0.8042113386066871
            }, 
            {
                "y": 0.18181818181818182, 
                "x": 0.051351351351351354, 
                "p": 0.7767644487887894
            }, 
            {
                "y": 0.24675324675324675, 
                "x": 0.05675675675675676, 
                "p": 0.7742946941086147
            }, 
            {
                "y": 0.2727272727272727, 
                "x": 0.08378378378378379, 
                "p": 0.745148076308414
            }, 
            {
                "y": 0.33766233766233766, 
                "x": 0.0945945945945946, 
                "p": 0.7374847131325318
            }, 
            {
                "y": 0.37662337662337664, 
                "x": 0.12162162162162163, 
                "p": 0.7308553216095025
            }, 
            {
                "y": 0.42857142857142855, 
                "x": 0.12432432432432433, 
                "p": 0.7290236776414442
            }, 
            {
                "y": 0.4805194805194805, 
                "x": 0.13513513513513514, 
                "p": 0.6900982977227569
            }, 
            {
                "y": 0.5714285714285714, 
                "x": 0.14324324324324325, 
                "p": 0.6873566762044871
            }, 
            {
                "y": 0.6103896103896104, 
                "x": 0.16756756756756758, 
                "p": 0.6442134018157084
            }, 
            {
                "y": 0.6363636363636364, 
                "x": 0.20540540540540542, 
                "p": 0.6357423308033114
            }, 
            {
                "y": 0.6883116883116883, 
                "x": 0.21351351351351353, 
                "p": 0.6104402525391852
            }, 
            {
                "y": 0.7272727272727273, 
                "x": 0.22972972972972974, 
                "p": 0.5969357960640987
            }, 
            {
                "y": 0.7792207792207793, 
                "x": 0.24054054054054055, 
                "p": 0.5909359682448885
            }, 
            {
                "y": 0.8441558441558441, 
                "x": 0.25135135135135134, 
                "p": 0.586000095402495
            }, 
            {
                "y": 0.8961038961038961, 
                "x": 0.2648648648648649, 
                "p": 0.5592175327131717
            }, 
            {
                "y": 0.935064935064935, 
                "x": 0.2810810810810811, 
                "p": 0.5384892037592699
            }, 
            {
                "y": 0.974025974025974, 
                "x": 0.327027027027027, 
                "p": 0.4873477650679413
            }, 
            {
                "y": 0.974025974025974, 
                "x": 0.3837837837837838, 
                "p": 0.47704544389185094
            }, 
            {
                "y": 0.974025974025974, 
                "x": 0.43513513513513513, 
                "p": 0.4275463811162139
            }, 
            {
                "y": 0.974025974025974, 
                "x": 0.4864864864864865, 
                "p": 0.37778775543392207
            }, 
            {
                "y": 0.974025974025974, 
                "x": 0.5378378378378378, 
                "p": 0.3354920218166235
            }, 
            {
                "y": 0.987012987012987, 
                "x": 0.5837837837837838, 
                "p": 0.3252589608113788
            }, 
            {
                "y": 0.987012987012987, 
                "x": 0.6432432432432432, 
                "p": 0.25516888642119717
            }, 
            {
                "y": 0.987012987012987, 
                "x": 0.7108108108108108, 
                "p": 0.20306741633752795
            }, 
            {
                "y": 0.987012987012987, 
                "x": 0.7756756756756756, 
                "p": 0.14388506298379589
            }, 
            {
                "y": 0.987012987012987, 
                "x": 0.8594594594594595, 
                "p": 0.07911122101216157
            }, 
            {
                "y": 0.987012987012987, 
                "x": 0.9432432432432433, 
                "p": 0.023805430521870598
            }, 
            {
                "y": 1.0, 
                "x": 1.0, 
                "p": 0.005455455741735968
            }
        ]
    ], 
    "calibrationData": [
        {
            "y": 0, 
            "x": 0, 
            "n": 0
        }, 
        {
            "y": 0.0, 
            "x": 0.05097179745931829, 
            "n": 62.0
        }, 
        {
            "y": 0.0, 
            "x": 0.15168105536285623, 
            "n": 60.0
        }, 
        {
            "y": 0.0, 
            "x": 0.25427121716395357, 
            "n": 66.0
        }, 
        {
            "y": 0.0, 
            "x": 0.36803324227343176, 
            "n": 41.0
        }, 
        {
            "y": 0.0, 
            "x": 0.46755214322623956, 
            "n": 48.0
        }, 
        {
            "y": 0.42424242424242425, 
            "x": 0.5650582732605957, 
            "n": 33.0
        }, 
        {
            "y": 0.3888888888888889, 
            "x": 0.6591844984397023, 
            "n": 54.0
        }, 
        {
            "y": 0.25806451612903225, 
            "x": 0.7471020594054416, 
            "n": 62.0
        }, 
        {
            "y": 0.36363636363636365, 
            "x": 0.8039081939637049, 
            "n": 22.0
        }, 
        {
            "y": 1, 
            "x": 1, 
            "n": 0
        }
    ], 
    "densityData": {
        "0.0": {
            "incorrect": [
                4.929882726609631e-06, 
                1.7494327020363407e-05, 
                5.807581164140758e-05, 
                0.00018037822664559135, 
                0.0005242414699892149, 
                0.0014260106272213227, 
                0.0036313384805661203, 
                0.008659651007965619, 
                0.019346252438655544, 
                0.04051112819598672, 
                0.07956231166169296, 
                0.1466697442675698, 
                0.25404153396129325, 
                0.4139395056541158, 
                0.6354807304427554, 
                0.920916568629878, 
                1.262669641442081, 
                1.6425380898129462, 
                2.0338925239749477, 
                2.406542352296523, 
                2.732791641371947, 
                2.9926934375005776, 
                3.1769542419098156, 
                3.2870690087081185, 
                3.3334076433670763, 
                3.33249771298091, 
                3.3044677684670405, 
                3.270858687673988, 
                3.2523577219581346, 
                3.2659150681979736, 
                3.321239340821908, 
                3.417517465637616, 
                3.5418328037419684, 
                3.670672831971438, 
                3.7749411639642285, 
                3.827333931865653, 
                3.8095925568200255, 
                3.7168697852135537, 
                3.5575808144262453, 
                3.3491042471492123, 
                3.1114104063106196, 
                2.861216992161556, 
                2.608550749490454, 
                2.35631729785574, 
                2.102400898917015, 
                1.8432146431855931, 
                1.5773824700424381, 
                1.3082533766876028, 
                1.0443190732285401, 
                0.7973922946556744, 
                0.5793501317799107, 
                0.398850830315429, 
                0.25932841023358544, 
                0.15884309110930692, 
                0.09148420309563035, 
                0.049473905838366916, 
                0.025096440598971554, 
                0.011932388378042575, 
                0.005314761956497421, 
                0.0022167049393681235, 
                0.0008655116601297692, 
                0.00031629048563057134, 
                0.00010816309772097308, 
                3.460995553177516e-05, 
                1.0361285544402686e-05, 
                2.9019350632204174e-06, 
                7.603270314547712e-07, 
                1.863518743204573e-07, 
                4.272410189264549e-08, 
                9.162323726613385e-09, 
                1.837897416612272e-09, 
                3.448343891913386e-10, 
                6.051530447539212e-11, 
                9.932935856044259e-12, 
                1.5248978683736248e-12, 
                2.189515399357922e-13, 
                2.940310059048406e-14, 
                3.692922477047653e-15, 
                4.337839718875495e-16, 
                4.7653806886417e-17, 
                4.8959529595610385e-18, 
                4.704216997473677e-19, 
                4.227105135420647e-20, 
                3.5522181948079995e-21, 
                2.791595924075394e-22, 
                2.0516223736505868e-23, 
                1.4100353984046592e-24, 
                9.062462889313002e-26, 
                5.44680927172557e-27, 
                3.061357182562581e-28, 
                1.6090075952239875e-29, 
                7.908077572000836e-31, 
                3.634537013712559e-32, 
                1.5620299626465227e-33, 
                6.277526827398716e-35, 
                2.359085774359539e-36, 
                8.289950243159867e-38, 
                2.7240204708296972e-39, 
                8.36982510103643e-41, 
                2.404735966192572e-42
            ], 
            "incorrectMedian": 0.3162397794529517, 
            "correct": [
                0.012692214993991448, 
                0.017785210576472994, 
                0.024557021354571204, 
                0.03341422276388409, 
                0.044809751834892754, 
                0.059230915605847353, 
                0.07718114438090018, 
                0.09915532520502891, 
                0.12560918888172357, 
                0.15692397244869447, 
                0.1933683635959237, 
                0.2350604563721771, 
                0.281932999052467, 
                0.3337054892175277, 
                0.389866583424234, 
                0.4496697935573155, 
                0.5121445452237099, 
                0.5761234396258818, 
                0.6402851085233847, 
                0.7032105438133517, 
                0.763449401843679, 
                0.8195917055001055, 
                0.8703397392179038, 
                0.9145748414368912, 
                0.9514142612118904, 
                0.9802541994265177, 
                1.0007964705918324, 
                1.0130577204892774, 
                1.0173616202858506, 
                1.0143157442865565, 
                1.004775784092484, 
                0.9898002795319393, 
                0.9705991542848577, 
                0.9484791003340511, 
                0.9247883818863686, 
                0.9008630729261788, 
                0.8779762427148154, 
                0.8572912630815472, 
                0.8398202751391903, 
                0.8263889004434589, 
                0.817608433824934, 
                0.8138568961565716, 
                0.8152703316647368, 
                0.8217455068206269, 
                0.832954658024759, 
                0.8483721609377272, 
                0.8673120392687178, 
                0.8889742298597569, 
                0.9124966324346518, 
                0.9370093455244873, 
                0.961687233368108, 
                0.9857971276761589, 
                1.0087365175278582, 
                1.030061431006894, 
                1.0495022312140692, 
                1.0669670908398636, 
                1.0825338433590161, 
                1.0964316444977773, 
                1.1090143757543747, 
                1.1207279928866447, 
                1.132074112640239, 
                1.1435721014740594, 
                1.1557218344339029, 
                1.1689691611524191, 
                1.183675950254425, 
                1.2000963596747423, 
                1.2183606641886229, 
                1.2384675355153598, 
                1.2602851105715691, 
                1.28356052816426, 
                1.3079369239455103, 
                1.3329762299794627, 
                1.358185616061998, 
                1.3830451086784967, 
                1.4070338749355604, 
                1.4296528706046774, 
                1.4504419947980367, 
                1.4689905120733837, 
                1.4849402244761727, 
                1.4979816284377714, 
                1.5078440105542954, 
                1.5142810709770598, 
                1.5170541736299095, 
                1.515915674854913, 
                1.5105949430055847, 
                1.5007896161451117, 
                1.4861643210910427, 
                1.4663584749029879, 
                1.4410039162886867, 
                1.4097520158137586, 
                1.3723086841770242, 
                1.3284744762839014, 
                1.2781859454296558, 
                1.221553712158488, 
                1.158892525264902, 
                1.0907389980228004, 
                1.0178537072652933, 
                0.9412058576309726, 
                0.8619405610138652, 
                0.7813307208247405
            ], 
            "correctMedian": 0.6638479248455296
        }, 
        "1.0": {
            "incorrect": [
                0.7813307208247405, 
                0.8619405610138682, 
                0.9412058576309726, 
                1.0178537072652916, 
                1.0907389980228062, 
                1.1588925252649083, 
                1.2215537121584836, 
                1.278185945429649, 
                1.3284744762838943, 
                1.3723086841770316, 
                1.4097520158137635, 
                1.4410039162886739, 
                1.4663584749029905, 
                1.4861643210910427, 
                1.500789616145109, 
                1.5105949430055927, 
                1.5159156748549103, 
                1.5170541736299041, 
                1.5142810709770598, 
                1.5078440105542767, 
                1.4979816284377714, 
                1.4849402244761647, 
                1.468990512073381, 
                1.450441994798029, 
                1.429652870604675, 
                1.4070338749355455, 
                1.3830451086785016, 
                1.3581856160619932, 
                1.3329762299794627, 
                1.3079369239454917, 
                1.283560528164253, 
                1.2602851105715647, 
                1.2384675355153487, 
                1.2183606641886036, 
                1.2000963596747487, 
                1.1836759502544334, 
                1.168969161152421, 
                1.155721834433907, 
                1.1435721014740694, 
                1.1320741126402432, 
                1.1207279928866447, 
                1.1090143757543707, 
                1.0964316444977773, 
                1.0825338433590277, 
                1.0669670908398523, 
                1.0495022312140616, 
                1.0300614310068996, 
                1.008736517527851, 
                0.9857971276761641, 
                0.9616872333680995, 
                0.937009345524494, 
                0.9124966324346534, 
                0.8889742298597633, 
                0.8673120392687163, 
                0.8483721609377226, 
                0.8329546580247619, 
                0.8217455068206254, 
                0.8152703316647383, 
                0.8138568961565789, 
                0.8176084338249325, 
                0.8263889004434589, 
                0.8398202751391949, 
                0.8572912630815458, 
                0.8779762427148186, 
                0.900863072926174, 
                0.9247883818863686, 
                0.9484791003340546, 
                0.9705991542848559, 
                0.9898002795319427, 
                1.004775784092484, 
                1.0143157442865582, 
                1.0173616202858453, 
                1.0130577204892666, 
                1.0007964705918377, 
                0.9802541994265194, 
                0.9514142612118972, 
                0.9145748414368864, 
                0.870339739217896, 
                0.819591705500107, 
                0.7634494018436804, 
                0.7032105438133524, 
                0.6402851085233836, 
                0.5761234396258812, 
                0.5121445452237103, 
                0.4496697935573171, 
                0.389866583424234, 
                0.3337054892175265, 
                0.2819329990524665, 
                0.23506045637217626, 
                0.19336836359592316, 
                0.15692397244869447, 
                0.12560918888172312, 
                0.09915532520502844, 
                0.07718114438090004, 
                0.059230915605847166, 
                0.04480975183489253, 
                0.03341422276388406, 
                0.024557021354571138, 
                0.017785210576472976, 
                0.012692214993991459
            ], 
            "incorrectMedian": 0.3361520751544704, 
            "correct": [
                2.404735966192572e-42, 
                8.36982510103643e-41, 
                2.7240204708297748e-39, 
                8.289950243159867e-38, 
                2.3590857743595725e-36, 
                6.277526827398895e-35, 
                1.562029962646545e-33, 
                3.634537013712714e-32, 
                7.908077572000948e-31, 
                1.6090075952240332e-29, 
                3.061357182562668e-28, 
                5.446809271725647e-27, 
                9.062462889313259e-26, 
                1.4100353984046792e-24, 
                2.0516223736506597e-23, 
                2.791595924075394e-22, 
                3.5522181948081e-21, 
                4.2271051354207674e-20, 
                4.704216997473743e-19, 
                4.895952959561177e-18, 
                4.765380688641768e-17, 
                4.337839718875618e-16, 
                3.692922477047653e-15, 
                2.940310059048469e-14, 
                2.1895153993579686e-13, 
                1.5248978683736357e-12, 
                9.93293585604447e-12, 
                6.051530447539276e-11, 
                3.4483438919134477e-10, 
                1.8378974166123047e-09, 
                9.162323726613483e-09, 
                4.272410189264625e-08, 
                1.863518743204593e-07, 
                7.60327031454782e-07, 
                2.9019350632204377e-06, 
                1.0361285544402814e-05, 
                3.4609955531775584e-05, 
                0.00010816309772097365, 
                0.0003162904856305747, 
                0.0008655116601297739, 
                0.0022167049393681474, 
                0.00531476195649744, 
                0.011932388378042629, 
                0.02509644059897174, 
                0.04947390583836709, 
                0.09148420309563092, 
                0.15884309110930733, 
                0.2593284102335867, 
                0.3988508303154308, 
                0.5793501317799117, 
                0.7973922946556758, 
                1.044319073228542, 
                1.308253376687605, 
                1.5773824700424408, 
                1.843214643185595, 
                2.1024008989170166, 
                2.3563172978557416, 
                2.6085507494904565, 
                2.861216992161556, 
                3.1114104063106196, 
                3.3491042471492123, 
                3.5575808144262453, 
                3.7168697852135537, 
                3.809592556820019, 
                3.827333931865653, 
                3.7749411639642285, 
                3.6706728319714315, 
                3.5418328037419684, 
                3.4175174656376193, 
                3.321239340821908, 
                3.265915068197971, 
                3.252357721958137, 
                3.270858687673991, 
                3.3044677684670405, 
                3.332497712980907, 
                3.3334076433670763, 
                3.287069008708121, 
                3.1769542419098156, 
                2.992693437500575, 
                2.7327916413719446, 
                2.406542352296521, 
                2.0338925239749477, 
                1.6425380898129405, 
                1.2626696414420788, 
                0.9209165686298773, 
                0.6354807304427523, 
                0.41393950565411486, 
                0.2540415339612918, 
                0.14666974426756918, 
                0.07956231166169225, 
                0.040511128195986484, 
                0.01934625243865549, 
                0.008659651007965534, 
                0.003631338480566101, 
                0.0014260106272213063, 
                0.0005242414699892108, 
                0.0001803782266455907, 
                5.807581164140707e-05, 
                1.7494327020363282e-05, 
                4.929882726609631e-06
            ], 
            "correctMedian": 0.6837602205470483
        }
    }, 
    "globalMetrics": {
        "predictionAvg": [
            0.4029612096516459
        ], 
        "predictionStd": [
            0.4900917666295813
        ], 
        "targetStd": [
            0.36445943276009357
        ], 
        "targetAvg": [
            0.15788290987535952
        ], 
        "testWeight": 447.2
    }, 
    "optimalThreshold": 0.5, 
    "tiMetrics": {
        "liftstd": 0.11900360459855816, 
        "auc": 0.833884560553272, 
        "calibrationLossstd": 0.010719423756473749, 
        "logLossstd": 0.01344323284567893, 
        "aucstd": 0.017398342150512676, 
        "logLoss": 0.5563960771774156, 
        "lift": 2.3219976293508333, 
        "calibrationLoss": 0.27015073820835966
    }, 
    "perCutData": {
        "fp": [
            389, 
            373, 
            357, 
            338, 
            327, 
            321, 
            305, 
            288, 
            267, 
            248, 
            242, 
            222, 
            201, 
            201, 
            185, 
            185, 
            160, 
            160, 
            141, 
            141, 
            112, 
            112, 
            101, 
            101, 
            93, 
            93, 
            75, 
            75, 
            60, 
            60, 
            34, 
            14, 
            14, 
            0, 
            0, 
            0, 
            0, 
            0, 
            0, 
            0
        ], 
        "f1": [
            0.27242756735173257, 
            0.2812768156731573, 
            0.29074466429319357, 
            0.3004761835453264, 
            0.30951032603730677, 
            0.3164477756094313, 
            0.3239287798151328, 
            0.335690128972613, 
            0.34518669786437656, 
            0.35605614706348265, 
            0.36406050461143064, 
            0.3778708755278807, 
            0.3907635620704742, 
            0.39654969094483483, 
            0.41409483225898913, 
            0.42431302073004407, 
            0.4460580197006445, 
            0.4522406284511572, 
            0.48049706566542005, 
            0.4865353865353866, 
            0.5270889861318082, 
            0.5325826041734313, 
            0.5273421222815025, 
            0.5210537569065401, 
            0.4931144731849198, 
            0.4853658866943745, 
            0.45926468208179205, 
            0.4572005726573602, 
            0.4112351568947945, 
            0.39370311869260044, 
            0.31269262706433415, 
            0.2578003878419369, 
            0.19012127887686, 
            0.04365605915993513, 
            0.01038961038961039, 
            0.005263157894736842, 
            0.005263157894736842, 
            0.0, 
            0.0, 
            0.0
        ], 
        "cut": [
            0.0, 
            0.025, 
            0.05, 
            0.07500000000000001, 
            0.1, 
            0.125, 
            0.15000000000000002, 
            0.17500000000000002, 
            0.2, 
            0.225, 
            0.25, 
            0.275, 
            0.30000000000000004, 
            0.325, 
            0.35000000000000003, 
            0.375, 
            0.4, 
            0.42500000000000004, 
            0.45, 
            0.47500000000000003, 
            0.5, 
            0.525, 
            0.55, 
            0.5750000000000001, 
            0.6000000000000001, 
            0.625, 
            0.65, 
            0.675, 
            0.7000000000000001, 
            0.7250000000000001, 
            0.75, 
            0.775, 
            0.8, 
            0.8250000000000001, 
            0.8500000000000001, 
            0.875, 
            0.9, 
            0.925, 
            0.9500000000000001, 
            0.9750000000000001
        ], 
        "recallstd": [
            0.0, 
            0.00644807192915879, 
            0.00644807192915879, 
            0.010632880657852074, 
            0.010632880657852074, 
            0.010632880657852074, 
            0.010632880657852074, 
            0.010632880657852074, 
            0.015537939356733695, 
            0.015537939356733695, 
            0.014618206909208769, 
            0.014618206909208769, 
            0.014618206909208769, 
            0.014618206909208769, 
            0.015421176865261354, 
            0.015421176865261354, 
            0.013409309489709673, 
            0.013409309489709673, 
            0.013409309489709673, 
            0.013409309489709673, 
            0.015463304845143081, 
            0.027335112225081497, 
            0.014123868740220372, 
            0.03085664858772532, 
            0.01717579079381328, 
            0.03657242113756057, 
            0.036313946439679765, 
            0.03075976783697067, 
            0.044207384340782856, 
            0.043737326310562964, 
            0.02258455128463961, 
            0.03575870728544833, 
            0.03153692395885544, 
            0.029790677244050927, 
            0.010666666666666668, 
            0.005333333333333334, 
            0.005333333333333334, 
            0.0, 
            0.0, 
            0.0
        ], 
        "mccstd": [
            0.0, 
            0.00995898367622296, 
            0.008549579192971231, 
            0.005165867955101966, 
            0.010233152341471085, 
            0.012055626873544147, 
            0.010292673253590368, 
            0.010353020169014822, 
            0.0051286998090053675, 
            0.0032777833347112824, 
            0.006488640990419371, 
            0.0055876813336351114, 
            0.010051723249510673, 
            0.004820799086041389, 
            0.008311492157774329, 
            0.0031187277192214653, 
            0.008626387129422777, 
            0.007685447156464425, 
            0.009297350736042691, 
            0.007795701181390941, 
            0.02295197960965679, 
            0.02068687022922807, 
            0.029529622104025474, 
            0.038220778809698076, 
            0.0348917354553584, 
            0.040463474021385705, 
            0.049439709636372856, 
            0.047015658977729406, 
            0.06202776897888682, 
            0.06767443156621365, 
            0.0369432172869287, 
            0.030281586293684125, 
            0.04371211986267751, 
            0.0641406592915218, 
            0.06862483265952042, 
            0.05144038358594949, 
            0.04869848052212339, 
            0.0, 
            0.0, 
            0.0
        ], 
        "recall": [
            1.0, 
            0.9947359307359308, 
            0.9947359307359308, 
            0.9920692640692641, 
            0.9920692640692641, 
            0.9920692640692641, 
            0.9920692640692641, 
            0.9920692640692641, 
            0.9894025974025974, 
            0.9894025974025974, 
            0.9864614209320092, 
            0.9864614209320092, 
            0.9864614209320092, 
            0.9864614209320092, 
            0.9838640183346066, 
            0.9838640183346066, 
            0.9811613156319039, 
            0.9811613156319039, 
            0.9811613156319039, 
            0.9811613156319039, 
            0.9757559102264984, 
            0.9677559102264984, 
            0.8926026751849283, 
            0.8619992849344793, 
            0.7431430239525952, 
            0.7185605147818508, 
            0.5949443318575922, 
            0.5816442265574867, 
            0.4562229994233983, 
            0.41727583529976353, 
            0.27122895359784693, 
            0.19257565340715888, 
            0.12767417438803283, 
            0.02447975553857907, 
            0.005333333333333334, 
            0.002666666666666667, 
            0.002666666666666667, 
            0.0, 
            0.0, 
            0.0
        ], 
        "mcc": [
            0.0, 
            0.0797539696494381, 
            0.11798746940414129, 
            0.1466479838900799, 
            0.16982213585982814, 
            0.18601442237512728, 
            0.20217252582850115, 
            0.22544484676323223, 
            0.24191462288888302, 
            0.2605758052439232, 
            0.27272805058479493, 
            0.2942023324278686, 
            0.3130912339746243, 
            0.32159962300170586, 
            0.34512828457072825, 
            0.3590662815792872, 
            0.38604844030603613, 
            0.39396057467146683, 
            0.4284008698421169, 
            0.43567884515725674, 
            0.48079122985878725, 
            0.48519040465695334, 
            0.46156562418102254, 
            0.4480119881064385, 
            0.3960900131063886, 
            0.3840551849887913, 
            0.34446642586282167, 
            0.34199251590441754, 
            0.2909664566227982, 
            0.27408191953542216, 
            0.21106495902115935, 
            0.1881292184927407, 
            0.1438937165301864, 
            0.04357204199188226, 
            0.014131823333627152, 
            0.005362024352336003, 
            0.01096329765917716, 
            0.0, 
            0.0, 
            0.0
        ], 
        "precision": [
            0.15788290987535952, 
            0.16401718221220093, 
            0.1704988943752895, 
            0.1773136144919269, 
            0.1836286655309601, 
            0.18855652090032315, 
            0.19385581627341983, 
            0.2023203601790522, 
            0.20932391713015014, 
            0.21732705617469072, 
            0.22351190476775828, 
            0.23394753897623338, 
            0.24378486829852744, 
            0.24834798905776134, 
            0.262435769193156, 
            0.2708309156244192, 
            0.2888755519221289, 
            0.2941927384054105, 
            0.31848888715557233, 
            0.32386863065192556, 
            0.3616895787656849, 
            0.36821489010621955, 
            0.37513805533007866, 
            0.3742487640676059, 
            0.370704269221691, 
            0.3684006093758407, 
            0.37611817207655684, 
            0.37904652909725595, 
            0.3769222290055623, 
            0.37541133557800227, 
            0.3716580086580087, 
            0.39743806581015884, 
            0.37766378066378065, 
            0.4257575757575758, 
            0.4, 
            0.4, 
            0.6, 
            1.0, 
            1.0, 
            1.0
        ], 
        "tp": [
            59, 
            59, 
            59, 
            59, 
            59, 
            59, 
            59, 
            59, 
            59, 
            59, 
            59, 
            59, 
            59, 
            59, 
            59, 
            59, 
            59, 
            59, 
            59, 
            59, 
            59, 
            59, 
            53, 
            53, 
            45, 
            45, 
            31, 
            31, 
            24, 
            24, 
            16, 
            8, 
            8, 
            0, 
            0, 
            0, 
            0, 
            0, 
            0, 
            0
        ], 
        "f1std": [
            0.022198462686192, 
            0.022468585413192976, 
            0.02342567209553124, 
            0.023193841160568458, 
            0.023495117729916686, 
            0.025134897503378797, 
            0.024123708667690452, 
            0.02403744513553349, 
            0.0209387358381743, 
            0.01915869218336464, 
            0.021481013802048567, 
            0.01885779584097801, 
            0.01405028792869051, 
            0.01583998610814508, 
            0.015759453640716126, 
            0.020391879741377704, 
            0.015963154784904586, 
            0.019484403479843846, 
            0.018901512315690386, 
            0.020459812693361897, 
            0.026054929599854962, 
            0.025663869568478135, 
            0.03342376900484197, 
            0.035903296246921367, 
            0.036874423552189874, 
            0.03795757436653558, 
            0.05003315541735436, 
            0.04770516998783221, 
            0.057036392975115764, 
            0.06018208303330747, 
            0.032119328985930985, 
            0.038971098456616116, 
            0.043135866766378476, 
            0.0519080536890314, 
            0.02077922077922078, 
            0.010526315789473684, 
            0.010526315789473684, 
            0.0, 
            0.0, 
            0.0
        ], 
        "tn": [
            0, 
            16, 
            32, 
            51, 
            62, 
            68, 
            84, 
            101, 
            122, 
            141, 
            147, 
            167, 
            188, 
            188, 
            204, 
            204, 
            229, 
            229, 
            248, 
            248, 
            277, 
            277, 
            288, 
            288, 
            296, 
            296, 
            314, 
            314, 
            329, 
            329, 
            355, 
            375, 
            375, 
            389, 
            389, 
            389, 
            389, 
            389, 
            389, 
            389
        ], 
        "precisionstd": [
            0.014713122267236083, 
            0.015173291185179528, 
            0.01600524591559547, 
            0.016134392207440958, 
            0.01645395243922034, 
            0.017704295755594686, 
            0.01718856228339392, 
            0.017376972187828355, 
            0.01553073733153432, 
            0.014545885131371894, 
            0.016474984558065293, 
            0.014921666251258212, 
            0.011286313731509233, 
            0.012890459742147054, 
            0.013157110322174172, 
            0.017336402553178972, 
            0.014133523886123264, 
            0.017490176084681477, 
            0.017496136576537678, 
            0.019075356282380263, 
            0.025502381047016326, 
            0.026272655219314156, 
            0.03332316150905727, 
            0.03438875228191725, 
            0.04133986910524915, 
            0.04171619758836982, 
            0.05665748881219554, 
            0.05685227532755016, 
            0.06833365690766141, 
            0.07514448767207715, 
            0.0549127631362301, 
            0.04615986922642488, 
            0.06258619095573172, 
            0.33609052521405497, 
            0.48989794855663565, 
            0.48989794855663565, 
            0.48989794855663565, 
            0.0, 
            0.0, 
            0.0
        ], 
        "accuracystd": [
            0.014713122267236083, 
            0.018648728696492894, 
            0.021122182126719142, 
            0.02086529242569512, 
            0.021188620739603148, 
            0.02338358041540407, 
            0.017363337788809146, 
            0.015527515044064315, 
            0.010576080362833478, 
            0.01154901179783647, 
            0.0177308173329795, 
            0.018928277075096474, 
            0.018855219651026576, 
            0.016442990023263042, 
            0.012884665560609238, 
            0.013244487249602697, 
            0.013842973040722614, 
            0.014568719724527845, 
            0.01175469298753312, 
            0.008958315738944605, 
            0.022570700296376152, 
            0.019733775561521588, 
            0.02236277622790154, 
            0.02014523578773437, 
            0.022129063183138724, 
            0.021397990009334792, 
            0.01786661379004378, 
            0.01645983054286306, 
            0.017548292182349507, 
            0.01753135023162297, 
            0.01032141562529515, 
            0.014868901309667863, 
            0.013393286117092637, 
            0.015385252705717627, 
            0.015882952626398786, 
            0.01602264394776119, 
            0.015277351997071122, 
            0.014713122267236077, 
            0.014713122267236077, 
            0.014713122267236077
        ], 
        "hammingLoss": [
            0.8421170901246405, 
            0.8014171860019175, 
            0.7651915548098435, 
            0.7280740651965484, 
            0.6976599952061362, 
            0.6757420501757749, 
            0.6524918104825824, 
            0.6185043144774689, 
            0.5907847954618088, 
            0.5630632790028763, 
            0.5424876158517098, 
            0.5111876797698945, 
            0.4839155880472995, 
            0.4722824784276127, 
            0.437846556407798, 
            0.41994946468520294, 
            0.38328539469479067, 
            0.37388942154042826, 
            0.3336399408756791, 
            0.3255862496005114, 
            0.2759507829977629, 
            0.2674496644295302, 
            0.25224213007350593, 
            0.24955756631511666, 
            0.241056447746884, 
            0.24016159316075422, 
            0.22092621444550975, 
            0.2177942233940556, 
            0.20616910354745924, 
            0.2030371124960051, 
            0.18784256152125278, 
            0.17353687280281244, 
            0.1699574544582934, 
            0.15967261904761906, 
            0.15922519175455419, 
            0.15967261904761906, 
            0.1587777644614893, 
            0.15788290987535952, 
            0.15788290987535952, 
            0.15788290987535952
        ], 
        "hammingLossstd": [
            0.014713122267236077, 
            0.0186487286964929, 
            0.021122182126719135, 
            0.020865292425695094, 
            0.021188620739603144, 
            0.023383580415404056, 
            0.017363337788809118, 
            0.015527515044064324, 
            0.010576080362833496, 
            0.011549011797836474, 
            0.017730817332979508, 
            0.018928277075096474, 
            0.018855219651026586, 
            0.016442990023263035, 
            0.012884665560609264, 
            0.013244487249602704, 
            0.013842973040722595, 
            0.014568719724527862, 
            0.01175469298753314, 
            0.00895831573894462, 
            0.022570700296376155, 
            0.01973377556152158, 
            0.02236277622790153, 
            0.02014523578773436, 
            0.022129063183138706, 
            0.0213979900093348, 
            0.017866613790043784, 
            0.016459830542863034, 
            0.017548292182349493, 
            0.017531350231622948, 
            0.01032141562529516, 
            0.014868901309667865, 
            0.013393286117092628, 
            0.015385252705717646, 
            0.01588295262639879, 
            0.0160226439477612, 
            0.01527735199707114, 
            0.014713122267236083, 
            0.014713122267236083, 
            0.014713122267236083
        ], 
        "fn": [
            0, 
            0, 
            0, 
            0, 
            0, 
            0, 
            0, 
            0, 
            0, 
            0, 
            0, 
            0, 
            0, 
            0, 
            0, 
            0, 
            0, 
            0, 
            0, 
            0, 
            0, 
            0, 
            6, 
            6, 
            14, 
            14, 
            28, 
            28, 
            35, 
            35, 
            43, 
            51, 
            51, 
            59, 
            59, 
            59, 
            59, 
            59, 
            59, 
            59
        ], 
        "accuracy": [
            0.15788290987535952, 
            0.19858281399808245, 
            0.2348084451901566, 
            0.2719259348034516, 
            0.30234000479386386, 
            0.32425794982422496, 
            0.34750818951741774, 
            0.3814956855225312, 
            0.4092152045381911, 
            0.43693672099712366, 
            0.45751238414829015, 
            0.48881232023010546, 
            0.5160844119527005, 
            0.5277175215723874, 
            0.562153443592202, 
            0.5800505353147971, 
            0.6167146053052093, 
            0.6261105784595717, 
            0.6663600591243208, 
            0.6744137503994886, 
            0.7240492170022372, 
            0.7325503355704697, 
            0.7477578699264941, 
            0.7504424336848834, 
            0.7589435522531159, 
            0.7598384068392458, 
            0.7790737855544903, 
            0.7822057766059443, 
            0.7938308964525407, 
            0.7969628875039949, 
            0.8121574384787472, 
            0.8264631271971876, 
            0.8300425455417066, 
            0.840327380952381, 
            0.8407748082454459, 
            0.840327380952381, 
            0.8412222355385108, 
            0.8421170901246405, 
            0.8421170901246405, 
            0.8421170901246405
        ]
    }
}