{
  "state": "DONE",
  "preSearchDescription": {
    "gridLength": 24,
    "searchStrategy": "RANDOM",
    "importantParams": [
      {
        "name": "penalty",
        "vals": [
          "l1"
        ]
      },
      {
        "name": "C",
        "min": "0.01",
        "max": "100.0"
      }
    ]
  },
  "postSearchDescription": {
    "importantParams": [
      {
        "name": "C",
        "val": "0.019237306"
      },
      {
        "name": "penalty",
        "val": "l1"
      }
    ]
  },
  "resumed": false,
  "timeOrderingEnabled": false,
  "sampleWeightsEnabled": false,
  "modelId": "m1",
  "progress": {
    "top_level_todo": [],
    "stack": [],
    "top_level_done": [
      {
        "name": "Loading source dataset",
        "time": 14
      },
      {
        "name": "Collecting statistics",
        "time": 27
      },
      {
        "name": "Preprocessing input",
        "time": 67
      },
      {
        "name": "Fitting global model",
        "time": 5044
      },
      {
        "name": "Saving model",
        "time": 1
      },
      {
        "name": "Computing global stats",
        "time": 19
      },
      {
        "name": "Fitting folds",
        "time": 5352
      }
    ]
  },
  "startTime": 1601323075193,
  "endTime": 1601323086636,
  "preprocessingTime": 110,
  "trainingTime": 11333,
  "hyperparamsSearchTime": 0
}