{
  "dataSpec": {
    "inputDatasetSmartName": "all_loan_requests_prepared_joined",
    "datasetSelection": {
      "useMemTable": false,
      "filter": {
        "distinct": false,
        "enabled": false
      },
      "partitionSelectionMethod": "ALL",
      "latestPartitionsN": 1,
      "ordering": {
        "enabled": false,
        "rules": []
      },
      "samplingMethod": "HEAD_SEQUENTIAL",
      "maxRecords": 100000,
      "targetRatio": 0.02,
      "withinFirstN": -1,
      "maxReadUncompressedBytes": -1
    },
    "autoRefreshSample": true,
    "refreshTrigger": 0,
    "containerSelection": {
      "containerMode": "INHERIT"
    }
  },
  "rootCard": {
    "type": "worksheet_root",
    "confidenceLevel": 0.95,
    "showConfidenceInterval": false,
    "cards": [
      {
        "type": "correlation_matrix",
        "heatmapParams": {
          "showValues": true,
          "showColors": true,
          "showAbsValues": false,
          "threshold": 0.0
        },
        "metric": "SPEARMAN",
        "columns": [
          {
            "name": "FICO_Avg",
            "type": "CONTINUOUS"
          },
          {
            "name": "Monthly_Income",
            "type": "CONTINUOUS"
          },
          {
            "name": "Interest_Rate",
            "type": "CONTINUOUS"
          },
          {
            "name": "Age",
            "type": "CONTINUOUS"
          },
          {
            "name": "Default",
            "type": "CONTINUOUS"
          }
        ],
        "id": "LDEgUKN"
      },
      {
        "type": "univariate_header",
        "showHistogram": true,
        "showQuantile": true,
        "showFrequencyTable": false,
        "showSummary": true,
        "showBoxPlot": true,
        "xColumns": [
          {
            "name": "Debt_To_Income_Ratio",
            "type": "CONTINUOUS"
          },
          {
            "name": "FICO_Avg",
            "type": "CONTINUOUS"
          }
        ],
        "cards": [
          {
            "type": "column_card",
            "column": {
              "name": "Debt_To_Income_Ratio",
              "type": "CONTINUOUS"
            },
            "cards": [
              {
                "type": "numerical_histogram",
                "showBoxPlot": true,
                "showHistogram": true,
                "binningMode": "AUTO",
                "nbBins": 25,
                "customBinningBoundaries": [],
                "column": {
                  "name": "Debt_To_Income_Ratio",
                  "type": "CONTINUOUS"
                },
                "id": "VbYDrbS"
              },
              {
                "type": "univariate_summary",
                "confidenceLevel": 0.95,
                "showConfidenceInterval": false,
                "compute": {
                  "totalCount": true,
                  "mean": true,
                  "sum": false,
                  "median": true,
                  "std": true,
                  "variance": false,
                  "skewness": false,
                  "kurtosis": false,
                  "sem": false,
                  "completeCount": true,
                  "nbEmpty": true,
                  "zeroCount": false,
                  "zeroRatio": false,
                  "nonZeroRatio": false,
                  "iqr": false,
                  "distinctCount": true,
                  "nbNonEmpty": false,
                  "min": true,
                  "max": true,
                  "range": false,
                  "mode": true
                },
                "column": {
                  "name": "Debt_To_Income_Ratio",
                  "type": "CONTINUOUS"
                },
                "id": "nzZLw0E"
              },
              {
                "type": "quantile_table",
                "confidenceLevel": 0.95,
                "showConfidenceInterval": false,
                "column": {
                  "name": "Debt_To_Income_Ratio",
                  "type": "CONTINUOUS"
                },
                "id": "SdVAF4J"
              }
            ],
            "id": "GlsQksf"
          },
          {
            "type": "column_card",
            "column": {
              "name": "FICO_Avg",
              "type": "CONTINUOUS"
            },
            "cards": [
              {
                "type": "numerical_histogram",
                "showBoxPlot": true,
                "showHistogram": true,
                "binningMode": "AUTO",
                "nbBins": 25,
                "customBinningBoundaries": [],
                "column": {
                  "name": "FICO_Avg",
                  "type": "CONTINUOUS"
                },
                "id": "eZhdQow"
              },
              {
                "type": "univariate_summary",
                "confidenceLevel": 0.95,
                "showConfidenceInterval": false,
                "compute": {
                  "totalCount": true,
                  "mean": true,
                  "sum": false,
                  "median": true,
                  "std": true,
                  "variance": false,
                  "skewness": false,
                  "kurtosis": false,
                  "sem": false,
                  "completeCount": true,
                  "nbEmpty": true,
                  "zeroCount": false,
                  "zeroRatio": false,
                  "nonZeroRatio": false,
                  "iqr": false,
                  "distinctCount": true,
                  "nbNonEmpty": false,
                  "min": true,
                  "max": true,
                  "range": false,
                  "mode": true
                },
                "column": {
                  "name": "FICO_Avg",
                  "type": "CONTINUOUS"
                },
                "id": "DJtxdEm"
              },
              {
                "type": "quantile_table",
                "confidenceLevel": 0.95,
                "showConfidenceInterval": false,
                "column": {
                  "name": "FICO_Avg",
                  "type": "CONTINUOUS"
                },
                "id": "fQ2v4vP"
              }
            ],
            "id": "6bb8VuI"
          }
        ],
        "splitBy": {
          "groupingColumn": {
            "name": "Age",
            "type": "CONTINUOUS"
          },
          "binningMode": "AUTO",
          "maxValues": 5,
          "groupWithOthers": true,
          "customBinningBoundaries": [],
          "groupWithAll": true
        },
        "id": "dGdG0jC"
      }
    ],
    "id": "tCy2ehJ"
  },
  "name": "Worksheet",
  "versionTag": {
    "versionNumber": 4,
    "lastModifiedBy": {
      "login": "admin"
    },
    "lastModifiedOn": 1601322246920
  },
  "creationTag": {
    "versionNumber": 0,
    "lastModifiedBy": {
      "login": "admin"
    },
    "lastModifiedOn": 1601322081454
  },
  "tags": [],
  "customFields": {},
  "checklists": {
    "checklists": []
  }
}