{
    "resolved": {
        "xgboost": {
            "enable_early_stopping": true, 
            "colsample_bytree": 0.6049218744875611, 
            "colsample_bylevel": 0.6991105311080459, 
            "scale_pos_weight": 1.0, 
            "learning_rate": 0.4777489559935735, 
            "missing": null, 
            "max_delta_step": 0.7395507950492876, 
            "nthread": 4, 
            "min_child_weight": 4.866065073932453, 
            "impute_missing": false, 
            "n_estimators": 11, 
            "subsample": 0.5282091663569831, 
            "seed": 1337, 
            "early_stopping_rounds": 4, 
            "base_score": 0.5, 
            "objective": "binary_logistic", 
            "alpha": 0.6805446911927795, 
            "booster": "gbtree", 
            "max_depth": 4, 
            "gamma": 0.18619300588033616, 
            "lambda": 0.5426477829293503
        }, 
        "skipExpensiveReports": false, 
        "algorithm": "XGBOOST_CLASSIFICATION"
    }, 
    "other": {}
}