{
  "trainedWithDSSVersion": "8.0.0",
  "backend": "PY_MEMORY",
  "isValid": true,
  "type": "BINARY_PROBABILISTIC",
  "algorithm_name": "GRADIENT_BOOSTING_CLASSIFIER",
  "columns": [
    "Age",
    "Amount_Requested",
    "Debt_To_Income_Ratio",
    "Employment_Duration",
    "FICO_Avg",
    "Inquiries_in_the_Last_6_Months",
    "Interest_Rate",
    "Loan_Length",
    "Monthly_Income",
    "Open_CREDIT_Lines",
    "Revolving_CREDIT_Balance",
    "dummy:Loan_Purpose:debt_consolidation",
    "dummy:Loan_Purpose:credit_card",
    "dummy:Loan_Purpose:other",
    "dummy:Loan_Purpose:home_improvement",
    "dummy:Loan_Purpose:major_purchase",
    "dummy:Loan_Purpose:small_business",
    "dummy:Loan_Purpose:car",
    "dummy:Loan_Purpose:wedding",
    "dummy:Loan_Purpose:medical",
    "dummy:Loan_Purpose:moving",
    "dummy:Loan_Purpose:vacation",
    "dummy:Loan_Purpose:educational",
    "dummy:Loan_Purpose:house",
    "dummy:Loan_Purpose:renewable_energy",
    "dummy:Loan_Purpose:N/A",
    "dummy:Loan_Purpose:__Others__",
    "dummy:State:CA",
    "dummy:State:NY",
    "dummy:State:TX",
    "dummy:State:FL",
    "dummy:State:IL",
    "dummy:State:PA",
    "dummy:State:GA",
    "dummy:State:NJ",
    "dummy:State:VA",
    "dummy:State:OH",
    "dummy:State:MA",
    "dummy:State:MD",
    "dummy:State:CO",
    "dummy:State:NC",
    "dummy:State:WA",
    "dummy:State:CT",
    "dummy:State:MN",
    "dummy:State:MI",
    "dummy:State:AZ",
    "dummy:State:AL",
    "dummy:State:NV",
    "dummy:State:OR",
    "dummy:State:MO",
    "dummy:State:SC",
    "dummy:State:OK",
    "dummy:State:KY",
    "dummy:State:WI",
    "dummy:State:LA",
    "dummy:State:KS",
    "dummy:State:RI",
    "dummy:State:UT",
    "dummy:State:NH",
    "dummy:State:WV",
    "dummy:State:DC",
    "dummy:State:NM",
    "dummy:State:HI",
    "dummy:State:AK",
    "dummy:State:AR",
    "dummy:State:MT",
    "dummy:State:WY",
    "dummy:State:DE",
    "dummy:State:IN",
    "dummy:State:VT",
    "dummy:State:SD",
    "dummy:State:N/A",
    "dummy:State:__Others__",
    "dummy:Home_Ownership:MORTGAGE",
    "dummy:Home_Ownership:RENT",
    "dummy:Home_Ownership:OWN",
    "dummy:Home_Ownership:N/A",
    "dummy:Home_Ownership:__Others__"
  ],
  "classes": [
    "0.0",
    "1.0"
  ]
}