[
    {
        "fit_time": 156, 
        "best_iteration": 18, 
        "test_score": 0.8625437445319335, 
        "time": 164, 
        "split_id": 0, 
        "parameters": {
            "reg_alpha": 0.2975346065444723, 
            "colsample_bytree": 0.8575946831862098, 
            "colsample_bylevel": 0.7744067519636624, 
            "learning_rate": 0.31795327319875877, 
            "max_delta_step": 0.4236547993389047, 
            "min_child_weight": 2.2297176828171494, 
            "subsample": 0.6363281472900566, 
            "reg_lambda": 0.5283564886587215, 
            "max_depth": 3, 
            "gamma": 0.6027633760716439, 
            "booster": "gbtree"
        }, 
        "num_samples": 598, 
        "score_time": 8, 
        "train_score": 0.9093311614919221, 
        "done_at": 1606485203094, 
        "test_score_gib": 0.8625437445319335
    }, 
    {
        "fit_time": 131, 
        "best_iteration": 13, 
        "test_score": 0.8297431465106486, 
        "time": 138, 
        "split_id": 1, 
        "parameters": {
            "reg_alpha": 0.2975346065444723, 
            "colsample_bytree": 0.8575946831862098, 
            "colsample_bylevel": 0.7744067519636624, 
            "learning_rate": 0.31795327319875877, 
            "max_delta_step": 0.4236547993389047, 
            "min_child_weight": 2.2297176828171494, 
            "subsample": 0.6363281472900566, 
            "reg_lambda": 0.5283564886587215, 
            "max_depth": 3, 
            "gamma": 0.6027633760716439, 
            "booster": "gbtree"
        }, 
        "num_samples": 596, 
        "score_time": 7, 
        "train_score": 0.900814596692077, 
        "done_at": 1606485203070, 
        "test_score_gib": 0.8297431465106486
    }, 
    {
        "fit_time": 137, 
        "best_iteration": 15, 
        "test_score": 0.8392061698025397, 
        "time": 148, 
        "split_id": 2, 
        "parameters": {
            "reg_alpha": 0.2975346065444723, 
            "colsample_bytree": 0.8575946831862098, 
            "colsample_bylevel": 0.7744067519636624, 
            "learning_rate": 0.31795327319875877, 
            "max_delta_step": 0.4236547993389047, 
            "min_child_weight": 2.2297176828171494, 
            "subsample": 0.6363281472900566, 
            "reg_lambda": 0.5283564886587215, 
            "max_depth": 3, 
            "gamma": 0.6027633760716439, 
            "booster": "gbtree"
        }, 
        "num_samples": 596, 
        "score_time": 11, 
        "train_score": 0.8980213006026914, 
        "done_at": 1606485203082, 
        "test_score_gib": 0.8392061698025397
    }, 
    {
        "fit_time": 112, 
        "best_iteration": 12, 
        "test_score": 0.8482939632545932, 
        "time": 119, 
        "split_id": 0, 
        "parameters": {
            "reg_alpha": 0.02021839744032572, 
            "colsample_bytree": 0.9060843643877465, 
            "colsample_bylevel": 0.738832558660675, 
            "learning_rate": 0.25711391844033193, 
            "max_delta_step": 0.8360787635373775, 
            "min_child_weight": 0.8920818486569332, 
            "subsample": 0.8890783754749252, 
            "reg_lambda": 0.916309922773969, 
            "max_depth": 2, 
            "gamma": 0.4799771723750573, 
            "booster": "gbtree"
        }, 
        "num_samples": 598, 
        "score_time": 7, 
        "train_score": 0.8714735279125945, 
        "done_at": 1606485203060, 
        "test_score_gib": 0.8482939632545932
    }, 
    {
        "fit_time": 58, 
        "best_iteration": 3, 
        "test_score": 0.8322363318041798, 
        "time": 67, 
        "split_id": 1, 
        "parameters": {
            "reg_alpha": 0.02021839744032572, 
            "colsample_bytree": 0.9060843643877465, 
            "colsample_bylevel": 0.738832558660675, 
            "learning_rate": 0.25711391844033193, 
            "max_delta_step": 0.8360787635373775, 
            "min_child_weight": 0.8920818486569332, 
            "subsample": 0.8890783754749252, 
            "reg_lambda": 0.916309922773969, 
            "max_depth": 2, 
            "gamma": 0.4799771723750573, 
            "booster": "gbtree"
        }, 
        "num_samples": 596, 
        "score_time": 9, 
        "train_score": 0.8606103971158874, 
        "done_at": 1606485203129, 
        "test_score_gib": 0.8322363318041798
    }, 
    {
        "fit_time": 73, 
        "best_iteration": 5, 
        "test_score": 0.8463422201538019, 
        "time": 81, 
        "split_id": 2, 
        "parameters": {
            "reg_alpha": 0.02021839744032572, 
            "colsample_bytree": 0.9060843643877465, 
            "colsample_bylevel": 0.738832558660675, 
            "learning_rate": 0.25711391844033193, 
            "max_delta_step": 0.8360787635373775, 
            "min_child_weight": 0.8920818486569332, 
            "subsample": 0.8890783754749252, 
            "reg_lambda": 0.916309922773969, 
            "max_depth": 2, 
            "gamma": 0.4799771723750573, 
            "booster": "gbtree"
        }, 
        "num_samples": 596, 
        "score_time": 8, 
        "train_score": 0.8553760629661228, 
        "done_at": 1606485203154, 
        "test_score_gib": 0.8463422201538019
    }, 
    {
        "fit_time": 42, 
        "best_iteration": 0, 
        "test_score": 0.5, 
        "time": 51, 
        "split_id": 0, 
        "parameters": {
            "reg_alpha": 0.6176354970758771, 
            "colsample_bytree": 0.7368002096733287, 
            "colsample_bylevel": 0.5529538035938961, 
            "learning_rate": 0.39476727085158325, 
            "max_delta_step": 0.21655035442437187, 
            "min_child_weight": 0.5845541019635981, 
            "subsample": 0.8084669984373785, 
            "reg_lambda": 0.8060478613612108, 
            "max_depth": 2, 
            "gamma": 0.18633234332675996, 
            "booster": "gbtree"
        }, 
        "num_samples": 598, 
        "score_time": 9, 
        "train_score": 0.5, 
        "done_at": 1606485203208, 
        "test_score_gib": 0.5
    }, 
    {
        "fit_time": 43, 
        "best_iteration": 0, 
        "test_score": 0.490138067061144, 
        "time": 51, 
        "split_id": 1, 
        "parameters": {
            "reg_alpha": 0.6176354970758771, 
            "colsample_bytree": 0.7368002096733287, 
            "colsample_bylevel": 0.5529538035938961, 
            "learning_rate": 0.39476727085158325, 
            "max_delta_step": 0.21655035442437187, 
            "min_child_weight": 0.5845541019635981, 
            "subsample": 0.8084669984373785, 
            "reg_lambda": 0.8060478613612108, 
            "max_depth": 2, 
            "gamma": 0.18633234332675996, 
            "booster": "gbtree"
        }, 
        "num_samples": 596, 
        "score_time": 8, 
        "train_score": 0.5105182045848584, 
        "done_at": 1606485203229, 
        "test_score_gib": 0.490138067061144
    }, 
    {
        "fit_time": 92, 
        "best_iteration": 8, 
        "test_score": 0.8374553996853046, 
        "time": 100, 
        "split_id": 2, 
        "parameters": {
            "reg_alpha": 0.6176354970758771, 
            "colsample_bytree": 0.7368002096733287, 
            "colsample_bylevel": 0.5529538035938961, 
            "learning_rate": 0.39476727085158325, 
            "max_delta_step": 0.21655035442437187, 
            "min_child_weight": 0.5845541019635981, 
            "subsample": 0.8084669984373785, 
            "reg_lambda": 0.8060478613612108, 
            "max_depth": 2, 
            "gamma": 0.18633234332675996, 
            "booster": "gbtree"
        }, 
        "num_samples": 596, 
        "score_time": 8, 
        "train_score": 0.8497702066763905, 
        "done_at": 1606485203285, 
        "test_score_gib": 0.8374553996853046
    }, 
    {
        "fit_time": 80, 
        "best_iteration": 4, 
        "test_score": 0.8518372703412074, 
        "time": 92, 
        "split_id": 0, 
        "parameters": {
            "reg_alpha": 0.5820197920751071, 
            "colsample_bytree": 0.989309171116382, 
            "colsample_bylevel": 0.9350060741234096, 
            "learning_rate": 0.2845917449011728, 
            "max_delta_step": 0.7805291762864555, 
            "min_child_weight": 3.742846946266625, 
            "subsample": 0.8793078121611786, 
            "reg_lambda": 0.7686866147245053, 
            "max_depth": 4, 
            "gamma": 0.7991585642167236, 
            "booster": "gbtree"
        }, 
        "num_samples": 598, 
        "score_time": 12, 
        "train_score": 0.8938900339073201, 
        "done_at": 1606485203176, 
        "test_score_gib": 0.8518372703412074
    }, 
    {
        "fit_time": 72, 
        "best_iteration": 3, 
        "test_score": 0.8326130798040912, 
        "time": 85, 
        "split_id": 1, 
        "parameters": {
            "reg_alpha": 0.5820197920751071, 
            "colsample_bytree": 0.989309171116382, 
            "colsample_bylevel": 0.9350060741234096, 
            "learning_rate": 0.2845917449011728, 
            "max_delta_step": 0.7805291762864555, 
            "min_child_weight": 3.742846946266625, 
            "subsample": 0.8793078121611786, 
            "reg_lambda": 0.7686866147245053, 
            "max_depth": 4, 
            "gamma": 0.7991585642167236, 
            "booster": "gbtree"
        }, 
        "num_samples": 596, 
        "score_time": 13, 
        "train_score": 0.90090541321518, 
        "done_at": 1606485203182, 
        "test_score_gib": 0.8326130798040912
    }, 
    {
        "fit_time": 178, 
        "best_iteration": 13, 
        "test_score": 0.8355162555681138, 
        "time": 188, 
        "split_id": 2, 
        "parameters": {
            "reg_alpha": 0.5820197920751071, 
            "colsample_bytree": 0.989309171116382, 
            "colsample_bylevel": 0.9350060741234096, 
            "learning_rate": 0.2845917449011728, 
            "max_delta_step": 0.7805291762864555, 
            "min_child_weight": 3.742846946266625, 
            "subsample": 0.8793078121611786, 
            "reg_lambda": 0.7686866147245053, 
            "max_depth": 4, 
            "gamma": 0.7991585642167236, 
            "booster": "gbtree"
        }, 
        "num_samples": 596, 
        "score_time": 10, 
        "train_score": 0.9445386245424775, 
        "done_at": 1606485203319, 
        "test_score_gib": 0.8355162555681138
    }, 
    {
        "fit_time": 161, 
        "best_iteration": 12, 
        "test_score": 0.8456583552055994, 
        "time": 192, 
        "split_id": 0, 
        "parameters": {
            "reg_alpha": 0.6531400357979377, 
            "colsample_bytree": 0.8409101495517417, 
            "colsample_bylevel": 0.9718740392573121, 
            "learning_rate": 0.2748127815197366, 
            "max_delta_step": 0.6976311959272649, 
            "min_child_weight": 4.864140804860369, 
            "subsample": 0.6790760834847624, 
            "reg_lambda": 0.5854547925680226, 
            "max_depth": 3, 
            "gamma": 0.359507900573786, 
            "booster": "gbtree"
        }, 
        "num_samples": 598, 
        "score_time": 31, 
        "train_score": 0.8921752764665469, 
        "done_at": 1606485203403, 
        "test_score_gib": 0.8456583552055994
    }, 
    {
        "fit_time": 145, 
        "best_iteration": 9, 
        "test_score": 0.8287680340402899, 
        "time": 156, 
        "split_id": 1, 
        "parameters": {
            "reg_alpha": 0.6531400357979377, 
            "colsample_bytree": 0.8409101495517417, 
            "colsample_bylevel": 0.9718740392573121, 
            "learning_rate": 0.2748127815197366, 
            "max_delta_step": 0.6976311959272649, 
            "min_child_weight": 4.864140804860369, 
            "subsample": 0.6790760834847624, 
            "reg_lambda": 0.5854547925680226, 
            "max_depth": 3, 
            "gamma": 0.359507900573786, 
            "booster": "gbtree"
        }, 
        "num_samples": 596, 
        "score_time": 11, 
        "train_score": 0.9011943748795994, 
        "done_at": 1606485203387, 
        "test_score_gib": 0.8287680340402899
    }, 
    {
        "fit_time": 164, 
        "best_iteration": 5, 
        "test_score": 0.8275269818052878, 
        "time": 180, 
        "split_id": 2, 
        "parameters": {
            "reg_alpha": 0.6531400357979377, 
            "colsample_bytree": 0.8409101495517417, 
            "colsample_bylevel": 0.9718740392573121, 
            "learning_rate": 0.2748127815197366, 
            "max_delta_step": 0.6976311959272649, 
            "min_child_weight": 4.864140804860369, 
            "subsample": 0.6790760834847624, 
            "reg_lambda": 0.5854547925680226, 
            "max_depth": 3, 
            "gamma": 0.359507900573786, 
            "booster": "gbtree"
        }, 
        "num_samples": 596, 
        "score_time": 16, 
        "train_score": 0.8795635302859346, 
        "done_at": 1606485203470, 
        "test_score_gib": 0.8275269818052878
    }, 
    {
        "fit_time": 80, 
        "best_iteration": 0, 
        "test_score": 0.5, 
        "time": 100, 
        "split_id": 0, 
        "parameters": {
            "reg_alpha": 0.778345482025909, 
            "colsample_bytree": 0.7331553864281531, 
            "colsample_bylevel": 0.626645801269891, 
            "learning_rate": 0.16358783345820788, 
            "max_delta_step": 0.11037514116430513, 
            "min_child_weight": 1.9274078393118323, 
            "subsample": 0.8312634334750222, 
            "reg_lambda": 0.9747855267253711, 
            "max_depth": 3, 
            "gamma": 0.24442559200160274, 
            "booster": "gbtree"
        }, 
        "num_samples": 598, 
        "score_time": 20, 
        "train_score": 0.5, 
        "done_at": 1606485203585, 
        "test_score_gib": 0.5
    }, 
    {
        "fit_time": 51, 
        "best_iteration": 0, 
        "test_score": 0.5, 
        "time": 61, 
        "split_id": 1, 
        "parameters": {
            "reg_alpha": 0.778345482025909, 
            "colsample_bytree": 0.7331553864281531, 
            "colsample_bylevel": 0.626645801269891, 
            "learning_rate": 0.16358783345820788, 
            "max_delta_step": 0.11037514116430513, 
            "min_child_weight": 1.9274078393118323, 
            "subsample": 0.8312634334750222, 
            "reg_lambda": 0.9747855267253711, 
            "max_depth": 3, 
            "gamma": 0.24442559200160274, 
            "booster": "gbtree"
        }, 
        "num_samples": 596, 
        "score_time": 10, 
        "train_score": 0.5, 
        "done_at": 1606485203617, 
        "test_score_gib": 0.5
    }, 
    {
        "fit_time": 46, 
        "best_iteration": 0, 
        "test_score": 0.5, 
        "time": 55, 
        "split_id": 2, 
        "parameters": {
            "reg_alpha": 0.778345482025909, 
            "colsample_bytree": 0.7331553864281531, 
            "colsample_bylevel": 0.626645801269891, 
            "learning_rate": 0.16358783345820788, 
            "max_delta_step": 0.11037514116430513, 
            "min_child_weight": 1.9274078393118323, 
            "subsample": 0.8312634334750222, 
            "reg_lambda": 0.9747855267253711, 
            "max_depth": 3, 
            "gamma": 0.24442559200160274, 
            "booster": "gbtree"
        }, 
        "num_samples": 596, 
        "score_time": 9, 
        "train_score": 0.5, 
        "done_at": 1606485203646, 
        "test_score_gib": 0.5
    }, 
    {
        "fit_time": 252, 
        "best_iteration": 10, 
        "test_score": 0.8645122484689414, 
        "time": 273, 
        "split_id": 0, 
        "parameters": {
            "reg_alpha": 0.2088767560948347, 
            "colsample_bytree": 0.8039153343577339, 
            "colsample_bylevel": 0.8753430706092281, 
            "learning_rate": 0.11537017058909389, 
            "max_delta_step": 0.634274057957335, 
            "min_child_weight": 0.9592016483661263, 
            "subsample": 0.8265541627326992, 
            "reg_lambda": 0.5806547589424982, 
            "max_depth": 4, 
            "gamma": 0.3250472290083525, 
            "booster": "gbtree"
        }, 
        "num_samples": 598, 
        "score_time": 21, 
        "train_score": 0.9128216209028654, 
        "done_at": 1606485203595, 
        "test_score_gib": 0.8645122484689414
    }, 
    {
        "fit_time": 278, 
        "best_iteration": 16, 
        "test_score": 0.8280477805110475, 
        "time": 293, 
        "split_id": 1, 
        "parameters": {
            "reg_alpha": 0.2088767560948347, 
            "colsample_bytree": 0.8039153343577339, 
            "colsample_bylevel": 0.8753430706092281, 
            "learning_rate": 0.11537017058909389, 
            "max_delta_step": 0.634274057957335, 
            "min_child_weight": 0.9592016483661263, 
            "subsample": 0.8265541627326992, 
            "reg_lambda": 0.5806547589424982, 
            "max_depth": 4, 
            "gamma": 0.3250472290083525, 
            "booster": "gbtree"
        }, 
        "num_samples": 596, 
        "score_time": 15, 
        "train_score": 0.9364394418911853, 
        "done_at": 1606485203683, 
        "test_score_gib": 0.8280477805110475
    }, 
    {
        "fit_time": 131, 
        "best_iteration": 6, 
        "test_score": 0.8510737317997474, 
        "time": 143, 
        "split_id": 2, 
        "parameters": {
            "reg_alpha": 0.2088767560948347, 
            "colsample_bytree": 0.8039153343577339, 
            "colsample_bylevel": 0.8753430706092281, 
            "learning_rate": 0.11537017058909389, 
            "max_delta_step": 0.634274057957335, 
            "min_child_weight": 0.9592016483661263, 
            "subsample": 0.8265541627326992, 
            "reg_lambda": 0.5806547589424982, 
            "max_depth": 4, 
            "gamma": 0.3250472290083525, 
            "booster": "gbtree"
        }, 
        "num_samples": 596, 
        "score_time": 12, 
        "train_score": 0.9067589509315572, 
        "done_at": 1606485203554, 
        "test_score_gib": 0.8510737317997474
    }, 
    {
        "fit_time": 45, 
        "best_iteration": 0, 
        "test_score": 0.5, 
        "time": 55, 
        "split_id": 0, 
        "parameters": {
            "reg_alpha": 0.21682213762754288, 
            "colsample_bytree": 0.5600982806065844, 
            "colsample_bylevel": 0.6414034812882048, 
            "learning_rate": 0.14749108758169763, 
            "max_delta_step": 0.317983179393976, 
            "min_child_weight": 4.6320595986296516, 
            "subsample": 0.9325512806526925, 
            "reg_lambda": 0.7825944333024377, 
            "max_depth": 5, 
            "gamma": 0.29614019752214493, 
            "booster": "gbtree"
        }, 
        "num_samples": 598, 
        "score_time": 10, 
        "train_score": 0.5, 
        "done_at": 1606485203746, 
        "test_score_gib": 0.5
    }, 
    {
        "fit_time": 42, 
        "best_iteration": 0, 
        "test_score": 0.5, 
        "time": 55, 
        "split_id": 1, 
        "parameters": {
            "reg_alpha": 0.21682213762754288, 
            "colsample_bytree": 0.5600982806065844, 
            "colsample_bylevel": 0.6414034812882048, 
            "learning_rate": 0.14749108758169763, 
            "max_delta_step": 0.317983179393976, 
            "min_child_weight": 4.6320595986296516, 
            "subsample": 0.9325512806526925, 
            "reg_lambda": 0.7825944333024377, 
            "max_depth": 5, 
            "gamma": 0.29614019752214493, 
            "booster": "gbtree"
        }, 
        "num_samples": 596, 
        "score_time": 13, 
        "train_score": 0.5, 
        "done_at": 1606485203752, 
        "test_score_gib": 0.5
    }, 
    {
        "fit_time": 43, 
        "best_iteration": 0, 
        "test_score": 0.5, 
        "time": 56, 
        "split_id": 2, 
        "parameters": {
            "reg_alpha": 0.21682213762754288, 
            "colsample_bytree": 0.5600982806065844, 
            "colsample_bylevel": 0.6414034812882048, 
            "learning_rate": 0.14749108758169763, 
            "max_delta_step": 0.317983179393976, 
            "min_child_weight": 4.6320595986296516, 
            "subsample": 0.9325512806526925, 
            "reg_lambda": 0.7825944333024377, 
            "max_depth": 5, 
            "gamma": 0.29614019752214493, 
            "booster": "gbtree"
        }, 
        "num_samples": 596, 
        "score_time": 13, 
        "train_score": 0.5, 
        "done_at": 1606485203789, 
        "test_score_gib": 0.5
    }, 
    {
        "fit_time": 76, 
        "best_iteration": 4, 
        "test_score": 0.8548556430446194, 
        "time": 96, 
        "split_id": 0, 
        "parameters": {
            "reg_alpha": 0.604845519745046, 
            "colsample_bytree": 0.8114230477733347, 
            "colsample_bylevel": 0.5067858178060549, 
            "learning_rate": 0.48877800099986635, 
            "max_delta_step": 0.878193471347177, 
            "min_child_weight": 4.895424896856517, 
            "subsample": 0.5195938961271603, 
            "reg_lambda": 0.8696317896991508, 
            "max_depth": 4, 
            "gamma": 0.6736596308357894, 
            "booster": "gbtree"
        }, 
        "num_samples": 598, 
        "score_time": 20, 
        "train_score": 0.8629329831793099, 
        "done_at": 1606485203694, 
        "test_score_gib": 0.8548556430446194
    }, 
    {
        "fit_time": 100, 
        "best_iteration": 7, 
        "test_score": 0.8272832036876981, 
        "time": 111, 
        "split_id": 1, 
        "parameters": {
            "reg_alpha": 0.604845519745046, 
            "colsample_bytree": 0.8114230477733347, 
            "colsample_bylevel": 0.5067858178060549, 
            "learning_rate": 0.48877800099986635, 
            "max_delta_step": 0.878193471347177, 
            "min_child_weight": 4.895424896856517, 
            "subsample": 0.5195938961271603, 
            "reg_lambda": 0.8696317896991508, 
            "max_depth": 4, 
            "gamma": 0.6736596308357894, 
            "booster": "gbtree"
        }, 
        "num_samples": 596, 
        "score_time": 11, 
        "train_score": 0.9024272779811211, 
        "done_at": 1606485203730, 
        "test_score_gib": 0.8272832036876981
    }, 
    {
        "fit_time": 129, 
        "best_iteration": 9, 
        "test_score": 0.8532898965051082, 
        "time": 156, 
        "split_id": 2, 
        "parameters": {
            "reg_alpha": 0.604845519745046, 
            "colsample_bytree": 0.8114230477733347, 
            "colsample_bylevel": 0.5067858178060549, 
            "learning_rate": 0.48877800099986635, 
            "max_delta_step": 0.878193471347177, 
            "min_child_weight": 4.895424896856517, 
            "subsample": 0.5195938961271603, 
            "reg_lambda": 0.8696317896991508, 
            "max_depth": 4, 
            "gamma": 0.6736596308357894, 
            "booster": "gbtree"
        }, 
        "num_samples": 596, 
        "score_time": 27, 
        "train_score": 0.8953848694168478, 
        "done_at": 1606485203809, 
        "test_score_gib": 0.8532898965051082
    }, 
    {
        "fit_time": 48, 
        "best_iteration": 0, 
        "test_score": 0.5, 
        "time": 81, 
        "split_id": 0, 
        "parameters": {
            "reg_alpha": 0.13179786240439217, 
            "colsample_bytree": 0.9583614770097304, 
            "colsample_bylevel": 0.7544844803335072, 
            "learning_rate": 0.13324499705224097, 
            "max_delta_step": 0.27771856128103245, 
            "min_child_weight": 3.503346709836568, 
            "subsample": 0.6447030464736005, 
            "reg_lambda": 0.8581636020592828, 
            "max_depth": 2, 
            "gamma": 0.9211576102371998, 
            "booster": "gbtree"
        }, 
        "num_samples": 598, 
        "score_time": 33, 
        "train_score": 0.5, 
        "done_at": 1606485203828, 
        "test_score_gib": 0.5
    }, 
    {
        "fit_time": 48, 
        "best_iteration": 0, 
        "test_score": 0.5, 
        "time": 71, 
        "split_id": 1, 
        "parameters": {
            "reg_alpha": 0.13179786240439217, 
            "colsample_bytree": 0.9583614770097304, 
            "colsample_bylevel": 0.7544844803335072, 
            "learning_rate": 0.13324499705224097, 
            "max_delta_step": 0.27771856128103245, 
            "min_child_weight": 3.503346709836568, 
            "subsample": 0.6447030464736005, 
            "reg_lambda": 0.8581636020592828, 
            "max_depth": 2, 
            "gamma": 0.9211576102371998, 
            "booster": "gbtree"
        }, 
        "num_samples": 596, 
        "score_time": 23, 
        "train_score": 0.5, 
        "done_at": 1606485203826, 
        "test_score_gib": 0.5
    }, 
    {
        "fit_time": 54, 
        "best_iteration": 0, 
        "test_score": 0.5, 
        "time": 65, 
        "split_id": 2, 
        "parameters": {
            "reg_alpha": 0.13179786240439217, 
            "colsample_bytree": 0.9583614770097304, 
            "colsample_bylevel": 0.7544844803335072, 
            "learning_rate": 0.13324499705224097, 
            "max_delta_step": 0.27771856128103245, 
            "min_child_weight": 3.503346709836568, 
            "subsample": 0.6447030464736005, 
            "reg_lambda": 0.8581636020592828, 
            "max_depth": 2, 
            "gamma": 0.9211576102371998, 
            "booster": "gbtree"
        }, 
        "num_samples": 596, 
        "score_time": 11, 
        "train_score": 0.5, 
        "done_at": 1606485203864, 
        "test_score_gib": 0.5
    }, 
    {
        "fit_time": 55, 
        "best_iteration": 0, 
        "test_score": 0.5, 
        "time": 72, 
        "split_id": 0, 
        "parameters": {
            "reg_alpha": 0.7037372792899163, 
            "colsample_bytree": 0.7932564674050415, 
            "colsample_bylevel": 0.5915956810035584, 
            "learning_rate": 0.43157601168694526, 
            "max_delta_step": 0.004695476192547066, 
            "min_child_weight": 3.06328282665488, 
            "subsample": 0.716644030991022, 
            "reg_lambda": 0.6442382185242643, 
            "max_depth": 3, 
            "gamma": 0.020107546187493552, 
            "booster": "gbtree"
        }, 
        "num_samples": 598, 
        "score_time": 17, 
        "train_score": 0.5, 
        "done_at": 1606485203892, 
        "test_score_gib": 0.5
    }, 
    {
        "fit_time": 44, 
        "best_iteration": 0, 
        "test_score": 0.5, 
        "time": 64, 
        "split_id": 1, 
        "parameters": {
            "reg_alpha": 0.7037372792899163, 
            "colsample_bytree": 0.7932564674050415, 
            "colsample_bylevel": 0.5915956810035584, 
            "learning_rate": 0.43157601168694526, 
            "max_delta_step": 0.004695476192547066, 
            "min_child_weight": 3.06328282665488, 
            "subsample": 0.716644030991022, 
            "reg_lambda": 0.6442382185242643, 
            "max_depth": 3, 
            "gamma": 0.020107546187493552, 
            "booster": "gbtree"
        }, 
        "num_samples": 596, 
        "score_time": 20, 
        "train_score": 0.5, 
        "done_at": 1606485203898, 
        "test_score_gib": 0.5
    }, 
    {
        "fit_time": 45, 
        "best_iteration": 0, 
        "test_score": 0.5, 
        "time": 71, 
        "split_id": 2, 
        "parameters": {
            "reg_alpha": 0.7037372792899163, 
            "colsample_bytree": 0.7932564674050415, 
            "colsample_bylevel": 0.5915956810035584, 
            "learning_rate": 0.43157601168694526, 
            "max_delta_step": 0.004695476192547066, 
            "min_child_weight": 3.06328282665488, 
            "subsample": 0.716644030991022, 
            "reg_lambda": 0.6442382185242643, 
            "max_depth": 3, 
            "gamma": 0.020107546187493552, 
            "booster": "gbtree"
        }, 
        "num_samples": 596, 
        "score_time": 26, 
        "train_score": 0.5, 
        "done_at": 1606485203904, 
        "test_score_gib": 0.5
    }, 
    {
        "fit_time": 159, 
        "best_iteration": 14, 
        "test_score": 0.8564523184601924, 
        "time": 168, 
        "split_id": 0, 
        "parameters": {
            "reg_alpha": 0.8464086724711278, 
            "colsample_bytree": 0.6980491377116811, 
            "colsample_bylevel": 0.8780533469325205, 
            "learning_rate": 0.3555684304925252, 
            "max_delta_step": 0.8915544372256771, 
            "min_child_weight": 2.5120642037793233, 
            "subsample": 0.6487184754275668, 
            "reg_lambda": 0.8497396376587522, 
            "max_depth": 3, 
            "gamma": 0.896038387509077, 
            "booster": "gbtree"
        }, 
        "num_samples": 598, 
        "score_time": 9, 
        "train_score": 0.918193050107484, 
        "done_at": 1606485204040, 
        "test_score_gib": 0.8564523184601924
    }, 
    {
        "fit_time": 99, 
        "best_iteration": 4, 
        "test_score": 0.8179088269840215, 
        "time": 126, 
        "split_id": 1, 
        "parameters": {
            "reg_alpha": 0.8464086724711278, 
            "colsample_bytree": 0.6980491377116811, 
            "colsample_bylevel": 0.8780533469325205, 
            "learning_rate": 0.3555684304925252, 
            "max_delta_step": 0.8915544372256771, 
            "min_child_weight": 2.5120642037793233, 
            "subsample": 0.6487184754275668, 
            "reg_lambda": 0.8497396376587522, 
            "max_depth": 3, 
            "gamma": 0.896038387509077, 
            "booster": "gbtree"
        }, 
        "num_samples": 596, 
        "score_time": 27, 
        "train_score": 0.8724468172936675, 
        "done_at": 1606485204022, 
        "test_score_gib": 0.8179088269840215
    }, 
    {
        "fit_time": 85, 
        "best_iteration": 4, 
        "test_score": 0.8465859982713916, 
        "time": 104, 
        "split_id": 2, 
        "parameters": {
            "reg_alpha": 0.8464086724711278, 
            "colsample_bytree": 0.6980491377116811, 
            "colsample_bylevel": 0.8780533469325205, 
            "learning_rate": 0.3555684304925252, 
            "max_delta_step": 0.8915544372256771, 
            "min_child_weight": 2.5120642037793233, 
            "subsample": 0.6487184754275668, 
            "reg_lambda": 0.8497396376587522, 
            "max_depth": 3, 
            "gamma": 0.896038387509077, 
            "booster": "gbtree"
        }, 
        "num_samples": 596, 
        "score_time": 19, 
        "train_score": 0.8690343176376696, 
        "done_at": 1606485204007, 
        "test_score_gib": 0.8465859982713916
    }, 
    {
        "fit_time": 82, 
        "best_iteration": 4, 
        "test_score": 0.8433398950131235, 
        "time": 100, 
        "split_id": 0, 
        "parameters": {
            "reg_alpha": 0.6596684120694128, 
            "colsample_bytree": 0.6982528704234923, 
            "colsample_bylevel": 0.9068989098512386, 
            "learning_rate": 0.3325091490543435, 
            "max_delta_step": 0.8817353618548528, 
            "min_child_weight": 3.1480928828093724, 
            "subsample": 0.6152665117531649, 
            "reg_lambda": 0.7666031269583241, 
            "max_depth": 3, 
            "gamma": 0.8811031971111616, 
            "booster": "gbtree"
        }, 
        "num_samples": 598, 
        "score_time": 18, 
        "train_score": 0.8540517031225762, 
        "done_at": 1606485204009, 
        "test_score_gib": 0.8433398950131235
    }, 
    {
        "fit_time": 246, 
        "best_iteration": 18, 
        "test_score": 0.8399485849788357, 
        "time": 266, 
        "split_id": 1, 
        "parameters": {
            "reg_alpha": 0.6596684120694128, 
            "colsample_bytree": 0.6982528704234923, 
            "colsample_bylevel": 0.9068989098512386, 
            "learning_rate": 0.3325091490543435, 
            "max_delta_step": 0.8817353618548528, 
            "min_child_weight": 3.1480928828093724, 
            "subsample": 0.6152665117531649, 
            "reg_lambda": 0.7666031269583241, 
            "max_depth": 3, 
            "gamma": 0.8811031971111616, 
            "booster": "gbtree"
        }, 
        "num_samples": 596, 
        "score_time": 20, 
        "train_score": 0.9212593224536973, 
        "done_at": 1606485204278, 
        "test_score_gib": 0.8399485849788357
    }, 
    {
        "fit_time": 80, 
        "best_iteration": 3, 
        "test_score": 0.8470846353300978, 
        "time": 91, 
        "split_id": 2, 
        "parameters": {
            "reg_alpha": 0.6596684120694128, 
            "colsample_bytree": 0.6982528704234923, 
            "colsample_bylevel": 0.9068989098512386, 
            "learning_rate": 0.3325091490543435, 
            "max_delta_step": 0.8817353618548528, 
            "min_child_weight": 3.1480928828093724, 
            "subsample": 0.6152665117531649, 
            "reg_lambda": 0.7666031269583241, 
            "max_depth": 3, 
            "gamma": 0.8811031971111616, 
            "booster": "gbtree"
        }, 
        "num_samples": 596, 
        "score_time": 11, 
        "train_score": 0.8657511627266972, 
        "done_at": 1606485204107, 
        "test_score_gib": 0.8470846353300978
    }, 
    {
        "fit_time": 87, 
        "best_iteration": 3, 
        "test_score": 0.8543416447944008, 
        "time": 97, 
        "split_id": 0, 
        "parameters": {
            "reg_alpha": 0.6180154289988415, 
            "colsample_bytree": 0.8094042822956786, 
            "colsample_bylevel": 0.6974346467251146, 
            "learning_rate": 0.2880528757023061, 
            "max_delta_step": 0.7160745312286432, 
            "min_child_weight": 1.8053492324469982, 
            "subsample": 0.5677370321112252, 
            "reg_lambda": 0.7143843504728831, 
            "max_depth": 5, 
            "gamma": 0.474867515408942, 
            "booster": "gbtree"
        }, 
        "num_samples": 598, 
        "score_time": 10, 
        "train_score": 0.8710441460009308, 
        "done_at": 1606485204123, 
        "test_score_gib": 0.8543416447944008
    }, 
    {
        "fit_time": 79, 
        "best_iteration": 3, 
        "test_score": 0.8365467721561067, 
        "time": 88, 
        "split_id": 1, 
        "parameters": {
            "reg_alpha": 0.6180154289988415, 
            "colsample_bytree": 0.8094042822956786, 
            "colsample_bylevel": 0.6974346467251146, 
            "learning_rate": 0.2880528757023061, 
            "max_delta_step": 0.7160745312286432, 
            "min_child_weight": 1.8053492324469982, 
            "subsample": 0.5677370321112252, 
            "reg_lambda": 0.7143843504728831, 
            "max_depth": 5, 
            "gamma": 0.474867515408942, 
            "booster": "gbtree"
        }, 
        "num_samples": 596, 
        "score_time": 9, 
        "train_score": 0.898541431598646, 
        "done_at": 1606485204140, 
        "test_score_gib": 0.8365467721561067
    }, 
    {
        "fit_time": 103, 
        "best_iteration": 5, 
        "test_score": 0.8214990138067061, 
        "time": 172, 
        "split_id": 2, 
        "parameters": {
            "reg_alpha": 0.6180154289988415, 
            "colsample_bytree": 0.8094042822956786, 
            "colsample_bylevel": 0.6974346467251146, 
            "learning_rate": 0.2880528757023061, 
            "max_delta_step": 0.7160745312286432, 
            "min_child_weight": 1.8053492324469982, 
            "subsample": 0.5677370321112252, 
            "reg_lambda": 0.7143843504728831, 
            "max_depth": 5, 
            "gamma": 0.474867515408942, 
            "booster": "gbtree"
        }, 
        "num_samples": 596, 
        "score_time": 69, 
        "train_score": 0.8921237306326883, 
        "done_at": 1606485204284, 
        "test_score_gib": 0.8214990138067061
    }, 
    {
        "fit_time": 70, 
        "best_iteration": 0, 
        "test_score": 0.5, 
        "time": 86, 
        "split_id": 0, 
        "parameters": {
            "reg_alpha": 0.9988470065678665, 
            "colsample_bytree": 0.6301704637937023, 
            "colsample_bylevel": 0.9920211206820733, 
            "learning_rate": 0.279170468748292, 
            "max_delta_step": 0.09956908911081108, 
            "min_child_weight": 3.7140858479710013, 
            "subsample": 0.9340630286841072, 
            "reg_lambda": 0.5747241523289969, 
            "max_depth": 2, 
            "gamma": 0.5370225213757797, 
            "booster": "gbtree"
        }, 
        "num_samples": 598, 
        "score_time": 16, 
        "train_score": 0.5, 
        "done_at": 1606485204375, 
        "test_score_gib": 0.5
    }, 
    {
        "fit_time": 60, 
        "best_iteration": 0, 
        "test_score": 0.5, 
        "time": 71, 
        "split_id": 1, 
        "parameters": {
            "reg_alpha": 0.9988470065678665, 
            "colsample_bytree": 0.6301704637937023, 
            "colsample_bylevel": 0.9920211206820733, 
            "learning_rate": 0.279170468748292, 
            "max_delta_step": 0.09956908911081108, 
            "min_child_weight": 3.7140858479710013, 
            "subsample": 0.9340630286841072, 
            "reg_lambda": 0.5747241523289969, 
            "max_depth": 2, 
            "gamma": 0.5370225213757797, 
            "booster": "gbtree"
        }, 
        "num_samples": 596, 
        "score_time": 11, 
        "train_score": 0.5, 
        "done_at": 1606485204367, 
        "test_score_gib": 0.5
    }, 
    {
        "fit_time": 49, 
        "best_iteration": 0, 
        "test_score": 0.5, 
        "time": 60, 
        "split_id": 2, 
        "parameters": {
            "reg_alpha": 0.9988470065678665, 
            "colsample_bytree": 0.6301704637937023, 
            "colsample_bylevel": 0.9920211206820733, 
            "learning_rate": 0.279170468748292, 
            "max_delta_step": 0.09956908911081108, 
            "min_child_weight": 3.7140858479710013, 
            "subsample": 0.9340630286841072, 
            "reg_lambda": 0.5747241523289969, 
            "max_depth": 2, 
            "gamma": 0.5370225213757797, 
            "booster": "gbtree"
        }, 
        "num_samples": 596, 
        "score_time": 11, 
        "train_score": 0.5, 
        "done_at": 1606485204388, 
        "test_score_gib": 0.5
    }, 
    {
        "fit_time": 78, 
        "best_iteration": 4, 
        "test_score": 0.8436461067366579, 
        "time": 90, 
        "split_id": 0, 
        "parameters": {
            "reg_alpha": 0.22126268518378278, 
            "colsample_bytree": 0.7849824553506324, 
            "colsample_bylevel": 0.6491411629780154, 
            "learning_rate": 0.32973009953983157, 
            "max_delta_step": 0.6532008198571336, 
            "min_child_weight": 1.9444875861807387, 
            "subsample": 0.548629963531587, 
            "reg_lambda": 0.5706319524629484, 
            "max_depth": 3, 
            "gamma": 0.5908727612481732, 
            "booster": "gbtree"
        }, 
        "num_samples": 598, 
        "score_time": 12, 
        "train_score": 0.85664738603373, 
        "done_at": 1606485204215, 
        "test_score_gib": 0.8436461067366579
    }, 
    {
        "fit_time": 137, 
        "best_iteration": 6, 
        "test_score": 0.8281807503933692, 
        "time": 179, 
        "split_id": 1, 
        "parameters": {
            "reg_alpha": 0.22126268518378278, 
            "colsample_bytree": 0.7849824553506324, 
            "colsample_bylevel": 0.6491411629780154, 
            "learning_rate": 0.32973009953983157, 
            "max_delta_step": 0.6532008198571336, 
            "min_child_weight": 1.9444875861807387, 
            "subsample": 0.548629963531587, 
            "reg_lambda": 0.5706319524629484, 
            "max_depth": 3, 
            "gamma": 0.5908727612481732, 
            "booster": "gbtree"
        }, 
        "num_samples": 596, 
        "score_time": 42, 
        "train_score": 0.8877975617139555, 
        "done_at": 1606485204321, 
        "test_score_gib": 0.8281807503933692
    }, 
    {
        "fit_time": 164, 
        "best_iteration": 6, 
        "test_score": 0.8382421381557077, 
        "time": 181, 
        "split_id": 2, 
        "parameters": {
            "reg_alpha": 0.22126268518378278, 
            "colsample_bytree": 0.7849824553506324, 
            "colsample_bylevel": 0.6491411629780154, 
            "learning_rate": 0.32973009953983157, 
            "max_delta_step": 0.6532008198571336, 
            "min_child_weight": 1.9444875861807387, 
            "subsample": 0.548629963531587, 
            "reg_lambda": 0.5706319524629484, 
            "max_depth": 3, 
            "gamma": 0.5908727612481732, 
            "booster": "gbtree"
        }, 
        "num_samples": 596, 
        "score_time": 17, 
        "train_score": 0.8851556264964087, 
        "done_at": 1606485204437, 
        "test_score_gib": 0.8382421381557077
    }, 
    {
        "fit_time": 75, 
        "best_iteration": 0, 
        "test_score": 0.5, 
        "time": 89, 
        "split_id": 0, 
        "parameters": {
            "reg_alpha": 0.729990562424058, 
            "colsample_bytree": 0.5252940575271186, 
            "colsample_bylevel": 0.7100376848953054, 
            "learning_rate": 0.1066511894935469, 
            "max_delta_step": 0.23074233540679567, 
            "min_child_weight": 2.1199012901526375, 
            "subsample": 0.7605183031020646, 
            "reg_lambda": 0.5858148386307203, 
            "max_depth": 5, 
            "gamma": 0.36549610626341034, 
            "booster": "gbtree"
        }, 
        "num_samples": 598, 
        "score_time": 14, 
        "train_score": 0.5, 
        "done_at": 1606485204538, 
        "test_score_gib": 0.5
    }, 
    {
        "fit_time": 62, 
        "best_iteration": 0, 
        "test_score": 0.5, 
        "time": 76, 
        "split_id": 1, 
        "parameters": {
            "reg_alpha": 0.729990562424058, 
            "colsample_bytree": 0.5252940575271186, 
            "colsample_bylevel": 0.7100376848953054, 
            "learning_rate": 0.1066511894935469, 
            "max_delta_step": 0.23074233540679567, 
            "min_child_weight": 2.1199012901526375, 
            "subsample": 0.7605183031020646, 
            "reg_lambda": 0.5858148386307203, 
            "max_depth": 5, 
            "gamma": 0.36549610626341034, 
            "booster": "gbtree"
        }, 
        "num_samples": 596, 
        "score_time": 14, 
        "train_score": 0.5, 
        "done_at": 1606485204552, 
        "test_score_gib": 0.5
    }, 
    {
        "fit_time": 56, 
        "best_iteration": 0, 
        "test_score": 0.5, 
        "time": 69, 
        "split_id": 2, 
        "parameters": {
            "reg_alpha": 0.729990562424058, 
            "colsample_bytree": 0.5252940575271186, 
            "colsample_bylevel": 0.7100376848953054, 
            "learning_rate": 0.1066511894935469, 
            "max_delta_step": 0.23074233540679567, 
            "min_child_weight": 2.1199012901526375, 
            "subsample": 0.7605183031020646, 
            "reg_lambda": 0.5858148386307203, 
            "max_depth": 5, 
            "gamma": 0.36549610626341034, 
            "booster": "gbtree"
        }, 
        "num_samples": 596, 
        "score_time": 13, 
        "train_score": 0.5, 
        "done_at": 1606485204567, 
        "test_score_gib": 0.5
    }, 
    {
        "fit_time": 78, 
        "best_iteration": 2, 
        "test_score": 0.8383420822397201, 
        "time": 99, 
        "split_id": 0, 
        "parameters": {
            "reg_alpha": 0.03322238526617727, 
            "colsample_bytree": 0.8077797821419221, 
            "colsample_bylevel": 0.5812464673381874, 
            "learning_rate": 0.43920329172889383, 
            "max_delta_step": 0.8073189587250107, 
            "min_child_weight": 1.1298766347194076, 
            "subsample": 0.6866453753916274, 
            "reg_lambda": 0.9912874799125968, 
            "max_depth": 3, 
            "gamma": 0.12381998284944151, 
            "booster": "gbtree"
        }, 
        "num_samples": 598, 
        "score_time": 21, 
        "train_score": 0.8652931985905192, 
        "done_at": 1606485204471, 
        "test_score_gib": 0.8383420822397201
    }, 
    {
        "fit_time": 211, 
        "best_iteration": 14, 
        "test_score": 0.8373002681559293, 
        "time": 222, 
        "split_id": 1, 
        "parameters": {
            "reg_alpha": 0.03322238526617727, 
            "colsample_bytree": 0.8077797821419221, 
            "colsample_bylevel": 0.5812464673381874, 
            "learning_rate": 0.43920329172889383, 
            "max_delta_step": 0.8073189587250107, 
            "min_child_weight": 1.1298766347194076, 
            "subsample": 0.6866453753916274, 
            "reg_lambda": 0.9912874799125968, 
            "max_depth": 3, 
            "gamma": 0.12381998284944151, 
            "booster": "gbtree"
        }, 
        "num_samples": 596, 
        "score_time": 11, 
        "train_score": 0.9269945234884552, 
        "done_at": 1606485204599, 
        "test_score_gib": 0.8373002681559293
    }, 
    {
        "fit_time": 85, 
        "best_iteration": 2, 
        "test_score": 0.8427187908605367, 
        "time": 97, 
        "split_id": 2, 
        "parameters": {
            "reg_alpha": 0.03322238526617727, 
            "colsample_bytree": 0.8077797821419221, 
            "colsample_bylevel": 0.5812464673381874, 
            "learning_rate": 0.43920329172889383, 
            "max_delta_step": 0.8073189587250107, 
            "min_child_weight": 1.1298766347194076, 
            "subsample": 0.6866453753916274, 
            "reg_lambda": 0.9912874799125968, 
            "max_depth": 3, 
            "gamma": 0.12381998284944151, 
            "booster": "gbtree"
        }, 
        "num_samples": 596, 
        "score_time": 12, 
        "train_score": 0.8538789663428462, 
        "done_at": 1606485204492, 
        "test_score_gib": 0.8427187908605367
    }, 
    {
        "fit_time": 51, 
        "best_iteration": 0, 
        "test_score": 0.5, 
        "time": 71, 
        "split_id": 0, 
        "parameters": {
            "reg_alpha": 0.608252865854013, 
            "colsample_bytree": 0.5999982624482001, 
            "colsample_bylevel": 0.5271689941696268, 
            "learning_rate": 0.4174790813429683, 
            "max_delta_step": 0.22392468806038013, 
            "min_child_weight": 4.748538879129036, 
            "subsample": 0.8918221226509442, 
            "reg_lambda": 0.7983277031475265, 
            "max_depth": 3, 
            "gamma": 0.01852179446061397, 
            "booster": "gbtree"
        }, 
        "num_samples": 598, 
        "score_time": 20, 
        "train_score": 0.5, 
        "done_at": 1606485204611, 
        "test_score_gib": 0.5
    }, 
    {
        "fit_time": 47, 
        "best_iteration": 0, 
        "test_score": 0.5, 
        "time": 78, 
        "split_id": 1, 
        "parameters": {
            "reg_alpha": 0.608252865854013, 
            "colsample_bytree": 0.5999982624482001, 
            "colsample_bylevel": 0.5271689941696268, 
            "learning_rate": 0.4174790813429683, 
            "max_delta_step": 0.22392468806038013, 
            "min_child_weight": 4.748538879129036, 
            "subsample": 0.8918221226509442, 
            "reg_lambda": 0.7983277031475265, 
            "max_depth": 3, 
            "gamma": 0.01852179446061397, 
            "booster": "gbtree"
        }, 
        "num_samples": 596, 
        "score_time": 31, 
        "train_score": 0.5, 
        "done_at": 1606485204633, 
        "test_score_gib": 0.5
    }, 
    {
        "fit_time": 47, 
        "best_iteration": 0, 
        "test_score": 0.5, 
        "time": 68, 
        "split_id": 2, 
        "parameters": {
            "reg_alpha": 0.608252865854013, 
            "colsample_bytree": 0.5999982624482001, 
            "colsample_bylevel": 0.5271689941696268, 
            "learning_rate": 0.4174790813429683, 
            "max_delta_step": 0.22392468806038013, 
            "min_child_weight": 4.748538879129036, 
            "subsample": 0.8918221226509442, 
            "reg_lambda": 0.7983277031475265, 
            "max_depth": 3, 
            "gamma": 0.01852179446061397, 
            "booster": "gbtree"
        }, 
        "num_samples": 596, 
        "score_time": 21, 
        "train_score": 0.5, 
        "done_at": 1606485204644, 
        "test_score_gib": 0.5
    }, 
    {
        "fit_time": 213, 
        "best_iteration": 23, 
        "test_score": 0.8661089238845144, 
        "time": 221, 
        "split_id": 0, 
        "parameters": {
            "reg_alpha": 0.589909976354571, 
            "colsample_bytree": 0.5251850283787719, 
            "colsample_bylevel": 0.7500131488646506, 
            "learning_rate": 0.4969585595554531, 
            "max_delta_step": 0.26726253788147825, 
            "min_child_weight": 2.9103476136123123, 
            "subsample": 0.6559724977398009, 
            "reg_lambda": 0.8650610147583848, 
            "max_depth": 2, 
            "gamma": 0.6990980747185112, 
            "booster": "gbtree"
        }, 
        "num_samples": 598, 
        "score_time": 8, 
        "train_score": 0.8838120249096912, 
        "done_at": 1606485204836, 
        "test_score_gib": 0.8661089238845144
    }, 
    {
        "fit_time": 127, 
        "best_iteration": 11, 
        "test_score": 0.8235268045121114, 
        "time": 140, 
        "split_id": 1, 
        "parameters": {
            "reg_alpha": 0.589909976354571, 
            "colsample_bytree": 0.5251850283787719, 
            "colsample_bylevel": 0.7500131488646506, 
            "learning_rate": 0.4969585595554531, 
            "max_delta_step": 0.26726253788147825, 
            "min_child_weight": 2.9103476136123123, 
            "subsample": 0.6559724977398009, 
            "reg_lambda": 0.8650610147583848, 
            "max_depth": 2, 
            "gamma": 0.6990980747185112, 
            "booster": "gbtree"
        }, 
        "num_samples": 596, 
        "score_time": 13, 
        "train_score": 0.8627982497179184, 
        "done_at": 1606485204765, 
        "test_score_gib": 0.8235268045121114
    }, 
    {
        "fit_time": 82, 
        "best_iteration": 6, 
        "test_score": 0.8336657580391375, 
        "time": 92, 
        "split_id": 2, 
        "parameters": {
            "reg_alpha": 0.589909976354571, 
            "colsample_bytree": 0.5251850283787719, 
            "colsample_bylevel": 0.7500131488646506, 
            "learning_rate": 0.4969585595554531, 
            "max_delta_step": 0.26726253788147825, 
            "min_child_weight": 2.9103476136123123, 
            "subsample": 0.6559724977398009, 
            "reg_lambda": 0.8650610147583848, 
            "max_depth": 2, 
            "gamma": 0.6990980747185112, 
            "booster": "gbtree"
        }, 
        "num_samples": 596, 
        "score_time": 10, 
        "train_score": 0.8471255194429921, 
        "done_at": 1606485204728, 
        "test_score_gib": 0.8336657580391375
    }, 
    {
        "fit_time": 105, 
        "best_iteration": 7, 
        "test_score": 0.8597222222222223, 
        "time": 117, 
        "split_id": 0, 
        "parameters": {
            "reg_alpha": 0.6805446911927795, 
            "colsample_bytree": 0.6049218744875611, 
            "colsample_bylevel": 0.6991105311080459, 
            "learning_rate": 0.4777489559935735, 
            "max_delta_step": 0.7395507950492876, 
            "min_child_weight": 4.866065073932453, 
            "subsample": 0.5282091663569831, 
            "reg_lambda": 0.5426477829293503, 
            "max_depth": 4, 
            "gamma": 0.18619300588033616, 
            "booster": "gbtree"
        }, 
        "num_samples": 598, 
        "score_time": 12, 
        "train_score": 0.8833355494980386, 
        "done_at": 1606485204772, 
        "test_score_gib": 0.8597222222222223
    }, 
    {
        "fit_time": 268, 
        "best_iteration": 27, 
        "test_score": 0.8586530150920816, 
        "time": 299, 
        "split_id": 1, 
        "parameters": {
            "reg_alpha": 0.6805446911927795, 
            "colsample_bytree": 0.6049218744875611, 
            "colsample_bylevel": 0.6991105311080459, 
            "learning_rate": 0.4777489559935735, 
            "max_delta_step": 0.7395507950492876, 
            "min_child_weight": 4.866065073932453, 
            "subsample": 0.5282091663569831, 
            "reg_lambda": 0.5426477829293503, 
            "max_depth": 4, 
            "gamma": 0.18619300588033616, 
            "booster": "gbtree"
        }, 
        "num_samples": 596, 
        "score_time": 31, 
        "train_score": 0.9421030905138013, 
        "done_at": 1606485205031, 
        "test_score_gib": 0.8586530150920816
    }, 
    {
        "fit_time": 126, 
        "best_iteration": 10, 
        "test_score": 0.8391507656849058, 
        "time": 140, 
        "split_id": 2, 
        "parameters": {
            "reg_alpha": 0.6805446911927795, 
            "colsample_bytree": 0.6049218744875611, 
            "colsample_bylevel": 0.6991105311080459, 
            "learning_rate": 0.4777489559935735, 
            "max_delta_step": 0.7395507950492876, 
            "min_child_weight": 4.866065073932453, 
            "subsample": 0.5282091663569831, 
            "reg_lambda": 0.5426477829293503, 
            "max_depth": 4, 
            "gamma": 0.18619300588033616, 
            "booster": "gbtree"
        }, 
        "num_samples": 596, 
        "score_time": 14, 
        "train_score": 0.9030189613892177, 
        "done_at": 1606485204910, 
        "test_score_gib": 0.8391507656849058
    }, 
    {
        "fit_time": 105, 
        "best_iteration": 5, 
        "test_score": 0.85084208223972, 
        "time": 116, 
        "split_id": 0, 
        "parameters": {
            "reg_alpha": 0.6793927734985673, 
            "colsample_bytree": 0.9405022811008374, 
            "colsample_bylevel": 0.7439188521794822, 
            "learning_rate": 0.3470631664383521, 
            "max_delta_step": 0.5424987750103974, 
            "min_child_weight": 0.8026233415846187, 
            "subsample": 0.7682896055543611, 
            "reg_lambda": 0.7268484222780227, 
            "max_depth": 4, 
            "gamma": 0.9764043865930425, 
            "booster": "gbtree"
        }, 
        "num_samples": 598, 
        "score_time": 11, 
        "train_score": 0.8893358154378034, 
        "done_at": 1606485204891, 
        "test_score_gib": 0.85084208223972
    }, 
    {
        "fit_time": 106, 
        "best_iteration": 4, 
        "test_score": 0.8422755579194646, 
        "time": 117, 
        "split_id": 1, 
        "parameters": {
            "reg_alpha": 0.6793927734985673, 
            "colsample_bytree": 0.9405022811008374, 
            "colsample_bylevel": 0.7439188521794822, 
            "learning_rate": 0.3470631664383521, 
            "max_delta_step": 0.5424987750103974, 
            "min_child_weight": 0.8026233415846187, 
            "subsample": 0.7682896055543611, 
            "reg_lambda": 0.7268484222780227, 
            "max_depth": 4, 
            "gamma": 0.9764043865930425, 
            "booster": "gbtree"
        }, 
        "num_samples": 596, 
        "score_time": 11, 
        "train_score": 0.9005696672812835, 
        "done_at": 1606485204959, 
        "test_score_gib": 0.8422755579194646
    }, 
    {
        "fit_time": 384, 
        "best_iteration": 22, 
        "test_score": 0.8507856303880506, 
        "time": 397, 
        "split_id": 2, 
        "parameters": {
            "reg_alpha": 0.6793927734985673, 
            "colsample_bytree": 0.9405022811008374, 
            "colsample_bylevel": 0.7439188521794822, 
            "learning_rate": 0.3470631664383521, 
            "max_delta_step": 0.5424987750103974, 
            "min_child_weight": 0.8026233415846187, 
            "subsample": 0.7682896055543611, 
            "reg_lambda": 0.7268484222780227, 
            "max_depth": 4, 
            "gamma": 0.9764043865930425, 
            "booster": "gbtree"
        }, 
        "num_samples": 596, 
        "score_time": 13, 
        "train_score": 0.960401243911165, 
        "done_at": 1606485205292, 
        "test_score_gib": 0.8507856303880506
    }, 
    {
        "fit_time": 348, 
        "best_iteration": 20, 
        "test_score": 0.8497047244094488, 
        "time": 358, 
        "split_id": 0, 
        "parameters": {
            "reg_alpha": 0.8815853992105808, 
            "colsample_bytree": 0.9951694736983522, 
            "colsample_bylevel": 0.9483356465201711, 
            "learning_rate": 0.36523128124004034, 
            "max_delta_step": 0.26332237673715064, 
            "min_child_weight": 1.5314869538896074, 
            "subsample": 0.8228922992509495, 
            "reg_lambda": 0.9522124878446158, 
            "max_depth": 4, 
            "gamma": 0.21689698439847394, 
            "booster": "gbtree"
        }, 
        "num_samples": 598, 
        "score_time": 10, 
        "train_score": 0.934423686368371, 
        "done_at": 1606485205272, 
        "test_score_gib": 0.8497047244094488
    }, 
    {
        "fit_time": 450, 
        "best_iteration": 27, 
        "test_score": 0.8370010859207058, 
        "time": 463, 
        "split_id": 1, 
        "parameters": {
            "reg_alpha": 0.8815853992105808, 
            "colsample_bytree": 0.9951694736983522, 
            "colsample_bylevel": 0.9483356465201711, 
            "learning_rate": 0.36523128124004034, 
            "max_delta_step": 0.26332237673715064, 
            "min_child_weight": 1.5314869538896074, 
            "subsample": 0.8228922992509495, 
            "reg_lambda": 0.9522124878446158, 
            "max_depth": 4, 
            "gamma": 0.21689698439847394, 
            "booster": "gbtree"
        }, 
        "num_samples": 596, 
        "score_time": 13, 
        "train_score": 0.9568511434625863, 
        "done_at": 1606485205426, 
        "test_score_gib": 0.8370010859207058
    }, 
    {
        "fit_time": 337, 
        "best_iteration": 19, 
        "test_score": 0.8429404073310729, 
        "time": 349, 
        "split_id": 2, 
        "parameters": {
            "reg_alpha": 0.8815853992105808, 
            "colsample_bytree": 0.9951694736983522, 
            "colsample_bylevel": 0.9483356465201711, 
            "learning_rate": 0.36523128124004034, 
            "max_delta_step": 0.26332237673715064, 
            "min_child_weight": 1.5314869538896074, 
            "subsample": 0.8228922992509495, 
            "reg_lambda": 0.9522124878446158, 
            "max_depth": 4, 
            "gamma": 0.21689698439847394, 
            "booster": "gbtree"
        }, 
        "num_samples": 596, 
        "score_time": 12, 
        "train_score": 0.9332333434240583, 
        "done_at": 1606485205397, 
        "test_score_gib": 0.8429404073310729
    }, 
    {
        "fit_time": 191, 
        "best_iteration": 16, 
        "test_score": 0.8542104111986002, 
        "time": 204, 
        "split_id": 0, 
        "parameters": {
            "reg_alpha": 0.9527916569719446, 
            "colsample_bytree": 0.7598555968291381, 
            "colsample_bylevel": 0.6623414860332326, 
            "learning_rate": 0.22474408827287565, 
            "max_delta_step": 0.42545153795217594, 
            "min_child_weight": 1.3353617493767849, 
            "subsample": 0.6077538385567792, 
            "reg_lambda": 0.8437441381939077, 
            "max_depth": 4, 
            "gamma": 5.535686500857118e-05, 
            "booster": "gbtree"
        }, 
        "num_samples": 598, 
        "score_time": 13, 
        "train_score": 0.904372492963677, 
        "done_at": 1606485205480, 
        "test_score_gib": 0.8542104111986002
    }, 
    {
        "fit_time": 138, 
        "best_iteration": 9, 
        "test_score": 0.820368769806972, 
        "time": 148, 
        "split_id": 1, 
        "parameters": {
            "reg_alpha": 0.9527916569719446, 
            "colsample_bytree": 0.7598555968291381, 
            "colsample_bylevel": 0.6623414860332326, 
            "learning_rate": 0.22474408827287565, 
            "max_delta_step": 0.42545153795217594, 
            "min_child_weight": 1.3353617493767849, 
            "subsample": 0.6077538385567792, 
            "reg_lambda": 0.8437441381939077, 
            "max_depth": 4, 
            "gamma": 5.535686500857118e-05, 
            "booster": "gbtree"
        }, 
        "num_samples": 596, 
        "score_time": 10, 
        "train_score": 0.8898037812697801, 
        "done_at": 1606485205451, 
        "test_score_gib": 0.820368769806972
    }, 
    {
        "fit_time": 221, 
        "best_iteration": 23, 
        "test_score": 0.8360259734503468, 
        "time": 230, 
        "split_id": 2, 
        "parameters": {
            "reg_alpha": 0.9527916569719446, 
            "colsample_bytree": 0.7598555968291381, 
            "colsample_bylevel": 0.6623414860332326, 
            "learning_rate": 0.22474408827287565, 
            "max_delta_step": 0.42545153795217594, 
            "min_child_weight": 1.3353617493767849, 
            "subsample": 0.6077538385567792, 
            "reg_lambda": 0.8437441381939077, 
            "max_depth": 4, 
            "gamma": 5.535686500857118e-05, 
            "booster": "gbtree"
        }, 
        "num_samples": 596, 
        "score_time": 9, 
        "train_score": 0.9245452293805213, 
        "done_at": 1606485205630, 
        "test_score_gib": 0.8360259734503468
    }
]