{
    "gridSize": 24, 
    "nThreads": 4, 
    "metric": "ROC_AUC", 
    "gridPoints": [
        {
            "scoreTimeMean": 8.666666666666666, 
            "best_iteration": 15, 
            "time": 450, 
            "trainScoreMean": 0.9027297370725427, 
            "finishedAt": 1606485203094, 
            "fitTimeStd": 10.656244908763854, 
            "testScoreStd": 0.013790806236661757, 
            "scoreTimeStd": 1.699673171197595, 
            "parameters": {
                "reg_alpha": 0.2975346065444723, 
                "colsample_bytree": 0.8575946831862098, 
                "colsample_bylevel": 0.7744067519636624, 
                "learning_rate": 0.31795327319875877, 
                "max_delta_step": 0.4236547993389047, 
                "min_child_weight": 2.2297176828171494, 
                "subsample": 0.6363281472900566, 
                "reg_lambda": 0.5283564886587215, 
                "max_depth": 3, 
                "gamma": 0.6027633760716439, 
                "booster": "gbtree"
            }, 
            "testScoreMean": 0.8438519283534953, 
            "score": 0.8438519283534953, 
            "trainScoreStd": 0.004812638068191522, 
            "testScoreGibMean": 0.8438519283534953, 
            "fitTimeMean": 141.33333333333334
        }, 
        {
            "scoreTimeMean": 8.0, 
            "best_iteration": 5, 
            "time": 267, 
            "trainScoreMean": 0.8624967038550891, 
            "finishedAt": 1606485203154, 
            "fitTimeStd": 22.759613353482084, 
            "testScoreStd": 0.0071529343229645445, 
            "scoreTimeStd": 0.816496580927726, 
            "parameters": {
                "reg_alpha": 0.02021839744032572, 
                "colsample_bytree": 0.9060843643877465, 
                "colsample_bylevel": 0.738832558660675, 
                "learning_rate": 0.25711391844033193, 
                "max_delta_step": 0.8360787635373775, 
                "min_child_weight": 0.8920818486569332, 
                "subsample": 0.8890783754749252, 
                "reg_lambda": 0.916309922773969, 
                "max_depth": 2, 
                "gamma": 0.4799771723750573, 
                "booster": "gbtree"
            }, 
            "testScoreMean": 0.842297545806259, 
            "score": 0.842297545806259, 
            "trainScoreStd": 0.006707321793840791, 
            "testScoreGibMean": 0.842297545806259, 
            "fitTimeMean": 81.0
        }, 
        {
            "scoreTimeMean": 8.333333333333334, 
            "best_iteration": 0, 
            "time": 202, 
            "trainScoreMean": 0.6199619514590526, 
            "finishedAt": 1606485203285, 
            "fitTimeStd": 23.338094752285727, 
            "testScoreStd": 0.16140369743199837, 
            "scoreTimeStd": 0.4714045207910317, 
            "parameters": {
                "reg_alpha": 0.6176354970758771, 
                "colsample_bytree": 0.7368002096733287, 
                "colsample_bylevel": 0.5529538035938961, 
                "learning_rate": 0.39476727085158325, 
                "max_delta_step": 0.21655035442437187, 
                "min_child_weight": 0.5845541019635981, 
                "subsample": 0.8084669984373785, 
                "reg_lambda": 0.8060478613612108, 
                "max_depth": 2, 
                "gamma": 0.18633234332675996, 
                "booster": "gbtree"
            }, 
            "testScoreMean": 0.6090758135088734, 
            "score": 0.6090758135088734, 
            "trainScoreStd": 0.16241962654382724, 
            "testScoreGibMean": 0.6090758135088734, 
            "fitTimeMean": 59.0
        }, 
        {
            "scoreTimeMean": 11.666666666666666, 
            "best_iteration": 4, 
            "time": 365, 
            "trainScoreMean": 0.9130898808827606, 
            "finishedAt": 1606485203319, 
            "fitTimeStd": 48.194052191807515, 
            "testScoreStd": 0.008466034069955457, 
            "scoreTimeStd": 1.247219128924647, 
            "parameters": {
                "reg_alpha": 0.5820197920751071, 
                "colsample_bytree": 0.989309171116382, 
                "colsample_bylevel": 0.9350060741234096, 
                "learning_rate": 0.2845917449011728, 
                "max_delta_step": 0.7805291762864555, 
                "min_child_weight": 3.742846946266625, 
                "subsample": 0.8793078121611786, 
                "reg_lambda": 0.7686866147245053, 
                "max_depth": 4, 
                "gamma": 0.7991585642167236, 
                "booster": "gbtree"
            }, 
            "testScoreMean": 0.8400021070088693, 
            "score": 0.8400021070088693, 
            "trainScoreStd": 0.02240291413144877, 
            "testScoreGibMean": 0.8400021070088693, 
            "fitTimeMean": 110.0
        }, 
        {
            "scoreTimeMean": 19.333333333333332, 
            "best_iteration": 9, 
            "time": 528, 
            "trainScoreMean": 0.890979065254555, 
            "finishedAt": 1606485203470, 
            "fitTimeStd": 8.339997335464536, 
            "testScoreStd": 0.008274800801555694, 
            "scoreTimeStd": 8.498365855987975, 
            "parameters": {
                "reg_alpha": 0.6531400357979377, 
                "colsample_bytree": 0.8409101495517417, 
                "colsample_bylevel": 0.9718740392573121, 
                "learning_rate": 0.2748127815197366, 
                "max_delta_step": 0.6976311959272649, 
                "min_child_weight": 4.864140804860369, 
                "subsample": 0.6790760834847624, 
                "reg_lambda": 0.5854547925680226, 
                "max_depth": 3, 
                "gamma": 0.359507900573786, 
                "booster": "gbtree"
            }, 
            "testScoreMean": 0.8339975004787221, 
            "score": 0.8339975004787221, 
            "trainScoreStd": 0.008866395555785564, 
            "testScoreGibMean": 0.8339975004787221, 
            "fitTimeMean": 156.66666666666666
        }, 
        {
            "scoreTimeMean": 13.0, 
            "best_iteration": 0, 
            "time": 216, 
            "trainScoreMean": 0.5, 
            "finishedAt": 1606485203646, 
            "fitTimeStd": 14.98888477061141, 
            "testScoreStd": 0.0, 
            "scoreTimeStd": 4.96655480858378, 
            "parameters": {
                "reg_alpha": 0.778345482025909, 
                "colsample_bytree": 0.7331553864281531, 
                "colsample_bylevel": 0.626645801269891, 
                "learning_rate": 0.16358783345820788, 
                "max_delta_step": 0.11037514116430513, 
                "min_child_weight": 1.9274078393118323, 
                "subsample": 0.8312634334750222, 
                "reg_lambda": 0.9747855267253711, 
                "max_depth": 3, 
                "gamma": 0.24442559200160274, 
                "booster": "gbtree"
            }, 
            "testScoreMean": 0.5, 
            "score": 0.5, 
            "trainScoreStd": 0.0, 
            "testScoreGibMean": 0.5, 
            "fitTimeMean": 59.0
        }, 
        {
            "scoreTimeMean": 16.0, 
            "best_iteration": 10, 
            "time": 709, 
            "trainScoreMean": 0.9186667996772446, 
            "finishedAt": 1606485203683, 
            "fitTimeStd": 64.05379683429304, 
            "testScoreStd": 0.015058940190673982, 
            "scoreTimeStd": 3.7416573867739413, 
            "parameters": {
                "reg_alpha": 0.2088767560948347, 
                "colsample_bytree": 0.8039153343577339, 
                "colsample_bylevel": 0.8753430706092281, 
                "learning_rate": 0.11537017058909389, 
                "max_delta_step": 0.634274057957335, 
                "min_child_weight": 0.9592016483661263, 
                "subsample": 0.8265541627326992, 
                "reg_lambda": 0.5806547589424982, 
                "max_depth": 4, 
                "gamma": 0.3250472290083525, 
                "booster": "gbtree"
            }, 
            "testScoreMean": 0.8478965061014865, 
            "score": 0.8478965061014865, 
            "trainScoreStd": 0.012798369436771442, 
            "testScoreGibMean": 0.8478965061014865, 
            "fitTimeMean": 220.33333333333334
        }, 
        {
            "scoreTimeMean": 12.0, 
            "best_iteration": 0, 
            "time": 166, 
            "trainScoreMean": 0.5, 
            "finishedAt": 1606485203789, 
            "fitTimeStd": 1.247219128924647, 
            "testScoreStd": 0.0, 
            "scoreTimeStd": 1.4142135623730951, 
            "parameters": {
                "reg_alpha": 0.21682213762754288, 
                "colsample_bytree": 0.5600982806065844, 
                "colsample_bylevel": 0.6414034812882048, 
                "learning_rate": 0.14749108758169763, 
                "max_delta_step": 0.317983179393976, 
                "min_child_weight": 4.6320595986296516, 
                "subsample": 0.9325512806526925, 
                "reg_lambda": 0.7825944333024377, 
                "max_depth": 5, 
                "gamma": 0.29614019752214493, 
                "booster": "gbtree"
            }, 
            "testScoreMean": 0.5, 
            "score": 0.5, 
            "trainScoreStd": 0.0, 
            "testScoreGibMean": 0.5, 
            "fitTimeMean": 43.333333333333336
        }, 
        {
            "scoreTimeMean": 19.333333333333332, 
            "best_iteration": 7, 
            "time": 363, 
            "trainScoreMean": 0.8868882479276071, 
            "finishedAt": 1606485203809, 
            "fitTimeStd": 21.66923061752668, 
            "testScoreStd": 0.012641988073392578, 
            "scoreTimeStd": 6.548960901462833, 
            "parameters": {
                "reg_alpha": 0.604845519745046, 
                "colsample_bytree": 0.8114230477733347, 
                "colsample_bylevel": 0.5067858178060549, 
                "learning_rate": 0.48877800099986635, 
                "max_delta_step": 0.878193471347177, 
                "min_child_weight": 4.895424896856517, 
                "subsample": 0.5195938961271603, 
                "reg_lambda": 0.8696317896991508, 
                "max_depth": 4, 
                "gamma": 0.6736596308357894, 
                "booster": "gbtree"
            }, 
            "testScoreMean": 0.8451537666232374, 
            "score": 0.8451537666232374, 
            "trainScoreStd": 0.01720891867953284, 
            "testScoreGibMean": 0.8451537666232374, 
            "fitTimeMean": 101.66666666666667
        }, 
        {
            "scoreTimeMean": 22.333333333333332, 
            "best_iteration": 0, 
            "time": 217, 
            "trainScoreMean": 0.5, 
            "finishedAt": 1606485203864, 
            "fitTimeStd": 2.8284271247461903, 
            "testScoreStd": 0.0, 
            "scoreTimeStd": 8.993825042154695, 
            "parameters": {
                "reg_alpha": 0.13179786240439217, 
                "colsample_bytree": 0.9583614770097304, 
                "colsample_bylevel": 0.7544844803335072, 
                "learning_rate": 0.13324499705224097, 
                "max_delta_step": 0.27771856128103245, 
                "min_child_weight": 3.503346709836568, 
                "subsample": 0.6447030464736005, 
                "reg_lambda": 0.8581636020592828, 
                "max_depth": 2, 
                "gamma": 0.9211576102371998, 
                "booster": "gbtree"
            }, 
            "testScoreMean": 0.5, 
            "score": 0.5, 
            "trainScoreStd": 0.0, 
            "testScoreGibMean": 0.5, 
            "fitTimeMean": 50.0
        }, 
        {
            "scoreTimeMean": 21.0, 
            "best_iteration": 0, 
            "time": 207, 
            "trainScoreMean": 0.5, 
            "finishedAt": 1606485203904, 
            "fitTimeStd": 4.96655480858378, 
            "testScoreStd": 0.0, 
            "scoreTimeStd": 3.7416573867739413, 
            "parameters": {
                "reg_alpha": 0.7037372792899163, 
                "colsample_bytree": 0.7932564674050415, 
                "colsample_bylevel": 0.5915956810035584, 
                "learning_rate": 0.43157601168694526, 
                "max_delta_step": 0.004695476192547066, 
                "min_child_weight": 3.06328282665488, 
                "subsample": 0.716644030991022, 
                "reg_lambda": 0.6442382185242643, 
                "max_depth": 3, 
                "gamma": 0.020107546187493552, 
                "booster": "gbtree"
            }, 
            "testScoreMean": 0.5, 
            "score": 0.5, 
            "trainScoreStd": 0.0, 
            "testScoreGibMean": 0.5, 
            "fitTimeMean": 48.0
        }, 
        {
            "scoreTimeMean": 18.333333333333332, 
            "best_iteration": 4, 
            "time": 398, 
            "trainScoreMean": 0.8865934080353924, 
            "finishedAt": 1606485204040, 
            "fitTimeStd": 32.097074979228594, 
            "testScoreStd": 0.016347793494594417, 
            "scoreTimeStd": 7.363574011458175, 
            "parameters": {
                "reg_alpha": 0.8464086724711278, 
                "colsample_bytree": 0.6980491377116811, 
                "colsample_bylevel": 0.8780533469325205, 
                "learning_rate": 0.3555684304925252, 
                "max_delta_step": 0.8915544372256771, 
                "min_child_weight": 2.5120642037793233, 
                "subsample": 0.6487184754275668, 
                "reg_lambda": 0.8497396376587522, 
                "max_depth": 3, 
                "gamma": 0.896038387509077, 
                "booster": "gbtree"
            }, 
            "testScoreMean": 0.8403337442968833, 
            "score": 0.8403337442968833, 
            "trainScoreStd": 0.022425048010102002, 
            "testScoreGibMean": 0.8403337442968833, 
            "fitTimeMean": 114.33333333333333
        }, 
        {
            "scoreTimeMean": 16.333333333333332, 
            "best_iteration": 4, 
            "time": 457, 
            "trainScoreMean": 0.8803246746563216, 
            "finishedAt": 1606485204278, 
            "fitTimeStd": 77.78603130811256, 
            "testScoreStd": 0.002912845151014004, 
            "scoreTimeStd": 3.8586123009300755, 
            "parameters": {
                "reg_alpha": 0.6596684120694128, 
                "colsample_bytree": 0.6982528704234923, 
                "colsample_bylevel": 0.9068989098512386, 
                "learning_rate": 0.3325091490543435, 
                "max_delta_step": 0.8817353618548528, 
                "min_child_weight": 3.1480928828093724, 
                "subsample": 0.6152665117531649, 
                "reg_lambda": 0.7666031269583241, 
                "max_depth": 3, 
                "gamma": 0.8811031971111616, 
                "booster": "gbtree"
            }, 
            "testScoreMean": 0.8434575734759622, 
            "score": 0.8434575734759622, 
            "trainScoreStd": 0.029312879083136335, 
            "testScoreGibMean": 0.8434575734759622, 
            "fitTimeMean": 136.0
        }, 
        {
            "scoreTimeMean": 29.333333333333332, 
            "best_iteration": 3, 
            "time": 357, 
            "trainScoreMean": 0.8872183441332021, 
            "finishedAt": 1606485204284, 
            "fitTimeStd": 9.977753031397176, 
            "testScoreStd": 0.01342791752870545, 
            "scoreTimeStd": 28.051539866625664, 
            "parameters": {
                "reg_alpha": 0.6180154289988415, 
                "colsample_bytree": 0.8094042822956786, 
                "colsample_bylevel": 0.6974346467251146, 
                "learning_rate": 0.2880528757023061, 
                "max_delta_step": 0.7160745312286432, 
                "min_child_weight": 1.8053492324469982, 
                "subsample": 0.5677370321112252, 
                "reg_lambda": 0.7143843504728831, 
                "max_depth": 5, 
                "gamma": 0.474867515408942, 
                "booster": "gbtree"
            }, 
            "testScoreMean": 0.8374813363245185, 
            "score": 0.8374813363245185, 
            "trainScoreStd": 0.01175151427619235, 
            "testScoreGibMean": 0.8374813363245185, 
            "fitTimeMean": 89.66666666666667
        }, 
        {
            "scoreTimeMean": 12.666666666666666, 
            "best_iteration": 0, 
            "time": 217, 
            "trainScoreMean": 0.5, 
            "finishedAt": 1606485204388, 
            "fitTimeStd": 8.576453553512405, 
            "testScoreStd": 0.0, 
            "scoreTimeStd": 2.357022603955158, 
            "parameters": {
                "reg_alpha": 0.9988470065678665, 
                "colsample_bytree": 0.6301704637937023, 
                "colsample_bylevel": 0.9920211206820733, 
                "learning_rate": 0.279170468748292, 
                "max_delta_step": 0.09956908911081108, 
                "min_child_weight": 3.7140858479710013, 
                "subsample": 0.9340630286841072, 
                "reg_lambda": 0.5747241523289969, 
                "max_depth": 2, 
                "gamma": 0.5370225213757797, 
                "booster": "gbtree"
            }, 
            "testScoreMean": 0.5, 
            "score": 0.5, 
            "trainScoreStd": 0.0, 
            "testScoreGibMean": 0.5, 
            "fitTimeMean": 59.666666666666664
        }, 
        {
            "scoreTimeMean": 23.666666666666668, 
            "best_iteration": 6, 
            "time": 450, 
            "trainScoreMean": 0.87651130559863, 
            "finishedAt": 1606485204437, 
            "fitTimeStd": 35.91038228083288, 
            "testScoreStd": 0.00640906262519225, 
            "scoreTimeStd": 13.123346456686352, 
            "parameters": {
                "reg_alpha": 0.22126268518378278, 
                "colsample_bytree": 0.7849824553506324, 
                "colsample_bylevel": 0.6491411629780154, 
                "learning_rate": 0.32973009953983157, 
                "max_delta_step": 0.6532008198571336, 
                "min_child_weight": 1.9444875861807387, 
                "subsample": 0.548629963531587, 
                "reg_lambda": 0.5706319524629484, 
                "max_depth": 3, 
                "gamma": 0.5908727612481732, 
                "booster": "gbtree"
            }, 
            "testScoreMean": 0.8366974376557381, 
            "score": 0.8366974376557381, 
            "trainScoreStd": 0.014110694283776981, 
            "testScoreGibMean": 0.8366974376557381, 
            "fitTimeMean": 126.33333333333333
        }, 
        {
            "scoreTimeMean": 13.666666666666666, 
            "best_iteration": 0, 
            "time": 234, 
            "trainScoreMean": 0.5, 
            "finishedAt": 1606485204567, 
            "fitTimeStd": 7.93025150224688, 
            "testScoreStd": 0.0, 
            "scoreTimeStd": 0.4714045207910317, 
            "parameters": {
                "reg_alpha": 0.729990562424058, 
                "colsample_bytree": 0.5252940575271186, 
                "colsample_bylevel": 0.7100376848953054, 
                "learning_rate": 0.1066511894935469, 
                "max_delta_step": 0.23074233540679567, 
                "min_child_weight": 2.1199012901526375, 
                "subsample": 0.7605183031020646, 
                "reg_lambda": 0.5858148386307203, 
                "max_depth": 5, 
                "gamma": 0.36549610626341034, 
                "booster": "gbtree"
            }, 
            "testScoreMean": 0.5, 
            "score": 0.5, 
            "trainScoreStd": 0.0, 
            "testScoreGibMean": 0.5, 
            "fitTimeMean": 64.33333333333333
        }, 
        {
            "scoreTimeMean": 14.666666666666666, 
            "best_iteration": 2, 
            "time": 418, 
            "trainScoreMean": 0.8820368339087075, 
            "finishedAt": 1606485204599, 
            "fitTimeStd": 61.11373731730771, 
            "testScoreStd": 0.002346589372278148, 
            "scoreTimeStd": 4.496912521077347, 
            "parameters": {
                "reg_alpha": 0.03322238526617727, 
                "colsample_bytree": 0.8077797821419221, 
                "colsample_bylevel": 0.5812464673381874, 
                "learning_rate": 0.43920329172889383, 
                "max_delta_step": 0.8073189587250107, 
                "min_child_weight": 1.1298766347194076, 
                "subsample": 0.6866453753916274, 
                "reg_lambda": 0.9912874799125968, 
                "max_depth": 3, 
                "gamma": 0.12381998284944151, 
                "booster": "gbtree"
            }, 
            "testScoreMean": 0.8394524717056796, 
            "score": 0.8394524717056796, 
            "trainScoreStd": 0.0321034315944021, 
            "testScoreGibMean": 0.8394524717056796, 
            "fitTimeMean": 124.66666666666667
        }, 
        {
            "scoreTimeMean": 24.0, 
            "best_iteration": 0, 
            "time": 217, 
            "trainScoreMean": 0.5, 
            "finishedAt": 1606485204644, 
            "fitTimeStd": 1.8856180831641267, 
            "testScoreStd": 0.0, 
            "scoreTimeStd": 4.96655480858378, 
            "parameters": {
                "reg_alpha": 0.608252865854013, 
                "colsample_bytree": 0.5999982624482001, 
                "colsample_bylevel": 0.5271689941696268, 
                "learning_rate": 0.4174790813429683, 
                "max_delta_step": 0.22392468806038013, 
                "min_child_weight": 4.748538879129036, 
                "subsample": 0.8918221226509442, 
                "reg_lambda": 0.7983277031475265, 
                "max_depth": 3, 
                "gamma": 0.01852179446061397, 
                "booster": "gbtree"
            }, 
            "testScoreMean": 0.5, 
            "score": 0.5, 
            "trainScoreStd": 0.0, 
            "testScoreGibMean": 0.5, 
            "fitTimeMean": 48.333333333333336
        }, 
        {
            "scoreTimeMean": 10.333333333333334, 
            "best_iteration": 11, 
            "time": 453, 
            "trainScoreMean": 0.8646000878859765, 
            "finishedAt": 1606485204836, 
            "fitTimeStd": 54.34662414129837, 
            "testScoreStd": 0.01817067093941436, 
            "scoreTimeStd": 2.0548046676563256, 
            "parameters": {
                "reg_alpha": 0.589909976354571, 
                "colsample_bytree": 0.5251850283787719, 
                "colsample_bylevel": 0.7500131488646506, 
                "learning_rate": 0.4969585595554531, 
                "max_delta_step": 0.26726253788147825, 
                "min_child_weight": 2.9103476136123123, 
                "subsample": 0.6559724977398009, 
                "reg_lambda": 0.8650610147583848, 
                "max_depth": 2, 
                "gamma": 0.6990980747185112, 
                "booster": "gbtree"
            }, 
            "testScoreMean": 0.8411284378566949, 
            "score": 0.8411284378566949, 
            "trainScoreStd": 0.015035354734251296, 
            "testScoreGibMean": 0.8411284378566949, 
            "fitTimeMean": 140.66666666666666
        }, 
        {
            "scoreTimeMean": 19.0, 
            "best_iteration": 10, 
            "time": 556, 
            "trainScoreMean": 0.9094566489016909, 
            "finishedAt": 1606485205031, 
            "fitTimeStd": 72.39858807708583, 
            "testScoreStd": 0.009453331970226358, 
            "scoreTimeStd": 8.524474568362947, 
            "parameters": {
                "reg_alpha": 0.6805446911927795, 
                "colsample_bytree": 0.6049218744875611, 
                "colsample_bylevel": 0.6991105311080459, 
                "learning_rate": 0.4777489559935735, 
                "max_delta_step": 0.7395507950492876, 
                "min_child_weight": 4.866065073932453, 
                "subsample": 0.5282091663569831, 
                "reg_lambda": 0.5426477829293503, 
                "max_depth": 4, 
                "gamma": 0.18619300588033616, 
                "booster": "gbtree"
            }, 
            "testScoreMean": 0.8525167275038958, 
            "score": 0.8525167275038958, 
            "trainScoreStd": 0.024425624459783, 
            "testScoreGibMean": 0.8525167275038958, 
            "fitTimeMean": 166.33333333333334
        }, 
        {
            "scoreTimeMean": 11.666666666666666, 
            "best_iteration": 5, 
            "time": 630, 
            "trainScoreMean": 0.9167382573757015, 
            "finishedAt": 1606485205292, 
            "fitTimeStd": 131.28679378453197, 
            "testScoreStd": 0.0040239550652835685, 
            "scoreTimeStd": 0.9428090415820634, 
            "parameters": {
                "reg_alpha": 0.6793927734985673, 
                "colsample_bytree": 0.9405022811008374, 
                "colsample_bylevel": 0.7439188521794822, 
                "learning_rate": 0.3470631664383521, 
                "max_delta_step": 0.5424987750103974, 
                "min_child_weight": 0.8026233415846187, 
                "subsample": 0.7682896055543611, 
                "reg_lambda": 0.7268484222780227, 
                "max_depth": 4, 
                "gamma": 0.9764043865930425, 
                "booster": "gbtree"
            }, 
            "testScoreMean": 0.8479709683858278, 
            "score": 0.8479709683858278, 
            "trainScoreStd": 0.03118776087970676, 
            "testScoreGibMean": 0.8479709683858278, 
            "fitTimeMean": 198.33333333333334
        }, 
        {
            "scoreTimeMean": 11.666666666666666, 
            "best_iteration": 20, 
            "time": 1170, 
            "trainScoreMean": 0.941494814878618, 
            "finishedAt": 1606485205426, 
            "fitTimeStd": 50.874573435285164, 
            "testScoreStd": 0.005191511165262544, 
            "scoreTimeStd": 1.247219128924647, 
            "parameters": {
                "reg_alpha": 0.8815853992105808, 
                "colsample_bytree": 0.9951694736983522, 
                "colsample_bylevel": 0.9483356465201711, 
                "learning_rate": 0.36523128124004034, 
                "max_delta_step": 0.26332237673715064, 
                "min_child_weight": 1.5314869538896074, 
                "subsample": 0.8228922992509495, 
                "reg_lambda": 0.9522124878446158, 
                "max_depth": 4, 
                "gamma": 0.21689698439847394, 
                "booster": "gbtree"
            }, 
            "testScoreMean": 0.8432226565222963, 
            "score": 0.8432226565222963, 
            "trainScoreStd": 0.010860349729430788, 
            "testScoreGibMean": 0.8432226565222963, 
            "fitTimeMean": 378.3333333333333
        }, 
        {
            "scoreTimeMean": 10.666666666666666, 
            "best_iteration": 16, 
            "time": 582, 
            "trainScoreMean": 0.9062384140446136, 
            "finishedAt": 1606485205630, 
            "fitTimeStd": 34.315529364349835, 
            "testScoreStd": 0.01383303767825602, 
            "scoreTimeStd": 1.699673171197595, 
            "parameters": {
                "reg_alpha": 0.9527916569719446, 
                "colsample_bytree": 0.7598555968291381, 
                "colsample_bylevel": 0.6623414860332326, 
                "learning_rate": 0.22474408827287565, 
                "max_delta_step": 0.42545153795217594, 
                "min_child_weight": 1.3353617493767849, 
                "subsample": 0.6077538385567792, 
                "reg_lambda": 0.8437441381939077, 
                "max_depth": 4, 
                "gamma": 5.535686500857118e-05, 
                "booster": "gbtree"
            }, 
            "testScoreMean": 0.8368877613844273, 
            "score": 0.8368877613844273, 
            "trainScoreStd": 0.014236687838793463, 
            "testScoreGibMean": 0.8368877613844273, 
            "fitTimeMean": 183.33333333333334
        }
    ], 
    "timeout": null, 
    "startedAt": 1606485202920, 
    "nSplits": 3
}