{
    "usedGridSearch": true, 
    "probaAware": true, 
    "gridSize": 24, 
    "rawImportance": {
        "variables": [
            "Age", 
            "Amount_Requested", 
            "Debt_To_Income_Ratio", 
            "Employment_Duration", 
            "FICO_Avg", 
            "Inquiries_in_the_Last_6_Months", 
            "Interest_Rate", 
            "Loan_Length", 
            "Monthly_Income", 
            "Open_CREDIT_Lines", 
            "Revolving_CREDIT_Balance", 
            "dummy:Loan_Purpose:credit_card", 
            "dummy:State:NY", 
            "dummy:State:TX"
        ], 
        "importances": [
            0.0422535203397274, 
            0.19718310236930847, 
            0.09859155118465424, 
            0.11267605423927307, 
            0.09859155118465424, 
            0.014084506779909134, 
            0.0845070406794548, 
            0.028169013559818268, 
            0.07042253762483597, 
            0.014084506779909134, 
            0.1690140813589096, 
            0.014084506779909134, 
            0.014084506779909134, 
            0.0422535203397274
        ]
    }, 
    "modelInputNRows": 1790, 
    "modelInputNCols": 78, 
    "modelInputMemory": 1116960, 
    "gridCells": [
        {
            "scoreTimeStd": 0.001699673171197595, 
            "scoreTime": 0.008666666666666666, 
            "fitTime": 0.14133333333333334, 
            "score": 0.8438519283534953, 
            "params": {
                "reg_alpha": 0.2975346065444723, 
                "colsample_bytree": 0.8575946831862098, 
                "colsample_bylevel": 0.7744067519636624, 
                "learning_rate": 0.31795327319875877, 
                "max_delta_step": 0.4236547993389047, 
                "min_child_weight": 2.2297176828171494, 
                "subsample": 0.6363281472900566, 
                "reg_lambda": 0.5283564886587215, 
                "max_depth": 3, 
                "gamma": 0.6027633760716439, 
                "booster": "gbtree"
            }, 
            "fitTimeStd": 0.010656244908763855, 
            "scoreStd": 0.013790806236661757
        }, 
        {
            "scoreTimeStd": 0.0008164965809277261, 
            "scoreTime": 0.008, 
            "fitTime": 0.081, 
            "score": 0.842297545806259, 
            "params": {
                "reg_alpha": 0.02021839744032572, 
                "colsample_bytree": 0.9060843643877465, 
                "colsample_bylevel": 0.738832558660675, 
                "learning_rate": 0.25711391844033193, 
                "max_delta_step": 0.8360787635373775, 
                "min_child_weight": 0.8920818486569332, 
                "subsample": 0.8890783754749252, 
                "reg_lambda": 0.916309922773969, 
                "max_depth": 2, 
                "gamma": 0.4799771723750573, 
                "booster": "gbtree"
            }, 
            "fitTimeStd": 0.022759613353482085, 
            "scoreStd": 0.0071529343229645445
        }, 
        {
            "scoreTimeStd": 0.001247219128924647, 
            "scoreTime": 0.011666666666666665, 
            "fitTime": 0.11, 
            "score": 0.8400021070088693, 
            "params": {
                "reg_alpha": 0.5820197920751071, 
                "colsample_bytree": 0.989309171116382, 
                "colsample_bylevel": 0.9350060741234096, 
                "learning_rate": 0.2845917449011728, 
                "max_delta_step": 0.7805291762864555, 
                "min_child_weight": 3.742846946266625, 
                "subsample": 0.8793078121611786, 
                "reg_lambda": 0.7686866147245053, 
                "max_depth": 4, 
                "gamma": 0.7991585642167236, 
                "booster": "gbtree"
            }, 
            "fitTimeStd": 0.048194052191807515, 
            "scoreStd": 0.008466034069955457
        }, 
        {
            "scoreTimeStd": 0.0004714045207910317, 
            "scoreTime": 0.008333333333333333, 
            "fitTime": 0.059, 
            "score": 0.6090758135088734, 
            "params": {
                "reg_alpha": 0.6176354970758771, 
                "colsample_bytree": 0.7368002096733287, 
                "colsample_bylevel": 0.5529538035938961, 
                "learning_rate": 0.39476727085158325, 
                "max_delta_step": 0.21655035442437187, 
                "min_child_weight": 0.5845541019635981, 
                "subsample": 0.8084669984373785, 
                "reg_lambda": 0.8060478613612108, 
                "max_depth": 2, 
                "gamma": 0.18633234332675996, 
                "booster": "gbtree"
            }, 
            "fitTimeStd": 0.023338094752285727, 
            "scoreStd": 0.16140369743199837
        }, 
        {
            "scoreTimeStd": 0.008498365855987976, 
            "scoreTime": 0.01933333333333333, 
            "fitTime": 0.15666666666666665, 
            "score": 0.8339975004787221, 
            "params": {
                "reg_alpha": 0.6531400357979377, 
                "colsample_bytree": 0.8409101495517417, 
                "colsample_bylevel": 0.9718740392573121, 
                "learning_rate": 0.2748127815197366, 
                "max_delta_step": 0.6976311959272649, 
                "min_child_weight": 4.864140804860369, 
                "subsample": 0.6790760834847624, 
                "reg_lambda": 0.5854547925680226, 
                "max_depth": 3, 
                "gamma": 0.359507900573786, 
                "booster": "gbtree"
            }, 
            "fitTimeStd": 0.008339997335464536, 
            "scoreStd": 0.008274800801555694
        }, 
        {
            "scoreTimeStd": 0.0037416573867739412, 
            "scoreTime": 0.016, 
            "fitTime": 0.22033333333333335, 
            "score": 0.8478965061014865, 
            "params": {
                "reg_alpha": 0.2088767560948347, 
                "colsample_bytree": 0.8039153343577339, 
                "colsample_bylevel": 0.8753430706092281, 
                "learning_rate": 0.11537017058909389, 
                "max_delta_step": 0.634274057957335, 
                "min_child_weight": 0.9592016483661263, 
                "subsample": 0.8265541627326992, 
                "reg_lambda": 0.5806547589424982, 
                "max_depth": 4, 
                "gamma": 0.3250472290083525, 
                "booster": "gbtree"
            }, 
            "fitTimeStd": 0.06405379683429303, 
            "scoreStd": 0.015058940190673982
        }, 
        {
            "scoreTimeStd": 0.0049665548085837796, 
            "scoreTime": 0.013, 
            "fitTime": 0.059, 
            "score": 0.5, 
            "params": {
                "reg_alpha": 0.778345482025909, 
                "colsample_bytree": 0.7331553864281531, 
                "colsample_bylevel": 0.626645801269891, 
                "learning_rate": 0.16358783345820788, 
                "max_delta_step": 0.11037514116430513, 
                "min_child_weight": 1.9274078393118323, 
                "subsample": 0.8312634334750222, 
                "reg_lambda": 0.9747855267253711, 
                "max_depth": 3, 
                "gamma": 0.24442559200160274, 
                "booster": "gbtree"
            }, 
            "fitTimeStd": 0.01498888477061141, 
            "scoreStd": 0.0
        }, 
        {
            "scoreTimeStd": 0.006548960901462834, 
            "scoreTime": 0.01933333333333333, 
            "fitTime": 0.10166666666666667, 
            "score": 0.8451537666232374, 
            "params": {
                "reg_alpha": 0.604845519745046, 
                "colsample_bytree": 0.8114230477733347, 
                "colsample_bylevel": 0.5067858178060549, 
                "learning_rate": 0.48877800099986635, 
                "max_delta_step": 0.878193471347177, 
                "min_child_weight": 4.895424896856517, 
                "subsample": 0.5195938961271603, 
                "reg_lambda": 0.8696317896991508, 
                "max_depth": 4, 
                "gamma": 0.6736596308357894, 
                "booster": "gbtree"
            }, 
            "fitTimeStd": 0.02166923061752668, 
            "scoreStd": 0.012641988073392578
        }, 
        {
            "scoreTimeStd": 0.0014142135623730952, 
            "scoreTime": 0.012, 
            "fitTime": 0.043333333333333335, 
            "score": 0.5, 
            "params": {
                "reg_alpha": 0.21682213762754288, 
                "colsample_bytree": 0.5600982806065844, 
                "colsample_bylevel": 0.6414034812882048, 
                "learning_rate": 0.14749108758169763, 
                "max_delta_step": 0.317983179393976, 
                "min_child_weight": 4.6320595986296516, 
                "subsample": 0.9325512806526925, 
                "reg_lambda": 0.7825944333024377, 
                "max_depth": 5, 
                "gamma": 0.29614019752214493, 
                "booster": "gbtree"
            }, 
            "fitTimeStd": 0.001247219128924647, 
            "scoreStd": 0.0
        }, 
        {
            "scoreTimeStd": 0.008993825042154695, 
            "scoreTime": 0.022333333333333334, 
            "fitTime": 0.05, 
            "score": 0.5, 
            "params": {
                "reg_alpha": 0.13179786240439217, 
                "colsample_bytree": 0.9583614770097304, 
                "colsample_bylevel": 0.7544844803335072, 
                "learning_rate": 0.13324499705224097, 
                "max_delta_step": 0.27771856128103245, 
                "min_child_weight": 3.503346709836568, 
                "subsample": 0.6447030464736005, 
                "reg_lambda": 0.8581636020592828, 
                "max_depth": 2, 
                "gamma": 0.9211576102371998, 
                "booster": "gbtree"
            }, 
            "fitTimeStd": 0.0028284271247461905, 
            "scoreStd": 0.0
        }, 
        {
            "scoreTimeStd": 0.0037416573867739412, 
            "scoreTime": 0.021, 
            "fitTime": 0.048, 
            "score": 0.5, 
            "params": {
                "reg_alpha": 0.7037372792899163, 
                "colsample_bytree": 0.7932564674050415, 
                "colsample_bylevel": 0.5915956810035584, 
                "learning_rate": 0.43157601168694526, 
                "max_delta_step": 0.004695476192547066, 
                "min_child_weight": 3.06328282665488, 
                "subsample": 0.716644030991022, 
                "reg_lambda": 0.6442382185242643, 
                "max_depth": 3, 
                "gamma": 0.020107546187493552, 
                "booster": "gbtree"
            }, 
            "fitTimeStd": 0.0049665548085837796, 
            "scoreStd": 0.0
        }, 
        {
            "scoreTimeStd": 0.007363574011458175, 
            "scoreTime": 0.018333333333333333, 
            "fitTime": 0.11433333333333333, 
            "score": 0.8403337442968833, 
            "params": {
                "reg_alpha": 0.8464086724711278, 
                "colsample_bytree": 0.6980491377116811, 
                "colsample_bylevel": 0.8780533469325205, 
                "learning_rate": 0.3555684304925252, 
                "max_delta_step": 0.8915544372256771, 
                "min_child_weight": 2.5120642037793233, 
                "subsample": 0.6487184754275668, 
                "reg_lambda": 0.8497396376587522, 
                "max_depth": 3, 
                "gamma": 0.896038387509077, 
                "booster": "gbtree"
            }, 
            "fitTimeStd": 0.0320970749792286, 
            "scoreStd": 0.016347793494594417
        }, 
        {
            "scoreTimeStd": 0.0038586123009300755, 
            "scoreTime": 0.01633333333333333, 
            "fitTime": 0.136, 
            "score": 0.8434575734759622, 
            "params": {
                "reg_alpha": 0.6596684120694128, 
                "colsample_bytree": 0.6982528704234923, 
                "colsample_bylevel": 0.9068989098512386, 
                "learning_rate": 0.3325091490543435, 
                "max_delta_step": 0.8817353618548528, 
                "min_child_weight": 3.1480928828093724, 
                "subsample": 0.6152665117531649, 
                "reg_lambda": 0.7666031269583241, 
                "max_depth": 3, 
                "gamma": 0.8811031971111616, 
                "booster": "gbtree"
            }, 
            "fitTimeStd": 0.07778603130811255, 
            "scoreStd": 0.002912845151014004
        }, 
        {
            "scoreTimeStd": 0.028051539866625664, 
            "scoreTime": 0.029333333333333333, 
            "fitTime": 0.08966666666666667, 
            "score": 0.8374813363245185, 
            "params": {
                "reg_alpha": 0.6180154289988415, 
                "colsample_bytree": 0.8094042822956786, 
                "colsample_bylevel": 0.6974346467251146, 
                "learning_rate": 0.2880528757023061, 
                "max_delta_step": 0.7160745312286432, 
                "min_child_weight": 1.8053492324469982, 
                "subsample": 0.5677370321112252, 
                "reg_lambda": 0.7143843504728831, 
                "max_depth": 5, 
                "gamma": 0.474867515408942, 
                "booster": "gbtree"
            }, 
            "fitTimeStd": 0.009977753031397175, 
            "scoreStd": 0.01342791752870545
        }, 
        {
            "scoreTimeStd": 0.013123346456686353, 
            "scoreTime": 0.02366666666666667, 
            "fitTime": 0.12633333333333333, 
            "score": 0.8366974376557381, 
            "params": {
                "reg_alpha": 0.22126268518378278, 
                "colsample_bytree": 0.7849824553506324, 
                "colsample_bylevel": 0.6491411629780154, 
                "learning_rate": 0.32973009953983157, 
                "max_delta_step": 0.6532008198571336, 
                "min_child_weight": 1.9444875861807387, 
                "subsample": 0.548629963531587, 
                "reg_lambda": 0.5706319524629484, 
                "max_depth": 3, 
                "gamma": 0.5908727612481732, 
                "booster": "gbtree"
            }, 
            "fitTimeStd": 0.035910382280832875, 
            "scoreStd": 0.00640906262519225
        }, 
        {
            "scoreTimeStd": 0.002357022603955158, 
            "scoreTime": 0.012666666666666666, 
            "fitTime": 0.059666666666666666, 
            "score": 0.5, 
            "params": {
                "reg_alpha": 0.9988470065678665, 
                "colsample_bytree": 0.6301704637937023, 
                "colsample_bylevel": 0.9920211206820733, 
                "learning_rate": 0.279170468748292, 
                "max_delta_step": 0.09956908911081108, 
                "min_child_weight": 3.7140858479710013, 
                "subsample": 0.9340630286841072, 
                "reg_lambda": 0.5747241523289969, 
                "max_depth": 2, 
                "gamma": 0.5370225213757797, 
                "booster": "gbtree"
            }, 
            "fitTimeStd": 0.008576453553512404, 
            "scoreStd": 0.0
        }, 
        {
            "scoreTimeStd": 0.004496912521077347, 
            "scoreTime": 0.014666666666666666, 
            "fitTime": 0.12466666666666668, 
            "score": 0.8394524717056796, 
            "params": {
                "reg_alpha": 0.03322238526617727, 
                "colsample_bytree": 0.8077797821419221, 
                "colsample_bylevel": 0.5812464673381874, 
                "learning_rate": 0.43920329172889383, 
                "max_delta_step": 0.8073189587250107, 
                "min_child_weight": 1.1298766347194076, 
                "subsample": 0.6866453753916274, 
                "reg_lambda": 0.9912874799125968, 
                "max_depth": 3, 
                "gamma": 0.12381998284944151, 
                "booster": "gbtree"
            }, 
            "fitTimeStd": 0.06111373731730771, 
            "scoreStd": 0.002346589372278148
        }, 
        {
            "scoreTimeStd": 0.0004714045207910317, 
            "scoreTime": 0.013666666666666666, 
            "fitTime": 0.06433333333333333, 
            "score": 0.5, 
            "params": {
                "reg_alpha": 0.729990562424058, 
                "colsample_bytree": 0.5252940575271186, 
                "colsample_bylevel": 0.7100376848953054, 
                "learning_rate": 0.1066511894935469, 
                "max_delta_step": 0.23074233540679567, 
                "min_child_weight": 2.1199012901526375, 
                "subsample": 0.7605183031020646, 
                "reg_lambda": 0.5858148386307203, 
                "max_depth": 5, 
                "gamma": 0.36549610626341034, 
                "booster": "gbtree"
            }, 
            "fitTimeStd": 0.00793025150224688, 
            "scoreStd": 0.0
        }, 
        {
            "scoreTimeStd": 0.0049665548085837796, 
            "scoreTime": 0.024, 
            "fitTime": 0.04833333333333333, 
            "score": 0.5, 
            "params": {
                "reg_alpha": 0.608252865854013, 
                "colsample_bytree": 0.5999982624482001, 
                "colsample_bylevel": 0.5271689941696268, 
                "learning_rate": 0.4174790813429683, 
                "max_delta_step": 0.22392468806038013, 
                "min_child_weight": 4.748538879129036, 
                "subsample": 0.8918221226509442, 
                "reg_lambda": 0.7983277031475265, 
                "max_depth": 3, 
                "gamma": 0.01852179446061397, 
                "booster": "gbtree"
            }, 
            "fitTimeStd": 0.0018856180831641268, 
            "scoreStd": 0.0
        }, 
        {
            "scoreTimeStd": 0.0020548046676563255, 
            "scoreTime": 0.010333333333333333, 
            "fitTime": 0.14066666666666666, 
            "score": 0.8411284378566949, 
            "params": {
                "reg_alpha": 0.589909976354571, 
                "colsample_bytree": 0.5251850283787719, 
                "colsample_bylevel": 0.7500131488646506, 
                "learning_rate": 0.4969585595554531, 
                "max_delta_step": 0.26726253788147825, 
                "min_child_weight": 2.9103476136123123, 
                "subsample": 0.6559724977398009, 
                "reg_lambda": 0.8650610147583848, 
                "max_depth": 2, 
                "gamma": 0.6990980747185112, 
                "booster": "gbtree"
            }, 
            "fitTimeStd": 0.05434662414129837, 
            "scoreStd": 0.01817067093941436
        }, 
        {
            "scoreTimeStd": 0.008524474568362948, 
            "scoreTime": 0.019, 
            "fitTime": 0.16633333333333333, 
            "score": 0.8525167275038958, 
            "params": {
                "reg_alpha": 0.6805446911927795, 
                "colsample_bytree": 0.6049218744875611, 
                "colsample_bylevel": 0.6991105311080459, 
                "learning_rate": 0.4777489559935735, 
                "max_delta_step": 0.7395507950492876, 
                "min_child_weight": 4.866065073932453, 
                "n_estimators": 11, 
                "subsample": 0.5282091663569831, 
                "reg_lambda": 0.5426477829293503, 
                "max_depth": 4, 
                "gamma": 0.18619300588033616, 
                "booster": "gbtree"
            }, 
            "fitTimeStd": 0.07239858807708584, 
            "scoreStd": 0.009453331970226358
        }, 
        {
            "scoreTimeStd": 0.0009428090415820634, 
            "scoreTime": 0.011666666666666665, 
            "fitTime": 0.19833333333333333, 
            "score": 0.8479709683858278, 
            "params": {
                "reg_alpha": 0.6793927734985673, 
                "colsample_bytree": 0.9405022811008374, 
                "colsample_bylevel": 0.7439188521794822, 
                "learning_rate": 0.3470631664383521, 
                "max_delta_step": 0.5424987750103974, 
                "min_child_weight": 0.8026233415846187, 
                "subsample": 0.7682896055543611, 
                "reg_lambda": 0.7268484222780227, 
                "max_depth": 4, 
                "gamma": 0.9764043865930425, 
                "booster": "gbtree"
            }, 
            "fitTimeStd": 0.13128679378453195, 
            "scoreStd": 0.0040239550652835685
        }, 
        {
            "scoreTimeStd": 0.001247219128924647, 
            "scoreTime": 0.011666666666666665, 
            "fitTime": 0.3783333333333333, 
            "score": 0.8432226565222963, 
            "params": {
                "reg_alpha": 0.8815853992105808, 
                "colsample_bytree": 0.9951694736983522, 
                "colsample_bylevel": 0.9483356465201711, 
                "learning_rate": 0.36523128124004034, 
                "max_delta_step": 0.26332237673715064, 
                "min_child_weight": 1.5314869538896074, 
                "subsample": 0.8228922992509495, 
                "reg_lambda": 0.9522124878446158, 
                "max_depth": 4, 
                "gamma": 0.21689698439847394, 
                "booster": "gbtree"
            }, 
            "fitTimeStd": 0.05087457343528516, 
            "scoreStd": 0.005191511165262544
        }, 
        {
            "scoreTimeStd": 0.001699673171197595, 
            "scoreTime": 0.010666666666666666, 
            "fitTime": 0.18333333333333335, 
            "score": 0.8368877613844273, 
            "params": {
                "reg_alpha": 0.9527916569719446, 
                "colsample_bytree": 0.7598555968291381, 
                "colsample_bylevel": 0.6623414860332326, 
                "learning_rate": 0.22474408827287565, 
                "max_delta_step": 0.42545153795217594, 
                "min_child_weight": 1.3353617493767849, 
                "subsample": 0.6077538385567792, 
                "reg_lambda": 0.8437441381939077, 
                "max_depth": 4, 
                "gamma": 5.535686500857118e-05, 
                "booster": "gbtree"
            }, 
            "fitTimeStd": 0.03431552936434983, 
            "scoreStd": 0.01383303767825602
        }
    ], 
    "gridBestScore": 0.8525167275038958, 
    "modelInputIsSparse": false, 
    "nBoostedEstimators": 14
}