{
  "state": "DONE",
  "preSearchDescription": {
    "gridLength": 24,
    "searchStrategy": "RANDOM",
    "importantParams": [
      {
        "name": "trees",
        "val": "300"
      },
      {
        "name": "max_depth",
        "min": "2",
        "max": "5"
      }
    ]
  },
  "postSearchDescription": {
    "importantParams": [
      {
        "name": "trees",
        "val": "11"
      },
      {
        "name": "max_depth",
        "val": "4"
      }
    ]
  },
  "resumed": false,
  "timeOrderingEnabled": false,
  "sampleWeightsEnabled": false,
  "modelId": "m1",
  "progress": {
    "top_level_todo": [],
    "stack": [],
    "top_level_done": [
      {
        "name": "Loading train set",
        "time": 12
      },
      {
        "name": "Loading test set",
        "time": 12
      },
      {
        "name": "Collecting statistics",
        "time": 21
      },
      {
        "name": "Preprocessing train set",
        "time": 37
      },
      {
        "name": "Preprocessing test set",
        "time": 26
      },
      {
        "name": "Hyperparameter searching",
        "time": 3038
      },
      {
        "name": "Fitting model",
        "time": 95
      },
      {
        "name": "Saving model",
        "time": 2
      },
      {
        "name": "Scoring model",
        "time": 363
      }
    ]
  },
  "startTime": 1606485202785,
  "endTime": 1606485206436,
  "preprocessingTime": 111,
  "trainingTime": 3540,
  "hyperparamsSearchTime": 3038
}