{
    "per_feature": {
        "Status": {
            "stats": {}
        }, 
        "Monthly_Income": {
            "stats": {
                "std": 3491.2051667374976, 
                "p99": 18430.615500000014, 
                "min": 588.5, 
                "max": 65000.0, 
                "average": 5657.599525939175, 
                "median": 5000.0
            }, 
            "missing_impute_with_value": 5657.599525939175
        }, 
        "Employment_Duration": {
            "stats": {
                "std": 41.405133980394666, 
                "p99": 176.0, 
                "min": 57.0, 
                "max": 176.0, 
                "average": 116.60046189376443, 
                "median": 111.0
            }, 
            "missing_impute_with_value": 116.60046189376443
        }, 
        "Amount_Requested": {
            "stats": {
                "std": 7833.910781002296, 
                "p99": 35000.0, 
                "min": 1000.0, 
                "max": 35000.0, 
                "average": 12417.095259391772, 
                "median": 10000.0
            }, 
            "missing_impute_with_value": 12417.095259391772
        }, 
        "Default": {
            "stats": {}
        }, 
        "Open_CREDIT_Lines": {
            "stats": {
                "std": 4.469388185637604, 
                "p99": 23.0, 
                "min": 2.0, 
                "max": 38.0, 
                "average": 10.072930648769574, 
                "median": 9.0
            }, 
            "missing_impute_with_value": 10.072930648769574
        }, 
        "Interest_Rate": {
            "stats": {
                "std": 4.18764988070324, 
                "p99": 23.164500000000032, 
                "min": 5.42, 
                "max": 24.89, 
                "average": 13.065254919499244, 
                "median": 13.11
            }, 
            "missing_impute_with_value": 13.065254919499244
        }, 
        "FICO_Avg": {
            "stats": {
                "std": 34.89665493245646, 
                "p99": 807.0, 
                "min": 642.0, 
                "max": 832.0, 
                "average": 707.8832737030411, 
                "median": 702.0
            }, 
            "missing_impute_with_value": 707.8832737030411
        }, 
        "Loan_Purpose": {
            "stats": {
                "mostFrequentValue": "debt_consolidation", 
                "leastFrequentValue": "renewable_energy"
            }, 
            "category_possible_counts": [
                1165, 
                395, 
                179, 
                139, 
                94, 
                75, 
                47, 
                35, 
                27, 
                27, 
                18, 
                17, 
                15, 
                3
            ], 
            "category_possible_values": [
                "debt_consolidation", 
                "credit_card", 
                "other", 
                "home_improvement", 
                "major_purchase", 
                "small_business", 
                "car", 
                "wedding", 
                "medical", 
                "moving", 
                "house", 
                "vacation", 
                "educational", 
                "renewable_energy"
            ]
        }, 
        "Loan_Length": {
            "missing_impute_with_value": "36", 
            "stats": {
                "mostFrequentValue": "36", 
                "leastFrequentValue": "60"
            }, 
            "category_possible_counts": [
                1736
            ], 
            "category_possible_values": [
                "36"
            ]
        }, 
        "id": {
            "stats": {}
        }, 
        "State": {
            "stats": {
                "mostFrequentValue": "CA", 
                "leastFrequentValue": "IN"
            }, 
            "category_possible_counts": [
                381, 
                231, 
                154, 
                147, 
                94, 
                89, 
                89, 
                81, 
                71, 
                63, 
                63, 
                62, 
                61, 
                56, 
                52, 
                40, 
                40, 
                40, 
                36, 
                36, 
                29, 
                27, 
                27, 
                26, 
                23, 
                22, 
                20, 
                20, 
                18, 
                16, 
                14, 
                12, 
                12, 
                11, 
                11, 
                11, 
                11, 
                9, 
                8, 
                7, 
                5, 
                4, 
                4, 
                3
            ], 
            "category_possible_values": [
                "CA", 
                "NY", 
                "TX", 
                "FL", 
                "IL", 
                "GA", 
                "PA", 
                "NJ", 
                "VA", 
                "OH", 
                "MD", 
                "MA", 
                "NC", 
                "CO", 
                "WA", 
                "MI", 
                "AZ", 
                "CT", 
                "AL", 
                "MN", 
                "MO", 
                "NV", 
                "OR", 
                "SC", 
                "WI", 
                "KY", 
                "LA", 
                "OK", 
                "KS", 
                "UT", 
                "RI", 
                "NM", 
                "WV", 
                "HI", 
                "DC", 
                "AR", 
                "NH", 
                "AK", 
                "DE", 
                "MT", 
                "VT", 
                "WY", 
                "SD", 
                "IN"
            ]
        }, 
        "Debt_To_Income_Ratio": {
            "stats": {
                "std": 7.451058715201254, 
                "p99": 33.202000000000005, 
                "min": 0.0, 
                "max": 34.91, 
                "average": 15.419798747763906, 
                "median": 15.355
            }, 
            "missing_impute_with_value": 15.419798747763906
        }, 
        "Age": {
            "stats": {
                "std": 5.657568373832665, 
                "p99": 46.0, 
                "min": 22.0, 
                "max": 49.0, 
                "average": 34.28130590339892, 
                "median": 34.0
            }, 
            "missing_impute_with_value": 34.28130590339892
        }, 
        "Home_Ownership": {
            "stats": {
                "mostFrequentValue": "MORTGAGE", 
                "leastFrequentValue": "OWN"
            }, 
            "category_possible_counts": [
                1044, 
                1017, 
                175
            ], 
            "category_possible_values": [
                "MORTGAGE", 
                "RENT", 
                "OWN"
            ]
        }, 
        "Inquiries_in_the_Last_6_Months": {
            "stats": {
                "std": 1.2262328135276832, 
                "p99": 5.0, 
                "min": 0.0, 
                "max": 9.0, 
                "average": 0.9011185682326622, 
                "median": 0.0
            }, 
            "missing_impute_with_value": 0.9011185682326622
        }, 
        "Revolving_CREDIT_Balance": {
            "stats": {
                "std": 18205.44866750595, 
                "p99": 88868.09999999953, 
                "min": 0.0, 
                "max": 270800.0, 
                "average": 15138.060850111857, 
                "median": 11011.0
            }, 
            "missing_impute_with_value": 15138.060850111857
        }
    }, 
    "feature_order": [
        "Status", 
        "Monthly_Income", 
        "Employment_Duration", 
        "Amount_Requested", 
        "Default", 
        "Open_CREDIT_Lines", 
        "Interest_Rate", 
        "FICO_Avg", 
        "Loan_Purpose", 
        "Loan_Length", 
        "id", 
        "State", 
        "Debt_To_Income_Ratio", 
        "Age", 
        "Home_Ownership", 
        "Inquiries_in_the_Last_6_Months", 
        "Revolving_CREDIT_Balance"
    ]
}