{
  "params": {
    "ttPolicy": "SPLIT_SINGLE_DATASET",
    "ssdSplitMode": "RANDOM",
    "splitBeforePrepare": true,
    "ssdSelection": {
      "useMemTable": false,
      "filter": {
        "distinct": false,
        "enabled": false
      },
      "partitionSelectionMethod": "ALL",
      "latestPartitionsN": 1,
      "ordering": {
        "enabled": false,
        "rules": []
      },
      "samplingMethod": "HEAD_SEQUENTIAL",
      "maxRecords": 100000,
      "targetRatio": 0.02,
      "withinFirstN": -1,
      "maxReadUncompressedBytes": -1
    },
    "ssdTrainingRatio": 0.8,
    "ssdSeed": 1337,
    "testOnLargerValues": true,
    "kfold": false,
    "nFolds": 5,
    "instanceIdRefresher": 0,
    "subSamplingSeed": 1337
  },
  "generationDate": 1606485196030,
  "policyId": "type\u003dSPLIT_SINGLE_DATASET,split\u003dRANDOM,splitBeforePrepare\u003dtrue,ds\u003dhistorical,sel\u003d(method\u003dhead-s,records\u003d100000),r\u003d0.8,s\u003d1337",
  "instanceId": "15e6ede20dea58d98f49124120864822-0",
  "format": "csv1",
  "schema": {
    "columns": [
      {"name":"id","type":"bigint"},
      {"name":"Amount_Requested","type":"bigint"},
      {"name":"Loan_Purpose","type":"string"},
      {"name":"Loan_Length","type":"bigint"},
      {"name":"Status","type":"string"},
      {"name":"Debt_To_Income_Ratio","type":"double"},
      {"name":"Home_Ownership","type":"string"},
      {"name":"FICO_Avg","type":"double"},
      {"name":"Open_CREDIT_Lines","type":"double"},
      {"name":"Revolving_CREDIT_Balance","type":"double"},
      {"name":"Inquiries_in_the_Last_6_Months","type":"double"},
      {"name":"Age","type":"bigint"},
      {"name":"Monthly_Income","type":"double"},
      {"name":"Employment_Duration","type":"bigint"},
      {"name":"State","type":"string"},
      {"name":"Interest_Rate","type":"double"},
      {"name":"Default","type":"double"}
    ],
    "userModified": false
  },
  "trainPath": "train-15e6ede20dea58d98f49124120864822-0.csv.gz",
  "testPath": "test-15e6ede20dea58d98f49124120864822-0.csv.gz",
  "trainRows": 1790,
  "testRows": 446,
  "fullRows": 0
}