{
    "maxConcurrentModelTraining": 2, 
    "initiator": "admin", 
    "backendType": "PY_MEMORY", 
    "targetVariable": "Default", 
    "weight": {}, 
    "calibration": {
        "calibrationMethod": "NO_CALIBRATION"
    }, 
    "predictionDisplayScript": {
        "maxProcessedMemTableBytes": -1, 
        "sorting": [], 
        "columnsSelection": {
            "mode": "ALL"
        }, 
        "columnWidthsByName": {}, 
        "analysisColumnData": {}, 
        "exploreUIParams": {}, 
        "vizSampling": {
            "autoRefreshSample": false, 
            "_refreshTrigger": 0
        }, 
        "coloring": {
            "scheme": "MEANING_AND_STATUS", 
            "valueColoringMode": "HASH", 
            "individualColumns": []
        }, 
        "steps": [], 
        "globalSearchQuery": "", 
        "previewMode": "ALL_ROWS", 
        "explorationSampling": {
            "autoRefreshSample": false, 
            "selection": {
                "targetRatio": 0.02, 
                "maxStoredBytes": -1, 
                "ordering": {
                    "rules": [], 
                    "enabled": false
                }, 
                "latestPartitionsN": 1, 
                "filter": {
                    "distinct": false, 
                    "enabled": false
                }, 
                "withinFirstN": -1, 
                "maxRecords": 10000, 
                "partitionSelectionMethod": "ALL", 
                "timeout": -1, 
                "samplingMethod": "HEAD_SEQUENTIAL", 
                "maxReadUncompressedBytes": -1
            }, 
            "_refreshTrigger": 0
        }, 
        "explorationFilters": []
    }, 
    "taskType": "PREDICTION", 
    "sparkCheckpoint": "NONE", 
    "predictionDisplayCharts": [], 
    "sparkParams": {
        "sparkUseGlobalMetastore": false, 
        "sparkExecutionEngine": "SPARK_SUBMIT", 
        "sparkPreparedDFStorageLevel": "MEMORY_AND_DISK", 
        "pipelineAllowMerge": true, 
        "pipelineAllowStart": true, 
        "sparkConf": {
            "inheritConf": "default", 
            "conf": []
        }, 
        "sparkRepartitionNonHDFS": 1
    }, 
    "containerSelection": {
        "containerMode": "INHERIT"
    }, 
    "envSelection": {
        "envMode": "USE_BUILTIN_MODE"
    }, 
    "time": {
        "enabled": false, 
        "ascending": true
    }, 
    "partitionedModel": {
        "ssdSelection": {
            "targetRatio": 0.02, 
            "maxReadUncompressedBytes": -1, 
            "ordering": {
                "rules": [], 
                "enabled": false
            }, 
            "latestPartitionsN": 1, 
            "filter": {
                "distinct": false, 
                "enabled": false
            }, 
            "withinFirstN": -1, 
            "maxRecords": -1, 
            "partitionSelectionMethod": "ALL", 
            "useMemTable": false, 
            "samplingMethod": "FULL"
        }, 
        "enabled": false
    }, 
    "id": "ddFX3VHQ", 
    "guessPolicy": "PERFORMANCE", 
    "name": "Predict Default"
}