[
    {
        "fit_time": 23, 
        "best_iteration": null, 
        "test_score": 0.8194225721784777, 
        "time": 33, 
        "split_id": 0, 
        "parameters": {
            "penalty": "l1", 
            "C": 1.567667719550606
        }, 
        "num_samples": 598, 
        "score_time": 10, 
        "train_score": 0.8703709859716774, 
        "done_at": 1606485198937, 
        "test_score_gib": 0.8194225721784777
    }, 
    {
        "fit_time": 35, 
        "best_iteration": null, 
        "test_score": 0.8106952108680717, 
        "time": 45, 
        "split_id": 1, 
        "parameters": {
            "penalty": "l1", 
            "C": 1.567667719550606
        }, 
        "num_samples": 596, 
        "score_time": 10, 
        "train_score": 0.8789057984973994, 
        "done_at": 1606485198952, 
        "test_score_gib": 0.8106952108680717
    }, 
    {
        "fit_time": 18, 
        "best_iteration": null, 
        "test_score": 0.8406799193316048, 
        "time": 33, 
        "split_id": 2, 
        "parameters": {
            "penalty": "l1", 
            "C": 1.567667719550606
        }, 
        "num_samples": 596, 
        "score_time": 15, 
        "train_score": 0.8614139857445579, 
        "done_at": 1606485198943, 
        "test_score_gib": 0.8406799193316048
    }, 
    {
        "fit_time": 42, 
        "best_iteration": null, 
        "test_score": 0.8016404199475066, 
        "time": 48, 
        "split_id": 0, 
        "parameters": {
            "penalty": "l1", 
            "C": 7.2570057215942745
        }, 
        "num_samples": 598, 
        "score_time": 6, 
        "train_score": 0.8751745229705471, 
        "done_at": 1606485198962, 
        "test_score_gib": 0.8016404199475066
    }, 
    {
        "fit_time": 46, 
        "best_iteration": null, 
        "test_score": 0.8029829576934158, 
        "time": 61, 
        "split_id": 1, 
        "parameters": {
            "penalty": "l1", 
            "C": 7.2570057215942745
        }, 
        "num_samples": 596, 
        "score_time": 15, 
        "train_score": 0.8829677738943775, 
        "done_at": 1606485199002, 
        "test_score_gib": 0.8029829576934158
    }, 
    {
        "fit_time": 43, 
        "best_iteration": null, 
        "test_score": 0.8255435143939897, 
        "time": 56, 
        "split_id": 2, 
        "parameters": {
            "penalty": "l1", 
            "C": 7.2570057215942745
        }, 
        "num_samples": 596, 
        "score_time": 13, 
        "train_score": 0.8656741062828521, 
        "done_at": 1606485199003, 
        "test_score_gib": 0.8255435143939897
    }, 
    {
        "fit_time": 26, 
        "best_iteration": null, 
        "test_score": 0.8124890638670166, 
        "time": 32, 
        "split_id": 0, 
        "parameters": {
            "penalty": "l1", 
            "C": 2.5766385746135883
        }, 
        "num_samples": 598, 
        "score_time": 6, 
        "train_score": 0.8734182124415486, 
        "done_at": 1606485198987, 
        "test_score_gib": 0.8124890638670166
    }, 
    {
        "fit_time": 48, 
        "best_iteration": null, 
        "test_score": 0.8088336325155685, 
        "time": 63, 
        "split_id": 1, 
        "parameters": {
            "penalty": "l1", 
            "C": 2.5766385746135883
        }, 
        "num_samples": 596, 
        "score_time": 15, 
        "train_score": 0.8811679555274238, 
        "done_at": 1606485199027, 
        "test_score_gib": 0.8088336325155685
    }, 
    {
        "fit_time": 20, 
        "best_iteration": null, 
        "test_score": 0.8350286993329343, 
        "time": 31, 
        "split_id": 2, 
        "parameters": {
            "penalty": "l1", 
            "C": 2.5766385746135883
        }, 
        "num_samples": 596, 
        "score_time": 11, 
        "train_score": 0.8641990257863885, 
        "done_at": 1606485199022, 
        "test_score_gib": 0.8350286993329343
    }, 
    {
        "fit_time": 22, 
        "best_iteration": null, 
        "test_score": 0.8196194225721785, 
        "time": 35, 
        "split_id": 0, 
        "parameters": {
            "penalty": "l1", 
            "C": 1.5119336467640998
        }, 
        "num_samples": 598, 
        "score_time": 13, 
        "train_score": 0.8700053187952927, 
        "done_at": 1606485199040, 
        "test_score_gib": 0.8196194225721785
    }, 
    {
        "fit_time": 27, 
        "best_iteration": null, 
        "test_score": 0.810739534162179, 
        "time": 43, 
        "split_id": 1, 
        "parameters": {
            "penalty": "l1", 
            "C": 1.5119336467640998
        }, 
        "num_samples": 596, 
        "score_time": 16, 
        "train_score": 0.878674629165864, 
        "done_at": 1606485199050, 
        "test_score_gib": 0.810739534162179
    }, 
    {
        "fit_time": 20, 
        "best_iteration": null, 
        "test_score": 0.8410788289785697, 
        "time": 36, 
        "split_id": 2, 
        "parameters": {
            "penalty": "l1", 
            "C": 1.5119336467640998
        }, 
        "num_samples": 596, 
        "score_time": 16, 
        "train_score": 0.8610507196521452, 
        "done_at": 1606485199061, 
        "test_score_gib": 0.8410788289785697
    }, 
    {
        "fit_time": 11, 
        "best_iteration": null, 
        "test_score": 0.8327209098862642, 
        "time": 31, 
        "split_id": 0, 
        "parameters": {
            "penalty": "l1", 
            "C": 0.49501595537331916
        }, 
        "num_samples": 598, 
        "score_time": 20, 
        "train_score": 0.8549908029164727, 
        "done_at": 1606485199062, 
        "test_score_gib": 0.8327209098862642
    }, 
    {
        "fit_time": 9, 
        "best_iteration": null, 
        "test_score": 0.810229816279946, 
        "time": 34, 
        "split_id": 1, 
        "parameters": {
            "penalty": "l1", 
            "C": 0.49501595537331916
        }, 
        "num_samples": 596, 
        "score_time": 25, 
        "train_score": 0.8636211024575501, 
        "done_at": 1606485199078, 
        "test_score_gib": 0.810229816279946
    }, 
    {
        "fit_time": 14, 
        "best_iteration": null, 
        "test_score": 0.8457992598009885, 
        "time": 29, 
        "split_id": 2, 
        "parameters": {
            "penalty": "l1", 
            "C": 0.49501595537331916
        }, 
        "num_samples": 596, 
        "score_time": 15, 
        "train_score": 0.84507251561769, 
        "done_at": 1606485199082, 
        "test_score_gib": 0.8457992598009885
    }, 
    {
        "fit_time": 25, 
        "best_iteration": null, 
        "test_score": 0.8081802274715659, 
        "time": 36, 
        "split_id": 0, 
        "parameters": {
            "penalty": "l1", 
            "C": 3.833332156156661
        }, 
        "num_samples": 598, 
        "score_time": 11, 
        "train_score": 0.8743212995589832, 
        "done_at": 1606485199102, 
        "test_score_gib": 0.8081802274715659
    }, 
    {
        "fit_time": 58, 
        "best_iteration": null, 
        "test_score": 0.8063072047514571, 
        "time": 73, 
        "split_id": 1, 
        "parameters": {
            "penalty": "l1", 
            "C": 3.833332156156661
        }, 
        "num_samples": 596, 
        "score_time": 15, 
        "train_score": 0.8823513223436167, 
        "done_at": 1606485199141, 
        "test_score_gib": 0.8063072047514571
    }, 
    {
        "fit_time": 21, 
        "best_iteration": null, 
        "test_score": 0.831083926157392, 
        "time": 36, 
        "split_id": 2, 
        "parameters": {
            "penalty": "l1", 
            "C": 3.833332156156661
        }, 
        "num_samples": 596, 
        "score_time": 15, 
        "train_score": 0.8652007595563751, 
        "done_at": 1606485199117, 
        "test_score_gib": 0.831083926157392
    }, 
    {
        "fit_time": 7, 
        "best_iteration": null, 
        "test_score": 0.8315835520559929, 
        "time": 22, 
        "split_id": 0, 
        "parameters": {
            "penalty": "l1", 
            "C": 0.5627932047415165
        }, 
        "num_samples": 598, 
        "score_time": 15, 
        "train_score": 0.8577443875628836, 
        "done_at": 1606485199107, 
        "test_score_gib": 0.8315835520559929
    }, 
    {
        "fit_time": 15, 
        "best_iteration": null, 
        "test_score": 0.810451432750482, 
        "time": 25, 
        "split_id": 1, 
        "parameters": {
            "penalty": "l1", 
            "C": 0.5627932047415165
        }, 
        "num_samples": 596, 
        "score_time": 10, 
        "train_score": 0.8660924126922971, 
        "done_at": 1606485199130, 
        "test_score_gib": 0.810451432750482
    }, 
    {
        "fit_time": 14, 
        "best_iteration": null, 
        "test_score": 0.8466857256831328, 
        "time": 35, 
        "split_id": 2, 
        "parameters": {
            "penalty": "l1", 
            "C": 0.5627932047415165
        }, 
        "num_samples": 596, 
        "score_time": 21, 
        "train_score": 0.8472466081404628, 
        "done_at": 1606485199145, 
        "test_score_gib": 0.8466857256831328
    }, 
    {
        "fit_time": 114, 
        "best_iteration": null, 
        "test_score": 0.7898731408573929, 
        "time": 119, 
        "split_id": 0, 
        "parameters": {
            "penalty": "l1", 
            "C": 36.90557729213758
        }, 
        "num_samples": 598, 
        "score_time": 5, 
        "train_score": 0.87594464020566, 
        "done_at": 1606485199238, 
        "test_score_gib": 0.7898731408573929
    }, 
    {
        "fit_time": 246, 
        "best_iteration": null, 
        "test_score": 0.794583693460098, 
        "time": 252, 
        "split_id": 1, 
        "parameters": {
            "penalty": "l1", 
            "C": 36.90557729213758
        }, 
        "num_samples": 596, 
        "score_time": 6, 
        "train_score": 0.883743842364532, 
        "done_at": 1606485199385, 
        "test_score_gib": 0.794583693460098
    }, 
    {
        "fit_time": 108, 
        "best_iteration": null, 
        "test_score": 0.8150832169846863, 
        "time": 115, 
        "split_id": 2, 
        "parameters": {
            "penalty": "l1", 
            "C": 36.90557729213758
        }, 
        "num_samples": 596, 
        "score_time": 7, 
        "train_score": 0.8664501747530067, 
        "done_at": 1606485199259, 
        "test_score_gib": 0.8150832169846863
    }, 
    {
        "fit_time": 7, 
        "best_iteration": null, 
        "test_score": 0.8374015748031496, 
        "time": 16, 
        "split_id": 0, 
        "parameters": {
            "penalty": "l1", 
            "C": 0.34179529120610097
        }, 
        "num_samples": 598, 
        "score_time": 9, 
        "train_score": 0.8478381313299205, 
        "done_at": 1606485199406, 
        "test_score_gib": 0.8374015748031496
    }, 
    {
        "fit_time": 7, 
        "best_iteration": null, 
        "test_score": 0.8109168273386078, 
        "time": 16, 
        "split_id": 1, 
        "parameters": {
            "penalty": "l1", 
            "C": 0.34179529120610097
        }, 
        "num_samples": 596, 
        "score_time": 9, 
        "train_score": 0.8583702562126758, 
        "done_at": 1606485199424, 
        "test_score_gib": 0.8109168273386078
    }, 
    {
        "fit_time": 10, 
        "best_iteration": null, 
        "test_score": 0.8436274183897348, 
        "time": 15, 
        "split_id": 2, 
        "parameters": {
            "penalty": "l1", 
            "C": 0.34179529120610097
        }, 
        "num_samples": 596, 
        "score_time": 5, 
        "train_score": 0.8384841896689326, 
        "done_at": 1606485199443, 
        "test_score_gib": 0.8436274183897348
    }, 
    {
        "fit_time": 63, 
        "best_iteration": null, 
        "test_score": 0.7954286964129484, 
        "time": 69, 
        "split_id": 0, 
        "parameters": {
            "penalty": "l1", 
            "C": 14.685885989200846
        }, 
        "num_samples": 598, 
        "score_time": 6, 
        "train_score": 0.8756620792057265, 
        "done_at": 1606485199502, 
        "test_score_gib": 0.7954286964129484
    }, 
    {
        "fit_time": 95, 
        "best_iteration": null, 
        "test_score": 0.7995257407530528, 
        "time": 100, 
        "split_id": 1, 
        "parameters": {
            "penalty": "l1", 
            "C": 14.685885989200846
        }, 
        "num_samples": 596, 
        "score_time": 5, 
        "train_score": 0.8831934391942097, 
        "done_at": 1606485199549, 
        "test_score_gib": 0.7995257407530528
    }, 
    {
        "fit_time": 71, 
        "best_iteration": null, 
        "test_score": 0.8200695875717483, 
        "time": 82, 
        "split_id": 2, 
        "parameters": {
            "penalty": "l1", 
            "C": 14.685885989200846
        }, 
        "num_samples": 596, 
        "score_time": 11, 
        "train_score": 0.8661474530093293, 
        "done_at": 1606485199587, 
        "test_score_gib": 0.8200695875717483
    }, 
    {
        "fit_time": 19, 
        "best_iteration": null, 
        "test_score": 0.8215660542432196, 
        "time": 29, 
        "split_id": 0, 
        "parameters": {
            "penalty": "l1", 
            "C": 1.3049073550362391
        }, 
        "num_samples": 598, 
        "score_time": 10, 
        "train_score": 0.8687365645014737, 
        "done_at": 1606485199581, 
        "test_score_gib": 0.8215660542432196
    }, 
    {
        "fit_time": 15, 
        "best_iteration": null, 
        "test_score": 0.8115151918090552, 
        "time": 31, 
        "split_id": 1, 
        "parameters": {
            "penalty": "l1", 
            "C": 1.3049073550362391
        }, 
        "num_samples": 596, 
        "score_time": 16, 
        "train_score": 0.8778985606957096, 
        "done_at": 1606485199615, 
        "test_score_gib": 0.8115151918090552
    }, 
    {
        "fit_time": 17, 
        "best_iteration": null, 
        "test_score": 0.8429625689781265, 
        "time": 31, 
        "split_id": 2, 
        "parameters": {
            "penalty": "l1", 
            "C": 1.3049073550362391
        }, 
        "num_samples": 596, 
        "score_time": 14, 
        "train_score": 0.8592453972534881, 
        "done_at": 1606485199623, 
        "test_score_gib": 0.8429625689781265
    }, 
    {
        "fit_time": 267, 
        "best_iteration": null, 
        "test_score": 0.7870297462817148, 
        "time": 279, 
        "split_id": 0, 
        "parameters": {
            "penalty": "l1", 
            "C": 71.5568216175486
        }, 
        "num_samples": 598, 
        "score_time": 12, 
        "train_score": 0.8760776100879817, 
        "done_at": 1606485199431, 
        "test_score_gib": 0.7870297462817148
    }, 
    {
        "fit_time": 357, 
        "best_iteration": null, 
        "test_score": 0.7918799725195577, 
        "time": 369, 
        "split_id": 1, 
        "parameters": {
            "penalty": "l1", 
            "C": 71.5568216175486
        }, 
        "num_samples": 596, 
        "score_time": 12, 
        "train_score": 0.8840190439496931, 
        "done_at": 1606485199610, 
        "test_score_gib": 0.7918799725195577
    }, 
    {
        "fit_time": 405, 
        "best_iteration": null, 
        "test_score": 0.812490304279414, 
        "time": 413, 
        "split_id": 2, 
        "parameters": {
            "penalty": "l1", 
            "C": 71.5568216175486
        }, 
        "num_samples": 596, 
        "score_time": 8, 
        "train_score": 0.8665217271651484, 
        "done_at": 1606485199674, 
        "test_score_gib": 0.812490304279414
    }, 
    {
        "fit_time": 21, 
        "best_iteration": null, 
        "test_score": 0.8166666666666667, 
        "time": 27, 
        "split_id": 0, 
        "parameters": {
            "penalty": "l1", 
            "C": 1.871450068624066
        }, 
        "num_samples": 598, 
        "score_time": 6, 
        "train_score": 0.8717394676772379, 
        "done_at": 1606485199639, 
        "test_score_gib": 0.8166666666666667
    }, 
    {
        "fit_time": 51, 
        "best_iteration": null, 
        "test_score": 0.8103406245152139, 
        "time": 67, 
        "split_id": 1, 
        "parameters": {
            "penalty": "l1", 
            "C": 1.871450068624066
        }, 
        "num_samples": 596, 
        "score_time": 16, 
        "train_score": 0.8797699314748053, 
        "done_at": 1606485199686, 
        "test_score_gib": 0.8103406245152139
    }, 
    {
        "fit_time": 19, 
        "best_iteration": null, 
        "test_score": 0.8384859162732975, 
        "time": 24, 
        "split_id": 2, 
        "parameters": {
            "penalty": "l1", 
            "C": 1.871450068624066
        }, 
        "num_samples": 596, 
        "score_time": 5, 
        "train_score": 0.8628395299556925, 
        "done_at": 1606485199651, 
        "test_score_gib": 0.8384859162732975
    }, 
    {
        "fit_time": 5, 
        "best_iteration": null, 
        "test_score": 0.8391185476815398, 
        "time": 10, 
        "split_id": 0, 
        "parameters": {
            "penalty": "l1", 
            "C": 0.01923730509654649
        }, 
        "num_samples": 598, 
        "score_time": 5, 
        "train_score": 0.827867717128737, 
        "done_at": 1606485199700, 
        "test_score_gib": 0.8391185476815398
    }, 
    {
        "fit_time": 4, 
        "best_iteration": null, 
        "test_score": 0.81323271945571, 
        "time": 8, 
        "split_id": 1, 
        "parameters": {
            "penalty": "l1", 
            "C": 0.01923730509654649
        }, 
        "num_samples": 596, 
        "score_time": 4, 
        "train_score": 0.841624239755621, 
        "done_at": 1606485199711, 
        "test_score_gib": 0.81323271945571
    }, 
    {
        "fit_time": 3, 
        "best_iteration": null, 
        "test_score": 0.8431731046251358, 
        "time": 8, 
        "split_id": 2, 
        "parameters": {
            "penalty": "l1", 
            "C": 0.01923730509654649
        }, 
        "num_samples": 596, 
        "score_time": 5, 
        "train_score": 0.8267991303629909, 
        "done_at": 1606485199722, 
        "test_score_gib": 0.8431731046251358
    }, 
    {
        "fit_time": 5, 
        "best_iteration": null, 
        "test_score": 0.8391185476815398, 
        "time": 10, 
        "split_id": 0, 
        "parameters": {
            "penalty": "l1", 
            "C": 0.022310905607443036
        }, 
        "num_samples": 598, 
        "score_time": 5, 
        "train_score": 0.827867717128737, 
        "done_at": 1606485199737, 
        "test_score_gib": 0.8391185476815398
    }, 
    {
        "fit_time": 3, 
        "best_iteration": null, 
        "test_score": 0.81323271945571, 
        "time": 9, 
        "split_id": 1, 
        "parameters": {
            "penalty": "l1", 
            "C": 0.022310905607443036
        }, 
        "num_samples": 596, 
        "score_time": 6, 
        "train_score": 0.841624239755621, 
        "done_at": 1606485199747, 
        "test_score_gib": 0.81323271945571
    }, 
    {
        "fit_time": 3, 
        "best_iteration": null, 
        "test_score": 0.8431731046251358, 
        "time": 8, 
        "split_id": 2, 
        "parameters": {
            "penalty": "l1", 
            "C": 0.022310905607443036
        }, 
        "num_samples": 596, 
        "score_time": 5, 
        "train_score": 0.8267991303629909, 
        "done_at": 1606485199757, 
        "test_score_gib": 0.8431731046251358
    }, 
    {
        "fit_time": 5, 
        "best_iteration": null, 
        "test_score": 0.8391185476815398, 
        "time": 11, 
        "split_id": 0, 
        "parameters": {
            "penalty": "l1", 
            "C": 0.01204685241203032
        }, 
        "num_samples": 598, 
        "score_time": 6, 
        "train_score": 0.827867717128737, 
        "done_at": 1606485199772, 
        "test_score_gib": 0.8391185476815398
    }, 
    {
        "fit_time": 2, 
        "best_iteration": null, 
        "test_score": 0.8128781331028522, 
        "time": 7, 
        "split_id": 1, 
        "parameters": {
            "penalty": "l1", 
            "C": 0.01204685241203032
        }, 
        "num_samples": 596, 
        "score_time": 5, 
        "train_score": 0.8407325866196989, 
        "done_at": 1606485199781, 
        "test_score_gib": 0.8128781331028522
    }, 
    {
        "fit_time": 4, 
        "best_iteration": null, 
        "test_score": 0.8429404073310728, 
        "time": 18, 
        "split_id": 2, 
        "parameters": {
            "penalty": "l1", 
            "C": 0.01204685241203032
        }, 
        "num_samples": 596, 
        "score_time": 14, 
        "train_score": 0.8258689490051463, 
        "done_at": 1606485199802, 
        "test_score_gib": 0.8429404073310728
    }, 
    {
        "fit_time": 145, 
        "best_iteration": null, 
        "test_score": 0.7883639545056869, 
        "time": 158, 
        "split_id": 0, 
        "parameters": {
            "penalty": "l1", 
            "C": 50.39489598671208
        }, 
        "num_samples": 598, 
        "score_time": 13, 
        "train_score": 0.8760166655585843, 
        "done_at": 1606485199799, 
        "test_score_gib": 0.7883639545056869
    }, 
    {
        "fit_time": 287, 
        "best_iteration": null, 
        "test_score": 0.7934312878133104, 
        "time": 297, 
        "split_id": 1, 
        "parameters": {
            "penalty": "l1", 
            "C": 50.39489598671208
        }, 
        "num_samples": 596, 
        "score_time": 10, 
        "train_score": 0.8839089633156287, 
        "done_at": 1606485199951, 
        "test_score_gib": 0.7934312878133104
    }, 
    {
        "fit_time": 186, 
        "best_iteration": null, 
        "test_score": 0.813797841455577, 
        "time": 191, 
        "split_id": 2, 
        "parameters": {
            "penalty": "l1", 
            "C": 50.39489598671208
        }, 
        "num_samples": 596, 
        "score_time": 5, 
        "train_score": 0.8664887029749292, 
        "done_at": 1606485199872, 
        "test_score_gib": 0.813797841455577
    }, 
    {
        "fit_time": 49, 
        "best_iteration": null, 
        "test_score": 0.7962379702537182, 
        "time": 67, 
        "split_id": 0, 
        "parameters": {
            "penalty": "l1", 
            "C": 12.960656597279723
        }, 
        "num_samples": 598, 
        "score_time": 18, 
        "train_score": 0.8755457305586951, 
        "done_at": 1606485199961, 
        "test_score_gib": 0.7962379702537182
    }, 
    {
        "fit_time": 88, 
        "best_iteration": null, 
        "test_score": 0.7998803271059105, 
        "time": 93, 
        "split_id": 1, 
        "parameters": {
            "penalty": "l1", 
            "C": 12.960656597279723
        }, 
        "num_samples": 596, 
        "score_time": 5, 
        "train_score": 0.8831439029088807, 
        "done_at": 1606485200008, 
        "test_score_gib": 0.7998803271059105
    }, 
    {
        "fit_time": 62, 
        "best_iteration": null, 
        "test_score": 0.8209338918068391, 
        "time": 67, 
        "split_id": 2, 
        "parameters": {
            "penalty": "l1", 
            "C": 12.960656597279723
        }, 
        "num_samples": 596, 
        "score_time": 5, 
        "train_score": 0.8661034207557037, 
        "done_at": 1606485200024, 
        "test_score_gib": 0.8209338918068391
    }, 
    {
        "fit_time": 84, 
        "best_iteration": null, 
        "test_score": 0.7929133858267716, 
        "time": 89, 
        "split_id": 0, 
        "parameters": {
            "penalty": "l1", 
            "C": 21.40323314098605
        }, 
        "num_samples": 598, 
        "score_time": 5, 
        "train_score": 0.8759446402056602, 
        "done_at": 1606485199891, 
        "test_score_gib": 0.7929133858267716
    }, 
    {
        "fit_time": 97, 
        "best_iteration": null, 
        "test_score": 0.7979522638122465, 
        "time": 102, 
        "split_id": 1, 
        "parameters": {
            "penalty": "l1", 
            "C": 21.40323314098605
        }, 
        "num_samples": 596, 
        "score_time": 5, 
        "train_score": 0.8833530561136033, 
        "done_at": 1606485199913, 
        "test_score_gib": 0.7979522638122465
    }, 
    {
        "fit_time": 159, 
        "best_iteration": null, 
        "test_score": 0.817875584513441, 
        "time": 165, 
        "split_id": 2, 
        "parameters": {
            "penalty": "l1", 
            "C": 21.40323314098605
        }, 
        "num_samples": 596, 
        "score_time": 6, 
        "train_score": 0.8663015658970196, 
        "done_at": 1606485200040, 
        "test_score_gib": 0.817875584513441
    }, 
    {
        "fit_time": 101, 
        "best_iteration": null, 
        "test_score": 0.79083552055993, 
        "time": 107, 
        "split_id": 0, 
        "parameters": {
            "penalty": "l1", 
            "C": 30.202896401586628
        }, 
        "num_samples": 598, 
        "score_time": 6, 
        "train_score": 0.8759224785586065, 
        "done_at": 1606485200071, 
        "test_score_gib": 0.79083552055993
    }, 
    {
        "fit_time": 223, 
        "best_iteration": null, 
        "test_score": 0.7958025840480465, 
        "time": 228, 
        "split_id": 1, 
        "parameters": {
            "penalty": "l1", 
            "C": 30.202896401586628
        }, 
        "num_samples": 596, 
        "score_time": 5, 
        "train_score": 0.8835456972232161, 
        "done_at": 1606485200238, 
        "test_score_gib": 0.7958025840480465
    }, 
    {
        "fit_time": 110, 
        "best_iteration": null, 
        "test_score": 0.8162356226314739, 
        "time": 115, 
        "split_id": 2, 
        "parameters": {
            "penalty": "l1", 
            "C": 30.202896401586628
        }, 
        "num_samples": 596, 
        "score_time": 5, 
        "train_score": 0.8664061424993809, 
        "done_at": 1606485200145, 
        "test_score_gib": 0.8162356226314739
    }, 
    {
        "fit_time": 76, 
        "best_iteration": null, 
        "test_score": 0.794750656167979, 
        "time": 81, 
        "split_id": 0, 
        "parameters": {
            "penalty": "l1", 
            "C": 15.726578854179495
        }, 
        "num_samples": 598, 
        "score_time": 5, 
        "train_score": 0.8756842408527802, 
        "done_at": 1606485200325, 
        "test_score_gib": 0.794750656167979
    }, 
    {
        "fit_time": 93, 
        "best_iteration": null, 
        "test_score": 0.7992598009884094, 
        "time": 98, 
        "split_id": 1, 
        "parameters": {
            "penalty": "l1", 
            "C": 15.726578854179495
        }, 
        "num_samples": 596, 
        "score_time": 5, 
        "train_score": 0.8832154553210226, 
        "done_at": 1606485200372, 
        "test_score_gib": 0.7992598009884094
    }, 
    {
        "fit_time": 67, 
        "best_iteration": null, 
        "test_score": 0.8197150012188906, 
        "time": 74, 
        "split_id": 2, 
        "parameters": {
            "penalty": "l1", 
            "C": 15.726578854179495
        }, 
        "num_samples": 596, 
        "score_time": 7, 
        "train_score": 0.8662024933263616, 
        "done_at": 1606485200401, 
        "test_score_gib": 0.8197150012188906
    }, 
    {
        "fit_time": 12, 
        "best_iteration": null, 
        "test_score": 0.8280402449693788, 
        "time": 18, 
        "split_id": 0, 
        "parameters": {
            "penalty": "l1", 
            "C": 0.701321977994579
        }, 
        "num_samples": 598, 
        "score_time": 6, 
        "train_score": 0.8617279436207699, 
        "done_at": 1606485200392, 
        "test_score_gib": 0.8280402449693788
    }, 
    {
        "fit_time": 13, 
        "best_iteration": null, 
        "test_score": 0.8118254548678058, 
        "time": 24, 
        "split_id": 1, 
        "parameters": {
            "penalty": "l1", 
            "C": 0.701321977994579
        }, 
        "num_samples": 596, 
        "score_time": 11, 
        "train_score": 0.8709029364009137, 
        "done_at": 1606485200418, 
        "test_score_gib": 0.8118254548678058
    }, 
    {
        "fit_time": 15, 
        "best_iteration": null, 
        "test_score": 0.8467965339184007, 
        "time": 21, 
        "split_id": 2, 
        "parameters": {
            "penalty": "l1", 
            "C": 0.701321977994579
        }, 
        "num_samples": 596, 
        "score_time": 6, 
        "train_score": 0.8509177972865124, 
        "done_at": 1606485200428, 
        "test_score_gib": 0.8467965339184007
    }, 
    {
        "fit_time": 218, 
        "best_iteration": null, 
        "test_score": 0.7865266841644795, 
        "time": 223, 
        "split_id": 0, 
        "parameters": {
            "penalty": "l1", 
            "C": 82.12461922256863
        }, 
        "num_samples": 598, 
        "score_time": 5, 
        "train_score": 0.8761053121467988, 
        "done_at": 1606485200273, 
        "test_score_gib": 0.7865266841644795
    }, 
    {
        "fit_time": 416, 
        "best_iteration": null, 
        "test_score": 0.7912816080491103, 
        "time": 426, 
        "split_id": 1, 
        "parameters": {
            "penalty": "l1", 
            "C": 82.12461922256863
        }, 
        "num_samples": 596, 
        "score_time": 10, 
        "train_score": 0.8840300520130995, 
        "done_at": 1606485200500, 
        "test_score_gib": 0.7912816080491103
    }, 
    {
        "fit_time": 480, 
        "best_iteration": null, 
        "test_score": 0.812268687808878, 
        "time": 491, 
        "split_id": 2, 
        "parameters": {
            "penalty": "l1", 
            "C": 82.12461922256863
        }, 
        "num_samples": 596, 
        "score_time": 11, 
        "train_score": 0.8665272311968517, 
        "done_at": 1606485200639, 
        "test_score_gib": 0.812268687808878
    }, 
    {
        "fit_time": 67, 
        "best_iteration": null, 
        "test_score": 0.7961067366579176, 
        "time": 90, 
        "split_id": 0, 
        "parameters": {
            "penalty": "l1", 
            "C": 13.24697464746844
        }, 
        "num_samples": 598, 
        "score_time": 23, 
        "train_score": 0.8755789730292755, 
        "done_at": 1606485200510, 
        "test_score_gib": 0.7961067366579176
    }, 
    {
        "fit_time": 187, 
        "best_iteration": null, 
        "test_score": 0.7999024887529642, 
        "time": 199, 
        "split_id": 1, 
        "parameters": {
            "penalty": "l1", 
            "C": 13.24697464746844
        }, 
        "num_samples": 596, 
        "score_time": 12, 
        "train_score": 0.8831714230673968, 
        "done_at": 1606485200636, 
        "test_score_gib": 0.7999024887529642
    }, 
    {
        "fit_time": 141, 
        "best_iteration": null, 
        "test_score": 0.8206901136892494, 
        "time": 150, 
        "split_id": 2, 
        "parameters": {
            "penalty": "l1", 
            "C": 13.24697464746844
        }, 
        "num_samples": 596, 
        "score_time": 9, 
        "train_score": 0.8661199328508131, 
        "done_at": 1606485200653, 
        "test_score_gib": 0.8206901136892494
    }
]