{
    "gridSize": 24, 
    "nThreads": 4, 
    "metric": "ROC_AUC", 
    "gridPoints": [
        {
            "scoreTimeMean": 11.666666666666666, 
            "best_iteration": null, 
            "time": 111, 
            "trainScoreMean": 0.8702304139772455, 
            "finishedAt": 1606485198952, 
            "fitTimeStd": 7.1336448530109, 
            "testScoreStd": 0.012586169906742372, 
            "scoreTimeStd": 2.357022603955158, 
            "parameters": {
                "penalty": "l1", 
                "C": 1.567667719550606
            }, 
            "testScoreMean": 0.8235945674646574, 
            "score": 0.8235945674646574, 
            "trainScoreStd": 0.007137706623911954, 
            "testScoreGibMean": 0.8235945674646574, 
            "fitTimeMean": 25.333333333333332
        }, 
        {
            "scoreTimeMean": 11.333333333333334, 
            "best_iteration": null, 
            "time": 165, 
            "trainScoreMean": 0.8746061035318525, 
            "finishedAt": 1606485199003, 
            "fitTimeStd": 1.699673171197595, 
            "testScoreStd": 0.010962771723186517, 
            "scoreTimeStd": 3.858612300930075, 
            "parameters": {
                "penalty": "l1", 
                "C": 7.2570057215942745
            }, 
            "testScoreMean": 0.8100462282082137, 
            "score": 0.8100462282082137, 
            "trainScoreStd": 0.00706764148130662, 
            "testScoreGibMean": 0.8100462282082137, 
            "fitTimeMean": 43.666666666666664
        }, 
        {
            "scoreTimeMean": 10.666666666666666, 
            "best_iteration": null, 
            "time": 126, 
            "trainScoreMean": 0.8729289451972504, 
            "finishedAt": 1606485199027, 
            "fitTimeStd": 12.036980056845193, 
            "testScoreStd": 0.011578848657024483, 
            "scoreTimeStd": 3.6817870057290873, 
            "parameters": {
                "penalty": "l1", 
                "C": 2.5766385746135883
            }, 
            "testScoreMean": 0.8187767653487059, 
            "score": 0.8187767653487059, 
            "trainScoreStd": 0.006932332555636876, 
            "testScoreGibMean": 0.8187767653487059, 
            "fitTimeMean": 31.333333333333332
        }, 
        {
            "scoreTimeMean": 15.0, 
            "best_iteration": null, 
            "time": 114, 
            "trainScoreMean": 0.8699103287905688, 
            "finishedAt": 1606485199061, 
            "fitTimeStd": 2.943920288775949, 
            "testScoreStd": 0.01272956692400232, 
            "scoreTimeStd": 1.4142135623730951, 
            "parameters": {
                "penalty": "l1", 
                "C": 1.5119336467640998
            }, 
            "testScoreMean": 0.8238079101285191, 
            "score": 0.8238079101285191, 
            "trainScoreStd": 0.007191225036321621, 
            "testScoreGibMean": 0.8238079101285191, 
            "fitTimeMean": 23.0
        }, 
        {
            "scoreTimeMean": 20.0, 
            "best_iteration": null, 
            "time": 94, 
            "trainScoreMean": 0.8545619533613931, 
            "finishedAt": 1606485199082, 
            "fitTimeStd": 2.0548046676563256, 
            "testScoreStd": 0.014681836112243921, 
            "scoreTimeStd": 4.08248290463863, 
            "parameters": {
                "penalty": "l1", 
                "C": 0.49501595537331916
            }, 
            "testScoreMean": 0.8295868343330854, 
            "score": 0.8295868343330854, 
            "trainScoreStd": 0.007574290368859286, 
            "testScoreGibMean": 0.8295868343330854, 
            "fitTimeMean": 11.333333333333334
        }, 
        {
            "scoreTimeMean": 13.666666666666666, 
            "best_iteration": null, 
            "time": 145, 
            "trainScoreMean": 0.8739581999713223, 
            "finishedAt": 1606485199141, 
            "fitTimeStd": 16.579773487261182, 
            "testScoreStd": 0.011260507335109167, 
            "scoreTimeStd": 1.8856180831641267, 
            "parameters": {
                "penalty": "l1", 
                "C": 3.833332156156661
            }, 
            "testScoreMean": 0.8151826201394807, 
            "score": 0.8151826201394807, 
            "trainScoreStd": 0.00700249961385296, 
            "testScoreGibMean": 0.8151826201394807, 
            "fitTimeMean": 34.666666666666664
        }, 
        {
            "scoreTimeMean": 15.333333333333334, 
            "best_iteration": null, 
            "time": 82, 
            "trainScoreMean": 0.8570286034519158, 
            "finishedAt": 1606485199145, 
            "fitTimeStd": 3.559026084010437, 
            "testScoreStd": 0.014852556589770223, 
            "scoreTimeStd": 4.4969125210773475, 
            "parameters": {
                "penalty": "l1", 
                "C": 0.5627932047415165
            }, 
            "testScoreMean": 0.829575815953027, 
            "score": 0.829575815953027, 
            "trainScoreStd": 0.007706163291656246, 
            "testScoreGibMean": 0.829575815953027, 
            "fitTimeMean": 12.0
        }, 
        {
            "scoreTimeMean": 6.0, 
            "best_iteration": null, 
            "time": 486, 
            "trainScoreMean": 0.8753801838240436, 
            "finishedAt": 1606485199385, 
            "fitTimeStd": 63.686733312362634, 
            "testScoreStd": 0.010943097422254699, 
            "scoreTimeStd": 0.816496580927726, 
            "parameters": {
                "penalty": "l1", 
                "C": 36.90557729213758
            }, 
            "testScoreMean": 0.7998355401440292, 
            "score": 0.7998355401440292, 
            "trainScoreStd": 0.007067482136485662, 
            "testScoreGibMean": 0.7998355401440292, 
            "fitTimeMean": 156.0
        }, 
        {
            "scoreTimeMean": 7.666666666666667, 
            "best_iteration": null, 
            "time": 47, 
            "trainScoreMean": 0.8482304202685649, 
            "finishedAt": 1606485199443, 
            "fitTimeStd": 1.4142135623730951, 
            "testScoreStd": 0.014175962638901947, 
            "scoreTimeStd": 1.8856180831641267, 
            "parameters": {
                "penalty": "l1", 
                "C": 0.34179529120610097
            }, 
            "testScoreMean": 0.8306561520594278, 
            "score": 0.8306561520594278, 
            "trainScoreStd": 0.008118672036019762, 
            "testScoreGibMean": 0.8306561520594278, 
            "fitTimeMean": 8.0
        }, 
        {
            "scoreTimeMean": 7.333333333333333, 
            "best_iteration": null, 
            "time": 251, 
            "trainScoreMean": 0.8750017291163874, 
            "finishedAt": 1606485199587, 
            "fitTimeStd": 13.59738536958076, 
            "testScoreStd": 0.010779414197878454, 
            "scoreTimeStd": 2.6246692913372702, 
            "parameters": {
                "penalty": "l1", 
                "C": 14.685885989200846
            }, 
            "testScoreMean": 0.8049973051042038, 
            "score": 0.8049973051042038, 
            "trainScoreStd": 0.006970814960401669, 
            "testScoreGibMean": 0.8049973051042038, 
            "fitTimeMean": 76.33333333333333
        }, 
        {
            "scoreTimeMean": 13.333333333333334, 
            "best_iteration": null, 
            "time": 91, 
            "trainScoreMean": 0.8686269634131861, 
            "finishedAt": 1606485199623, 
            "fitTimeStd": 1.632993161855452, 
            "testScoreStd": 0.013107175829954418, 
            "scoreTimeStd": 2.494438257849294, 
            "parameters": {
                "penalty": "l1", 
                "C": 1.3049073550362391
            }, 
            "testScoreMean": 0.82534371277464, 
            "score": 0.82534371277464, 
            "trainScoreStd": 0.007611262534184964, 
            "testScoreGibMean": 0.82534371277464, 
            "fitTimeMean": 17.0
        }, 
        {
            "scoreTimeMean": 10.666666666666666, 
            "best_iteration": null, 
            "time": 1061, 
            "trainScoreMean": 0.8755400616855076, 
            "finishedAt": 1606485199674, 
            "fitTimeStd": 57.201398584300364, 
            "testScoreStd": 0.011037062157118086, 
            "scoreTimeStd": 1.8856180831641267, 
            "parameters": {
                "penalty": "l1", 
                "C": 71.5568216175486
            }, 
            "testScoreMean": 0.7971220520942194, 
            "score": 0.7971220520942194, 
            "trainScoreStd": 0.0071494032925944195, 
            "testScoreGibMean": 0.7971220520942194, 
            "fitTimeMean": 343.0
        }, 
        {
            "scoreTimeMean": 9.0, 
            "best_iteration": null, 
            "time": 118, 
            "trainScoreMean": 0.8714499668623268, 
            "finishedAt": 1606485199686, 
            "fitTimeStd": 14.636332266733431, 
            "testScoreStd": 0.012051104482651415, 
            "scoreTimeStd": 4.96655480858378, 
            "parameters": {
                "penalty": "l1", 
                "C": 1.871450068624066
            }, 
            "testScoreMean": 0.8218252988696199, 
            "score": 0.8218252988696199, 
            "trainScoreStd": 0.006910987688944459, 
            "testScoreGibMean": 0.8218252988696199, 
            "fitTimeMean": 30.333333333333332
        }, 
        {
            "scoreTimeMean": 4.666666666666667, 
            "best_iteration": null, 
            "time": 26, 
            "trainScoreMean": 0.8320923035942331, 
            "finishedAt": 1606485199722, 
            "fitTimeStd": 0.816496580927726, 
            "testScoreStd": 0.01325688698347591, 
            "scoreTimeStd": 0.4714045207910317, 
            "parameters": {
                "penalty": "l1", 
                "C": 0.01923730509654649
            }, 
            "testScoreMean": 0.8318495880814218, 
            "score": 0.8318495880814218, 
            "trainScoreStd": 0.006748572212583273, 
            "testScoreGibMean": 0.8318495880814218, 
            "fitTimeMean": 4.0
        }, 
        {
            "scoreTimeMean": 5.333333333333333, 
            "best_iteration": null, 
            "time": 27, 
            "trainScoreMean": 0.8320923035942331, 
            "finishedAt": 1606485199757, 
            "fitTimeStd": 0.9428090415820634, 
            "testScoreStd": 0.01325688698347591, 
            "scoreTimeStd": 0.4714045207910317, 
            "parameters": {
                "penalty": "l1", 
                "C": 0.022310905607443036
            }, 
            "testScoreMean": 0.8318495880814218, 
            "score": 0.8318495880814218, 
            "trainScoreStd": 0.006748572212583273, 
            "testScoreGibMean": 0.8318495880814218, 
            "fitTimeMean": 3.6666666666666665
        }, 
        {
            "scoreTimeMean": 8.333333333333334, 
            "best_iteration": null, 
            "time": 36, 
            "trainScoreMean": 0.8314857039527331, 
            "finishedAt": 1606485199802, 
            "fitTimeStd": 1.247219128924647, 
            "testScoreStd": 0.013356944933510768, 
            "scoreTimeStd": 4.027681991198191, 
            "parameters": {
                "penalty": "l1", 
                "C": 0.01204685241203032
            }, 
            "testScoreMean": 0.8316540455933967, 
            "score": 0.8316540455933967, 
            "trainScoreStd": 0.006583845625128211, 
            "testScoreGibMean": 0.8316540455933967, 
            "fitTimeMean": 3.6666666666666665
        }, 
        {
            "scoreTimeMean": 9.333333333333334, 
            "best_iteration": null, 
            "time": 646, 
            "trainScoreMean": 0.8754720531358692, 
            "finishedAt": 1606485199951, 
            "fitTimeStd": 59.67132197854063, 
            "testScoreStd": 0.010990806070538449, 
            "scoreTimeStd": 3.2998316455372216, 
            "parameters": {
                "penalty": "l1", 
                "C": 50.39489598671208
            }, 
            "testScoreMean": 0.7985196680662892, 
            "score": 0.7985196680662892, 
            "trainScoreStd": 0.007118276907360651, 
            "testScoreGibMean": 0.7985196680662892, 
            "fitTimeMean": 206.0
        }, 
        {
            "scoreTimeMean": 9.333333333333334, 
            "best_iteration": null, 
            "time": 227, 
            "trainScoreMean": 0.8749317049040178, 
            "finishedAt": 1606485200024, 
            "fitTimeStd": 16.21384867602041, 
            "testScoreStd": 0.01088379347272158, 
            "scoreTimeStd": 6.128258770283412, 
            "parameters": {
                "penalty": "l1", 
                "C": 12.960656597279723
            }, 
            "testScoreMean": 0.8056735087618561, 
            "score": 0.8056735087618561, 
            "trainScoreStd": 0.0069664489444880105, 
            "testScoreGibMean": 0.8056735087618561, 
            "fitTimeMean": 66.33333333333333
        }, 
        {
            "scoreTimeMean": 5.333333333333333, 
            "best_iteration": null, 
            "time": 356, 
            "trainScoreMean": 0.875200586347104, 
            "finishedAt": 1606485200040, 
            "fitTimeStd": 32.72443871006635, 
            "testScoreStd": 0.010776913636354826, 
            "scoreTimeStd": 0.4714045207910317, 
            "parameters": {
                "penalty": "l1", 
                "C": 21.40323314098605
            }, 
            "testScoreMean": 0.8029025711321337, 
            "score": 0.8029025711321337, 
            "trainScoreStd": 0.006977283094840736, 
            "testScoreGibMean": 0.8029025711321337, 
            "fitTimeMean": 113.33333333333333
        }, 
        {
            "scoreTimeMean": 5.333333333333333, 
            "best_iteration": null, 
            "time": 450, 
            "trainScoreMean": 0.8752921444987232, 
            "finishedAt": 1606485200238, 
            "fitTimeStd": 55.511760515728156, 
            "testScoreStd": 0.010990704453365543, 
            "scoreTimeStd": 0.4714045207910317, 
            "parameters": {
                "penalty": "l1", 
                "C": 30.202896401586628
            }, 
            "testScoreMean": 0.8009465991485096, 
            "score": 0.8009465991485096, 
            "trainScoreStd": 0.007007520612171775, 
            "testScoreGibMean": 0.8009465991485096, 
            "fitTimeMean": 144.66666666666666
        }, 
        {
            "scoreTimeMean": 5.666666666666667, 
            "best_iteration": null, 
            "time": 253, 
            "trainScoreMean": 0.8750347896222367, 
            "finishedAt": 1606485200401, 
            "fitTimeStd": 10.780641085864152, 
            "testScoreStd": 0.010861497175597356, 
            "scoreTimeStd": 0.9428090415820634, 
            "parameters": {
                "penalty": "l1", 
                "C": 15.726578854179495
            }, 
            "testScoreMean": 0.8045641757005598, 
            "score": 0.8045641757005598, 
            "trainScoreStd": 0.0069568561516029186, 
            "testScoreGibMean": 0.8045641757005598, 
            "fitTimeMean": 78.66666666666667
        }, 
        {
            "scoreTimeMean": 7.666666666666667, 
            "best_iteration": null, 
            "time": 63, 
            "trainScoreMean": 0.8611835014318024, 
            "finishedAt": 1606485200428, 
            "fitTimeStd": 1.247219128924647, 
            "testScoreStd": 0.01428148794967474, 
            "scoreTimeStd": 2.357022603955158, 
            "parameters": {
                "penalty": "l1", 
                "C": 0.701321977994579
            }, 
            "testScoreMean": 0.8288864646973562, 
            "score": 0.8288864646973562, 
            "trainScoreStd": 0.008163452679807164, 
            "testScoreGibMean": 0.8288864646973562, 
            "fitTimeMean": 13.333333333333334
        }, 
        {
            "scoreTimeMean": 8.666666666666666, 
            "best_iteration": null, 
            "time": 1140, 
            "trainScoreMean": 0.8755548142217411, 
            "finishedAt": 1606485200639, 
            "fitTimeStd": 111.52677805003704, 
            "testScoreStd": 0.011182813200084723, 
            "scoreTimeStd": 2.6246692913372702, 
            "parameters": {
                "penalty": "l1", 
                "C": 82.12461922256863
            }, 
            "testScoreMean": 0.7966809684143686, 
            "score": 0.7966809684143686, 
            "trainScoreStd": 0.007152140031131812, 
            "testScoreGibMean": 0.7966809684143686, 
            "fitTimeMean": 371.3333333333333
        }, 
        {
            "scoreTimeMean": 14.666666666666666, 
            "best_iteration": null, 
            "time": 439, 
            "trainScoreMean": 0.874957471507687, 
            "finishedAt": 1606485200653, 
            "fitTimeStd": 49.43233309844433, 
            "testScoreStd": 0.010804321167491015, 
            "scoreTimeStd": 6.018490028422597, 
            "parameters": {
                "penalty": "l1", 
                "C": 13.24697464746844
            }, 
            "testScoreMean": 0.8055558768586559, 
            "score": 0.8055558768586559, 
            "trainScoreStd": 0.00697126405984244, 
            "testScoreGibMean": 0.8055558768586559, 
            "fitTimeMean": 131.66666666666666
        }
    ], 
    "timeout": null, 
    "startedAt": 1606485198901, 
    "nSplits": 3
}