{
    "usedGridSearch": true, 
    "probaAware": true, 
    "gridSize": 24, 
    "modelInputNRows": 1790, 
    "modelInputNCols": 72, 
    "modelInputMemory": 1031040, 
    "gridCells": [
        {
            "scoreTimeStd": 0.002357022603955158, 
            "scoreTime": 0.011666666666666665, 
            "fitTime": 0.025333333333333333, 
            "score": 0.8235945674646574, 
            "params": {
                "penalty": "l1", 
                "C": 1.567667719550606
            }, 
            "fitTimeStd": 0.0071336448530108995, 
            "scoreStd": 0.012586169906742372
        }, 
        {
            "scoreTimeStd": 0.003858612300930075, 
            "scoreTime": 0.011333333333333334, 
            "fitTime": 0.043666666666666666, 
            "score": 0.8100462282082137, 
            "params": {
                "penalty": "l1", 
                "C": 7.2570057215942745
            }, 
            "fitTimeStd": 0.001699673171197595, 
            "scoreStd": 0.010962771723186517
        }, 
        {
            "scoreTimeStd": 0.0036817870057290875, 
            "scoreTime": 0.010666666666666666, 
            "fitTime": 0.03133333333333333, 
            "score": 0.8187767653487059, 
            "params": {
                "penalty": "l1", 
                "C": 2.5766385746135883
            }, 
            "fitTimeStd": 0.012036980056845193, 
            "scoreStd": 0.011578848657024483
        }, 
        {
            "scoreTimeStd": 0.0014142135623730952, 
            "scoreTime": 0.015, 
            "fitTime": 0.023, 
            "score": 0.8238079101285191, 
            "params": {
                "penalty": "l1", 
                "C": 1.5119336467640998
            }, 
            "fitTimeStd": 0.002943920288775949, 
            "scoreStd": 0.01272956692400232
        }, 
        {
            "scoreTimeStd": 0.004082482904638631, 
            "scoreTime": 0.02, 
            "fitTime": 0.011333333333333334, 
            "score": 0.8295868343330854, 
            "params": {
                "penalty": "l1", 
                "C": 0.49501595537331916
            }, 
            "fitTimeStd": 0.0020548046676563255, 
            "scoreStd": 0.014681836112243921
        }, 
        {
            "scoreTimeStd": 0.0018856180831641268, 
            "scoreTime": 0.013666666666666666, 
            "fitTime": 0.034666666666666665, 
            "score": 0.8151826201394807, 
            "params": {
                "penalty": "l1", 
                "C": 3.833332156156661
            }, 
            "fitTimeStd": 0.016579773487261182, 
            "scoreStd": 0.011260507335109167
        }, 
        {
            "scoreTimeStd": 0.0044969125210773475, 
            "scoreTime": 0.015333333333333334, 
            "fitTime": 0.012, 
            "score": 0.829575815953027, 
            "params": {
                "penalty": "l1", 
                "C": 0.5627932047415165
            }, 
            "fitTimeStd": 0.003559026084010437, 
            "scoreStd": 0.014852556589770223
        }, 
        {
            "scoreTimeStd": 0.0008164965809277261, 
            "scoreTime": 0.006, 
            "fitTime": 0.156, 
            "score": 0.7998355401440292, 
            "params": {
                "penalty": "l1", 
                "C": 36.90557729213758
            }, 
            "fitTimeStd": 0.06368673331236263, 
            "scoreStd": 0.010943097422254699
        }, 
        {
            "scoreTimeStd": 0.0018856180831641268, 
            "scoreTime": 0.010666666666666666, 
            "fitTime": 0.343, 
            "score": 0.7971220520942194, 
            "params": {
                "penalty": "l1", 
                "C": 71.5568216175486
            }, 
            "fitTimeStd": 0.057201398584300366, 
            "scoreStd": 0.011037062157118086
        }, 
        {
            "scoreTimeStd": 0.0018856180831641268, 
            "scoreTime": 0.007666666666666667, 
            "fitTime": 0.008, 
            "score": 0.8306561520594278, 
            "params": {
                "penalty": "l1", 
                "C": 0.34179529120610097
            }, 
            "fitTimeStd": 0.0014142135623730952, 
            "scoreStd": 0.014175962638901947
        }, 
        {
            "scoreTimeStd": 0.0026246692913372703, 
            "scoreTime": 0.007333333333333333, 
            "fitTime": 0.07633333333333332, 
            "score": 0.8049973051042038, 
            "params": {
                "penalty": "l1", 
                "C": 14.685885989200846
            }, 
            "fitTimeStd": 0.01359738536958076, 
            "scoreStd": 0.010779414197878454
        }, 
        {
            "scoreTimeStd": 0.002494438257849294, 
            "scoreTime": 0.013333333333333334, 
            "fitTime": 0.017, 
            "score": 0.82534371277464, 
            "params": {
                "penalty": "l1", 
                "C": 1.3049073550362391
            }, 
            "fitTimeStd": 0.0016329931618554521, 
            "scoreStd": 0.013107175829954418
        }, 
        {
            "scoreTimeStd": 0.0049665548085837796, 
            "scoreTime": 0.009, 
            "fitTime": 0.030333333333333334, 
            "score": 0.8218252988696199, 
            "params": {
                "penalty": "l1", 
                "C": 1.871450068624066
            }, 
            "fitTimeStd": 0.01463633226673343, 
            "scoreStd": 0.012051104482651415
        }, 
        {
            "scoreTimeStd": 0.003299831645537222, 
            "scoreTime": 0.009333333333333334, 
            "fitTime": 0.206, 
            "score": 0.7985196680662892, 
            "params": {
                "penalty": "l1", 
                "C": 50.39489598671208
            }, 
            "fitTimeStd": 0.05967132197854063, 
            "scoreStd": 0.010990806070538449
        }, 
        {
            "scoreTimeStd": 0.0004714045207910317, 
            "scoreTime": 0.004666666666666667, 
            "fitTime": 0.004, 
            "score": 0.8318495880814218, 
            "params": {
                "penalty": "l1", 
                "C": 0.01923730509654649
            }, 
            "fitTimeStd": 0.0008164965809277261, 
            "scoreStd": 0.01325688698347591
        }, 
        {
            "scoreTimeStd": 0.0004714045207910317, 
            "scoreTime": 0.005333333333333333, 
            "fitTime": 0.0036666666666666666, 
            "score": 0.8318495880814218, 
            "params": {
                "penalty": "l1", 
                "C": 0.022310905607443036
            }, 
            "fitTimeStd": 0.0009428090415820634, 
            "scoreStd": 0.01325688698347591
        }, 
        {
            "scoreTimeStd": 0.004027681991198191, 
            "scoreTime": 0.008333333333333333, 
            "fitTime": 0.0036666666666666666, 
            "score": 0.8316540455933967, 
            "params": {
                "penalty": "l1", 
                "C": 0.01204685241203032
            }, 
            "fitTimeStd": 0.001247219128924647, 
            "scoreStd": 0.013356944933510768
        }, 
        {
            "scoreTimeStd": 0.0004714045207910317, 
            "scoreTime": 0.005333333333333333, 
            "fitTime": 0.11333333333333333, 
            "score": 0.8029025711321337, 
            "params": {
                "penalty": "l1", 
                "C": 21.40323314098605
            }, 
            "fitTimeStd": 0.032724438710066354, 
            "scoreStd": 0.010776913636354826
        }, 
        {
            "scoreTimeStd": 0.006128258770283412, 
            "scoreTime": 0.009333333333333334, 
            "fitTime": 0.06633333333333333, 
            "score": 0.8056735087618561, 
            "params": {
                "penalty": "l1", 
                "C": 12.960656597279723
            }, 
            "fitTimeStd": 0.016213848676020413, 
            "scoreStd": 0.01088379347272158
        }, 
        {
            "scoreTimeStd": 0.0004714045207910317, 
            "scoreTime": 0.005333333333333333, 
            "fitTime": 0.14466666666666667, 
            "score": 0.8009465991485096, 
            "params": {
                "penalty": "l1", 
                "C": 30.202896401586628
            }, 
            "fitTimeStd": 0.055511760515728155, 
            "scoreStd": 0.010990704453365543
        }, 
        {
            "scoreTimeStd": 0.0026246692913372703, 
            "scoreTime": 0.008666666666666666, 
            "fitTime": 0.3713333333333333, 
            "score": 0.7966809684143686, 
            "params": {
                "penalty": "l1", 
                "C": 82.12461922256863
            }, 
            "fitTimeStd": 0.11152677805003704, 
            "scoreStd": 0.011182813200084723
        }, 
        {
            "scoreTimeStd": 0.0009428090415820634, 
            "scoreTime": 0.005666666666666667, 
            "fitTime": 0.07866666666666668, 
            "score": 0.8045641757005598, 
            "params": {
                "penalty": "l1", 
                "C": 15.726578854179495
            }, 
            "fitTimeStd": 0.010780641085864153, 
            "scoreStd": 0.010861497175597356
        }, 
        {
            "scoreTimeStd": 0.002357022603955158, 
            "scoreTime": 0.007666666666666667, 
            "fitTime": 0.013333333333333334, 
            "score": 0.8288864646973562, 
            "params": {
                "penalty": "l1", 
                "C": 0.701321977994579
            }, 
            "fitTimeStd": 0.001247219128924647, 
            "scoreStd": 0.01428148794967474
        }, 
        {
            "scoreTimeStd": 0.006018490028422596, 
            "scoreTime": 0.014666666666666666, 
            "fitTime": 0.13166666666666665, 
            "score": 0.8055558768586559, 
            "params": {
                "penalty": "l1", 
                "C": 13.24697464746844
            }, 
            "fitTimeStd": 0.04943233309844433, 
            "scoreStd": 0.010804321167491015
        }
    ], 
    "lmCoefficients": {
        "interceptStderr": null, 
        "interceptTstat": null, 
        "rescaledInterceptCoef": 8.383054980835364, 
        "rescaledCoefs": [
            -0.2608148864837463, 
            2.544625880578257e-06
        ], 
        "variables": [
            "FICO_Avg", 
            "Interest_Rate"
        ], 
        "interceptCoef": -0.5349592052524492, 
        "interceptPvalue": null, 
        "coefs": [
            -1.4872914003381146, 
            0.019937921203223907
        ]
    }, 
    "gridBestScore": 0.8318495880814218, 
    "modelInputIsSparse": false
}