{
  "state": "DONE",
  "preSearchDescription": {
    "gridLength": 24,
    "searchStrategy": "RANDOM",
    "importantParams": [
      {
        "name": "penalty",
        "vals": [
          "l1"
        ]
      },
      {
        "name": "C",
        "min": "0.01",
        "max": "100.0"
      }
    ]
  },
  "postSearchDescription": {
    "importantParams": [
      {
        "name": "C",
        "val": "0.019237306"
      },
      {
        "name": "penalty",
        "val": "l1"
      }
    ]
  },
  "resumed": false,
  "timeOrderingEnabled": false,
  "sampleWeightsEnabled": false,
  "modelId": "m1",
  "progress": {
    "top_level_todo": [],
    "stack": [],
    "top_level_done": [
      {
        "name": "Loading train set",
        "time": 13
      },
      {
        "name": "Loading test set",
        "time": 6
      },
      {
        "name": "Collecting statistics",
        "time": 17
      },
      {
        "name": "Preprocessing train set",
        "time": 37
      },
      {
        "name": "Preprocessing test set",
        "time": 23
      },
      {
        "name": "Hyperparameter searching",
        "time": 2012
      },
      {
        "name": "Fitting model",
        "time": 5
      },
      {
        "name": "Saving model",
        "time": 2
      },
      {
        "name": "Scoring model",
        "time": 306
      }
    ]
  },
  "startTime": 1606485198801,
  "endTime": 1606485201480,
  "preprocessingTime": 96,
  "trainingTime": 2583,
  "hyperparamsSearchTime": 2012
}