{
    "per_feature": {
        "Status": {
            "stats": {}
        }, 
        "Monthly_Income": {
            "stats": {
                "std": 3626.9995958528766, 
                "p99": 18750.0, 
                "min": 588.5, 
                "max": 65000.0, 
                "average": 5636.46862011173, 
                "median": 4872.5
            }, 
            "missing_impute_with_value": 5636.46862011173
        }, 
        "Employment_Duration": {
            "stats": {
                "std": 41.297300772441545, 
                "p99": 178.0, 
                "min": 59.0, 
                "max": 178.0, 
                "average": 117.45008655510675, 
                "median": 112.0
            }, 
            "missing_impute_with_value": 117.45008655510675
        }, 
        "Amount_Requested": {
            "stats": {
                "std": 7835.305517954209, 
                "p99": 35000.0, 
                "min": 1000.0, 
                "max": 35000.0, 
                "average": 12352.849162011173, 
                "median": 10000.0
            }, 
            "missing_impute_with_value": 12352.849162011173
        }, 
        "Default": {
            "stats": {}
        }, 
        "Open_CREDIT_Lines": {
            "stats": {
                "std": 4.488987642232783, 
                "p99": 23.0, 
                "min": 2.0, 
                "max": 38.0, 
                "average": 10.091061452513966, 
                "median": 9.0
            }, 
            "missing_impute_with_value": 10.091061452513966
        }, 
        "Interest_Rate": {
            "stats": {
                "std": 4.17929249251386, 
                "p99": 23.28, 
                "min": 5.42, 
                "max": 24.89, 
                "average": 13.015653631285005, 
                "median": 13.11
            }, 
            "missing_impute_with_value": 13.015653631285005
        }, 
        "FICO_Avg": {
            "stats": {
                "std": 35.02660794783105, 
                "p99": 807.0, 
                "min": 642.0, 
                "max": 832.0, 
                "average": 708.3966480446927, 
                "median": 702.0
            }, 
            "missing_impute_with_value": 708.3966480446927
        }, 
        "Loan_Purpose": {
            "stats": {
                "mostFrequentValue": "debt_consolidation", 
                "leastFrequentValue": "renewable_energy"
            }, 
            "category_possible_counts": [
                933, 
                318, 
                133, 
                109, 
                80, 
                64, 
                38, 
                28, 
                25, 
                20, 
                15, 
                13, 
                12
            ], 
            "category_possible_values": [
                "debt_consolidation", 
                "credit_card", 
                "other", 
                "home_improvement", 
                "major_purchase", 
                "small_business", 
                "car", 
                "wedding", 
                "medical", 
                "moving", 
                "vacation", 
                "educational", 
                "house"
            ]
        }, 
        "Loan_Length": {
            "stats": {
                "std": 9.97356373965742, 
                "p99": 60.0, 
                "min": 36.0, 
                "max": 60.0, 
                "average": 41.32290502793296, 
                "median": 36.0
            }, 
            "missing_impute_with_value": 41.32290502793296
        }, 
        "id": {
            "stats": {}
        }, 
        "State": {
            "stats": {
                "mostFrequentValue": "CA", 
                "leastFrequentValue": "SD"
            }, 
            "category_possible_counts": [
                307, 
                183, 
                121, 
                117, 
                79, 
                75, 
                70, 
                67, 
                59, 
                50, 
                50, 
                49, 
                48, 
                47, 
                40, 
                33, 
                32, 
                29, 
                29, 
                28, 
                22, 
                21, 
                19, 
                18, 
                18, 
                18, 
                17, 
                17, 
                15, 
                13, 
                12, 
                11, 
                10, 
                9, 
                9, 
                8, 
                8, 
                8, 
                7, 
                4, 
                4, 
                3, 
                3
            ], 
            "category_possible_values": [
                "CA", 
                "NY", 
                "TX", 
                "FL", 
                "IL", 
                "PA", 
                "GA", 
                "NJ", 
                "VA", 
                "OH", 
                "MA", 
                "MD", 
                "CO", 
                "NC", 
                "WA", 
                "CT", 
                "MN", 
                "MI", 
                "AZ", 
                "AL", 
                "NV", 
                "OR", 
                "MO", 
                "SC", 
                "OK", 
                "KY", 
                "WI", 
                "LA", 
                "KS", 
                "RI", 
                "UT", 
                "NH", 
                "WV", 
                "DC", 
                "NM", 
                "HI", 
                "AK", 
                "AR", 
                "MT", 
                "WY", 
                "DE", 
                "IN", 
                "VT"
            ]
        }, 
        "Debt_To_Income_Ratio": {
            "stats": {
                "std": 7.446754892965814, 
                "p99": 32.65319999999999, 
                "min": 0.0, 
                "max": 34.91, 
                "average": 15.396754189944128, 
                "median": 15.33
            }, 
            "missing_impute_with_value": 15.396754189944128
        }, 
        "Age": {
            "stats": {
                "std": 5.702478951218917, 
                "p99": 46.0, 
                "min": 22.0, 
                "max": 49.0, 
                "average": 34.31340782122905, 
                "median": 34.0
            }, 
            "missing_impute_with_value": 34.31340782122905
        }, 
        "Home_Ownership": {
            "stats": {
                "mostFrequentValue": "MORTGAGE", 
                "leastFrequentValue": "OWN"
            }, 
            "category_possible_counts": [
                847, 
                807
            ], 
            "category_possible_values": [
                "MORTGAGE", 
                "RENT"
            ]
        }, 
        "Inquiries_in_the_Last_6_Months": {
            "stats": {
                "std": 1.2460285063879684, 
                "p99": 5.0, 
                "min": 0.0, 
                "max": 9.0, 
                "average": 0.9134078212290503, 
                "median": 0.0
            }, 
            "missing_impute_with_value": 0.9134078212290503
        }, 
        "Revolving_CREDIT_Balance": {
            "stats": {
                "std": 17936.278765693816, 
                "p99": 87046.5399999994, 
                "min": 0.0, 
                "max": 270800.0, 
                "average": 14990.281005586592, 
                "median": 10806.0
            }, 
            "missing_impute_with_value": 14990.281005586592
        }
    }, 
    "feature_order": [
        "Status", 
        "Monthly_Income", 
        "Employment_Duration", 
        "Amount_Requested", 
        "Default", 
        "Open_CREDIT_Lines", 
        "Interest_Rate", 
        "FICO_Avg", 
        "Loan_Purpose", 
        "Loan_Length", 
        "id", 
        "State", 
        "Debt_To_Income_Ratio", 
        "Age", 
        "Home_Ownership", 
        "Inquiries_in_the_Last_6_Months", 
        "Revolving_CREDIT_Balance"
    ]
}