{
  "state": "BROKEN",
  "error": {
    "errorType": "com.dataiku.common.server.APIError$APIErrorException",
    "message": "Failed to read data from table, caused by: PSQLException: ERROR: relation \"DKULOANTRAINING_historical\" does not exist\n  Position: 15",
    "detailedMessage": "Failed to read data from table, caused by: PSQLException: ERROR: relation \"DKULOANTRAINING_historical\" does not exist\n  Position: 15",
    "detailedMessageHTML": "\u003cspan\u003e\u003cspan class\u003d\"err-msg\"\u003eFailed to read data from table, caused by: PSQLException: ERROR: relation \u0026quot;DKULOANTRAINING_historical\u0026quot; does not exist\n  Position: 15\u003c/span\u003e\u003c/span\u003e",
    "stackTraceStr": "com.dataiku.common.server.APIError$APIErrorException: Failed to read data from table, caused by: PSQLException: ERROR: relation \"DKULOANTRAINING_historical\" does not exist\n  Position: 15\n\tat com.dataiku.common.rpc.InternalAPIClient.handleJSONResp(InternalAPIClient.java:865)\n\tat com.dataiku.common.rpc.InternalAPIClient.postFormToJSON(InternalAPIClient.java:526)\n\tat com.dataiku.dip.futures.FutureService$RemoteFutureThread.execute(FutureService.java:216)\n\tat com.dataiku.dip.futures.FutureThreadBase.run(FutureThreadBase.java:88)\n",
    "stackTrace": [
      {
        "file": "InternalAPIClient.java",
        "line": 865,
        "function": "com.dataiku.common.rpc.InternalAPIClient.handleJSONResp"
      },
      {
        "file": "InternalAPIClient.java",
        "line": 526,
        "function": "com.dataiku.common.rpc.InternalAPIClient.postFormToJSON"
      },
      {
        "file": "FutureService.java",
        "line": 216,
        "function": "com.dataiku.dip.futures.FutureService$RemoteFutureThread.execute"
      },
      {
        "file": "FutureThreadBase.java",
        "line": 88,
        "function": "com.dataiku.dip.futures.FutureThreadBase.run"
      }
    ]
  }
}