{
    "liftVizData": {
        "wizard": {
            "positives": 75, 
            "total": 447
        }, 
        "bins": [
            {
                "cum_lift": 0.9733333333, 
                "bin_pos_prop": 0.3288288288, 
                "bin_min": 0.0136054422, 
                "percentile_idx": 0, 
                "cum_size": 0.4966442953, 
                "bin_lift": 1.9598198198, 
                "bin_max": 0.8317515198
            }, 
            {
                "cum_lift": 1.0, 
                "bin_pos_prop": 0.0088888889, 
                "bin_min": 0.0, 
                "percentile_idx": 1, 
                "cum_size": 1.0, 
                "bin_lift": 0.0529777778, 
                "bin_max": 0.0136054422
            }
        ]
    }, 
    "usedThreshold": 0.1, 
    "probaPercentiles": [
        0.0, 
        0.0, 
        0.0, 
        0.0, 
        0.0, 
        0.0, 
        0.0, 
        0.0, 
        0.0, 
        0.0, 
        0.0, 
        0.0, 
        0.0, 
        0.0, 
        0.0, 
        0.0, 
        0.0, 
        0.0, 
        0.0, 
        0.0, 
        0.0, 
        0.0, 
        0.0, 
        0.0, 
        0.0, 
        0.0, 
        0.0, 
        0.0, 
        0.0, 
        0.0, 
        0.0, 
        0.0, 
        0.0, 
        0.0, 
        0.0, 
        0.0, 
        0.0, 
        0.0, 
        0.0, 
        0.0, 
        0.00372743680053903, 
        0.004097584631226158, 
        0.005266394876844429, 
        0.006122443580047194, 
        0.00671473190245404, 
        0.006802721088435374, 
        0.006802721088435375, 
        0.011310124400909147, 
        0.013119175003707455, 
        0.013605442176870748, 
        0.019410423170262925, 
        0.02040816326530612, 
        0.02446470401222389, 
        0.0272108843537415, 
        0.03986641180602801, 
        0.05620336499921029, 
        0.07574594836698126, 
        0.1203795687641182, 
        0.16961057991894804, 
        0.18713281995403042, 
        0.23260584183312397, 
        0.29643938381886903, 
        0.45009722191412466, 
        0.46933390767441024, 
        0.5026848565938957, 
        0.5208897945747012, 
        0.5412141116583571, 
        0.5604405486291357, 
        0.576842150499756, 
        0.598456324379769, 
        0.6268332518165235, 
        0.6418964058786907, 
        0.6568690199970141, 
        0.666007596635803, 
        0.674465345241366, 
        0.6890857502017962, 
        0.6982576651704449, 
        0.7029918147285795, 
        0.7064256095195407, 
        0.7081049816874386, 
        0.7128073507499569, 
        0.7167719529300323, 
        0.724395089773402, 
        0.7291791517285378, 
        0.7363770827269213, 
        0.7379833834263362, 
        0.7420022138781558, 
        0.7459015506719691, 
        0.7499754043673983, 
        0.752633062834313, 
        0.756721261266614, 
        0.7581570253043578, 
        0.7628146075051155, 
        0.7681230371093837, 
        0.7699876865308429, 
        0.7750467541436211, 
        0.779780796726602, 
        0.7834391704544672, 
        0.8006405878854062
    ], 
    "probaDistribData": {
        "probaDistribs": [
            [
                255.0, 
                7.0, 
                6.0, 
                0.0, 
                6.0, 
                13.0, 
                23.0, 
                60.0, 
                2.0, 
                0.0
            ], 
            [
                2.0, 
                5.0, 
                2.0, 
                1.0, 
                6.0, 
                10.0, 
                10.0, 
                36.0, 
                3.0, 
                0.0
            ]
        ], 
        "bins": [
            0.0, 
            0.1, 
            0.2, 
            0.3, 
            0.4, 
            0.5, 
            0.6, 
            0.7, 
            0.8, 
            0.9, 
            1.0
        ]
    }, 
    "rocVizData": [
        [
            {
                "y": 0.0, 
                "x": 0.0, 
                "p": 1.8317515198454843
            }, 
            {
                "y": 0.05333333333333334, 
                "x": 0.005376344086021506, 
                "p": 0.7951686565796741
            }, 
            {
                "y": 0.09333333333333334, 
                "x": 0.01881720430107527, 
                "p": 0.7799869375151323
            }, 
            {
                "y": 0.14666666666666667, 
                "x": 0.026881720430107527, 
                "p": 0.7741734140949682
            }, 
            {
                "y": 0.18666666666666668, 
                "x": 0.04032258064516129, 
                "p": 0.7666109527024103
            }, 
            {
                "y": 0.24, 
                "x": 0.05913978494623656, 
                "p": 0.7573172772390316
            }, 
            {
                "y": 0.28, 
                "x": 0.08064516129032258, 
                "p": 0.749709337410619
            }, 
            {
                "y": 0.32, 
                "x": 0.09408602150537634, 
                "p": 0.7419652269916666
            }, 
            {
                "y": 0.36, 
                "x": 0.11021505376344086, 
                "p": 0.7363591633643218
            }, 
            {
                "y": 0.38666666666666666, 
                "x": 0.13978494623655913, 
                "p": 0.7170714993456881
            }, 
            {
                "y": 0.44, 
                "x": 0.14516129032258066, 
                "p": 0.7118789708423728
            }, 
            {
                "y": 0.48, 
                "x": 0.1586021505376344, 
                "p": 0.7061812144229573
            }, 
            {
                "y": 0.52, 
                "x": 0.1693548387096774, 
                "p": 0.69917024843273
            }, 
            {
                "y": 0.56, 
                "x": 0.18010752688172044, 
                "p": 0.6866759945006772
            }, 
            {
                "y": 0.6, 
                "x": 0.19086021505376344, 
                "p": 0.6662219476301345
            }, 
            {
                "y": 0.6266666666666667, 
                "x": 0.22043010752688172, 
                "p": 0.6338514046826708
            }, 
            {
                "y": 0.6666666666666666, 
                "x": 0.239247311827957, 
                "p": 0.5771163701653246
            }, 
            {
                "y": 0.7333333333333333, 
                "x": 0.2446236559139785, 
                "p": 0.5519352727608414
            }, 
            {
                "y": 0.7866666666666666, 
                "x": 0.260752688172043, 
                "p": 0.5078489676302453
            }, 
            {
                "y": 0.8266666666666667, 
                "x": 0.27956989247311825, 
                "p": 0.45022474169840454
            }, 
            {
                "y": 0.88, 
                "x": 0.27956989247311825, 
                "p": 0.3075302769029506
            }, 
            {
                "y": 0.9333333333333333, 
                "x": 0.3010752688172043, 
                "p": 0.177778558730227
            }, 
            {
                "y": 0.9733333333333334, 
                "x": 0.3118279569892473, 
                "p": 0.11126723731990389
            }, 
            {
                "y": 0.9733333333333334, 
                "x": 0.3629032258064516, 
                "p": 0.027210884353741496
            }, 
            {
                "y": 0.9733333333333334, 
                "x": 0.4166666666666667, 
                "p": 0.013605442176870748
            }, 
            {
                "y": 0.9733333333333334, 
                "x": 0.46774193548387094, 
                "p": 0.00650942380183091
            }, 
            {
                "y": 0.9733333333333334, 
                "x": 0.521505376344086, 
                "p": 0.0014536715548898109
            }, 
            {
                "y": 1.0, 
                "x": 1.0, 
                "p": 0.0
            }
        ]
    ], 
    "calibrationData": [
        {
            "y": 0, 
            "x": 0, 
            "n": 0
        }, 
        {
            "y": 0.007782101167315175, 
            "x": 0.005953856124876427, 
            "n": 257.0
        }, 
        {
            "y": 0.4166666666666667, 
            "x": 0.15401197835702296, 
            "n": 12.0
        }, 
        {
            "y": 0.25, 
            "x": 0.2386609228048129, 
            "n": 8.0
        }, 
        {
            "y": 1.0, 
            "x": 0.3075302769029506, 
            "n": 1.0
        }, 
        {
            "y": 0.5, 
            "x": 0.4609534385149077, 
            "n": 12.0
        }, 
        {
            "y": 0.43478260869565216, 
            "x": 0.5503705279613481, 
            "n": 23.0
        }, 
        {
            "y": 0.30303030303030304, 
            "x": 0.6613945844964857, 
            "n": 33.0
        }, 
        {
            "y": 0.375, 
            "x": 0.7449170184492004, 
            "n": 96.0
        }, 
        {
            "y": 0.6, 
            "x": 0.8173770581285774, 
            "n": 5.0
        }, 
        {
            "y": 1, 
            "x": 1, 
            "n": 0
        }
    ], 
    "metrics": {}, 
    "densityData": {
        "0.0": {
            "incorrect": [
                0.08338952026385577, 
                0.10817725790744302, 
                0.1388452232782279, 
                0.17632477275896394, 
                0.22156477382040782, 
                0.27549349646624105, 
                0.3389723322917841, 
                0.4127425384595083, 
                0.497367028166196, 
                0.5931700545198506, 
                0.7001783788220085, 
                0.8180680869705449, 
                0.9461215305418019, 
                1.0831988459713213, 
                1.2277280935174562, 
                1.377717238090036, 
                1.5307899876974, 
                1.6842459767247975, 
                1.8351440363412777, 
                1.9804054728297944, 
                2.1169325380382378, 
                2.2417357916676113, 
                2.352062977713781, 
                2.445521492002024, 
                2.5201865839610518, 
                2.5746881368866585, 
                2.6082701691417234, 
                2.6208189970632345, 
                2.61285815136023, 
                2.5855104590924616, 
                2.540429992214487, 
                2.479708643736636, 
                2.4057637497860838, 
                2.321214296940249, 
                2.2287537590781237, 
                2.1310274762493884, 
                2.0305217587623203, 
                1.9294706648191549, 
                1.829784792576365, 
                1.7330046058938473, 
                1.640278943768061, 
                1.5523676041519423, 
                1.4696653775905868, 
                1.3922437343389176, 
                1.319905599044015, 
                1.2522482961961618, 
                1.1887297950538838, 
                1.1287337704651366, 
                1.0716296494150257, 
                1.0168246438819433, 
                0.9638056887269953, 
                0.9121701260869417, 
                0.8616448359864747, 
                0.8120942551243701, 
                0.7635183194343819, 
                0.7160417965204389, 
                0.66989674236939, 
                0.625399935838634, 
                0.5829271355308288, 
                0.542885892699296, 
                0.505688468294437, 
                0.47172616894986724, 
                0.44134615998648463, 
                0.41483155420990925, 
                0.3923853299607465, 
                0.37411841243296784, 
                0.3600420657073203, 
                0.35006459141835017, 
                0.3439922111540173, 
                0.3415339174702936, 
                0.34231000404938766, 
                0.34586391919067694, 
                0.3516770193240474, 
                0.35918572389631503, 
                0.36780048719025454, 
                0.376925908881292, 
                0.3859812112588228, 
                0.394420229556188, 
                0.4017500083565681, 
                0.40754708794076233, 
                0.411470614074475, 
                0.41327152264925976, 
                0.4127972391718957, 
                0.4099915860225415, 
                0.40488989228346234, 
                0.39760962825251656, 
                0.3883372100426486, 
                0.3773119067865275, 
                0.3648080029694147, 
                0.3511164955731273, 
                0.33652762309858064, 
                0.3213154256385367, 
                0.3057253291695094, 
                0.2899654526158371, 
                0.27420198283503083, 
                0.2585585872364952, 
                0.24311947557230956, 
                0.22793541857839045, 
                0.21303181186657472, 
                0.19841775862111735
            ], 
            "incorrectMedian": 0.29604272273653726, 
            "correct": [
                0.03438688197265718, 
                0.043391164033536524, 
                0.05426739440611834, 
                0.06726778230544463, 
                0.08264332278831185, 
                0.10063379469282265, 
                0.1214560649079297, 
                0.14529102084875023, 
                0.17226961706406307, 
                0.2024586814451097, 
                0.23584726630305808, 
                0.2723344333623725, 
                0.31171941375681034, 
                0.35369507106166076, 
                0.3978455081202601, 
                0.44364849366984666, 
                0.49048314637137863, 
                0.5376430132626514, 
                0.58435433570686, 
                0.6297989336241546, 
                0.6731407873994913, 
                0.7135550871135982, 
                0.7502582798584787, 
                0.7825375024077189, 
                0.8097777554729596, 
                0.8314852646339796, 
                0.8473056785008583, 
                0.8570360627008442, 
                0.8606300353038752, 
                0.8581958243952704, 
                0.8499874764852564, 
                0.8363898693546935, 
                0.8178985514890795, 
                0.7950957150784698, 
                0.7686237914787161, 
                0.7391582276293643, 
                0.7073809598410694, 
                0.6739559576150286, 
                0.6395079825972565, 
                0.6046054197706725, 
                0.5697477159363333, 
                0.5353576311327078, 
                0.5017781965654069, 
                0.4692739986123288, 
                0.4380361880125511, 
                0.4081904560740693, 
                0.37980712937297784, 
                0.3529125093586859, 
                0.32750061747678266, 
                0.30354459055093386, 
                0.28100709385984757, 
                0.2598492683674642, 
                0.24003789182828678, 
                0.22155059985540076, 
                0.2043791728586221, 
                0.1885310401744678, 
                0.17402927771512922, 
                0.16091147580159226, 
                0.14922792674649094, 
                0.1390396256013907, 
                0.13041659145149026, 
                0.12343700033957994, 
                0.11818757410845258, 
                0.11476559196560461, 
                0.11328278323682547, 
                0.11387122069934724, 
                0.11669116490708219, 
                0.12194061326813423, 
                0.12986608776329409, 
                0.14077395970123063, 
                0.1550413703893971, 
                0.17312557927495645, 
                0.19557037698208837, 
                0.22300806503981746, 
                0.2561554552115437, 
                0.2958024081115132, 
                0.3427916395360192, 
                0.3979888933264807, 
                0.462243120184466, 
                0.5363370057401046, 
                0.620929032268858, 
                0.7164891894439701, 
                0.8232314019680266, 
                0.9410466292267887, 
                1.0694413154763878, 
                1.207486326580742, 
                1.353781607230573, 
                1.506441457984645, 
                1.6631045246416891, 
                1.8209713171308102, 
                1.9768703850649123, 
                2.1273522772702393, 
                2.2688082539675967, 
                2.3976085882629343, 
                2.5102533907397033, 
                2.603527415543392, 
                2.67464942952948, 
                2.721406570204897, 
                2.7422647397500923, 
                2.7364474615630794
            ], 
            "correctMedian": 0.9959024153687738
        }, 
        "1.0": {
            "incorrect": [
                2.7364474615630794, 
                2.7422647397501216, 
                2.721406570204883, 
                2.674649429529492, 
                2.603527415543394, 
                2.510253390739712, 
                2.3976085882629365, 
                2.268808253967599, 
                2.127352277270241, 
                1.9768703850649265, 
                1.8209713171307973, 
                1.6631045246416993, 
                1.506441457984645, 
                1.3537816072305802, 
                1.2074863265807432, 
                1.0694413154763869, 
                0.9410466292267913, 
                0.8232314019680215, 
                0.7164891894439682, 
                0.6209290322688585, 
                0.536337005740106, 
                0.4622431201844644, 
                0.39798889332647996, 
                0.342791639536018, 
                0.29580240811151265, 
                0.2561554552115437, 
                0.22300806503981746, 
                0.19557037698208785, 
                0.17312557927495537, 
                0.15504137038939642, 
                0.14077395970123174, 
                0.12986608776329367, 
                0.12194061326813482, 
                0.11669116490708152, 
                0.11387122069934749, 
                0.11328278323682633, 
                0.11476559196560425, 
                0.11818757410845258, 
                0.12343700033957933, 
                0.1304165914514914, 
                0.13903962560139166, 
                0.14922792674649094, 
                0.1609114758015917, 
                0.17402927771512908, 
                0.1885310401744678, 
                0.20437917285862228, 
                0.22155059985540076, 
                0.24003789182828741, 
                0.2598492683674656, 
                0.28100709385984735, 
                0.30354459055093413, 
                0.3275006174767824, 
                0.3529125093586871, 
                0.37980712937297784, 
                0.4081904560740711, 
                0.4380361880125519, 
                0.469273998612328, 
                0.5017781965654078, 
                0.5353576311327068, 
                0.5697477159363339, 
                0.604605419770672, 
                0.6395079825972559, 
                0.6739559576150268, 
                0.707380959841072, 
                0.739158227629363, 
                0.7686237914787146, 
                0.7950957150784691, 
                0.817898551489078, 
                0.8363898693546935, 
                0.8499874764852572, 
                0.8581958243952698, 
                0.8606300353038744, 
                0.8570360627008397, 
                0.8473056785008567, 
                0.8314852646339752, 
                0.809777755472961, 
                0.7825375024077168, 
                0.75025827985848, 
                0.7135550871135949, 
                0.6731407873994896, 
                0.6297989336241568, 
                0.58435433570686, 
                0.5376430132626524, 
                0.4904831463713808, 
                0.44364849366984627, 
                0.3978455081202594, 
                0.3536950710616611, 
                0.31171941375681034, 
                0.27233443336237206, 
                0.23584726630305683, 
                0.20245868144510934, 
                0.17226961706406277, 
                0.14529102084875004, 
                0.12145606490792939, 
                0.10063379469282219, 
                0.08264332278831182, 
                0.06726778230544463, 
                0.05426739440611829, 
                0.04339116403353645, 
                0.034386881972657206
            ], 
            "incorrectMedian": 0.004097584631226158, 
            "correct": [
                0.19841775862111743, 
                0.213031811866575, 
                0.22793541857839075, 
                0.24311947557230987, 
                0.25855858723649544, 
                0.27420198283503133, 
                0.2899654526158374, 
                0.3057253291695097, 
                0.321315425638537, 
                0.3365276230985809, 
                0.35111649557312746, 
                0.36480800296941485, 
                0.3773119067865275, 
                0.3883372100426486, 
                0.39760962825251656, 
                0.40488989228346234, 
                0.4099915860225415, 
                0.4127972391718957, 
                0.41327152264925954, 
                0.4114706140744746, 
                0.4075470879407621, 
                0.4017500083565677, 
                0.3944202295561878, 
                0.3859812112588228, 
                0.37692590888129185, 
                0.36780048719025454, 
                0.35918572389631487, 
                0.3516770193240474, 
                0.34586391919067694, 
                0.34231000404938766, 
                0.3415339174702936, 
                0.34399221115401757, 
                0.35006459141835033, 
                0.3600420657073206, 
                0.37411841243296784, 
                0.3923853299607468, 
                0.41483155420990964, 
                0.44134615998648463, 
                0.47172616894986785, 
                0.505688468294437, 
                0.542885892699296, 
                0.5829271355308288, 
                0.6253999358386334, 
                0.66989674236939, 
                0.7160417965204385, 
                0.7635183194343811, 
                0.8120942551243686, 
                0.8616448359864747, 
                0.9121701260869408, 
                0.9638056887269945, 
                1.0168246438819433, 
                1.0716296494150257, 
                1.1287337704651366, 
                1.1887297950538838, 
                1.252248296196163, 
                1.3199055990440138, 
                1.3922437343389176, 
                1.4696653775905868, 
                1.5523676041519423, 
                1.6402789437680638, 
                1.7330046058938473, 
                1.829784792576365, 
                1.9294706648191564, 
                2.0305217587623203, 
                2.1310274762493884, 
                2.2287537590781277, 
                2.321214296940249, 
                2.4057637497860838, 
                2.479708643736636, 
                2.540429992214487, 
                2.5855104590924616, 
                2.612858151360227, 
                2.6208189970632367, 
                2.608270169141721, 
                2.5746881368866585, 
                2.5201865839610496, 
                2.445521492002024, 
                2.352062977713781, 
                2.2417357916676073, 
                2.1169325380382342, 
                1.9804054728297908, 
                1.8351440363412794, 
                1.6842459767247944, 
                1.5307899876973987, 
                1.377717238090036, 
                1.2277280935174542, 
                1.0831988459713195, 
                0.9461215305418003, 
                0.8180680869705435, 
                0.7001783788220064, 
                0.5931700545198493, 
                0.4973670281661953, 
                0.4127425384595072, 
                0.3389723322917838, 
                0.27549349646624033, 
                0.22156477382040762, 
                0.17632477275896385, 
                0.13884522327822765, 
                0.10817725790744283, 
                0.08338952026385583
            ], 
            "correctMedian": 0.7039572772634626
        }
    }, 
    "perCutData": {
        "fp": [
            194, 
            137, 
            126, 
            119, 
            117, 
            115, 
            114, 
            112, 
            110, 
            109, 
            106, 
            105, 
            104, 
            104, 
            104, 
            104, 
            104, 
            104, 
            104, 
            99, 
            98, 
            94, 
            91, 
            89, 
            85, 
            82, 
            78, 
            69, 
            62, 
            48, 
            29, 
            9, 
            2, 
            2, 
            0, 
            0, 
            0, 
            0, 
            0, 
            0
        ], 
        "f1": [
            0.4269005847953216, 
            0.512280701754386, 
            0.5328467153284672, 
            0.5468164794007491, 
            0.5509433962264151, 
            0.5496183206106869, 
            0.5461538461538462, 
            0.5447470817120623, 
            0.5375494071146245, 
            0.5338645418326694, 
            0.5344129554655871, 
            0.5365853658536586, 
            0.5387755102040817, 
            0.5327868852459017, 
            0.5327868852459017, 
            0.5327868852459017, 
            0.5327868852459017, 
            0.5267489711934156, 
            0.5145228215767634, 
            0.5191489361702127, 
            0.5086206896551724, 
            0.4977777777777778, 
            0.497737556561086, 
            0.4744186046511628, 
            0.4688995215311004, 
            0.46829268292682924, 
            0.47, 
            0.4598930481283422, 
            0.4431818181818182, 
            0.36, 
            0.3225806451612903, 
            0.2127659574468085, 
            0.075, 
            0.0, 
            0.0, 
            0.0, 
            0.0, 
            0.0, 
            0.0, 
            0.0
        ], 
        "mcc": [
            0.34425742654971553, 
            0.45301465105848615, 
            0.477162142162103, 
            0.493273386713329, 
            0.4979934966199603, 
            0.4930402213987548, 
            0.48572613697298156, 
            0.48088125479826005, 
            0.4663739038667721, 
            0.45914071012921304, 
            0.45701214080415026, 
            0.45958223294944095, 
            0.462168367526876, 
            0.45242442751595024, 
            0.45242442751595024, 
            0.45242442751595024, 
            0.45242442751595024, 
            0.4426681050525389, 
            0.42311561360649896, 
            0.4265310622329484, 
            0.4095834808371405, 
            0.39091855949155774, 
            0.3893976847086218, 
            0.3551107878186919, 
            0.34649870418993456, 
            0.34522728346059106, 
            0.34717145971463825, 
            0.33445206407275824, 
            0.3157097365999497, 
            0.23096774193548386, 
            0.22571306482501044, 
            0.20215594163170367, 
            0.12302089660425043, 
            -0.030101917011320613, 
            0.0, 
            0.0, 
            0.0, 
            0.0, 
            0.0, 
            0.0
        ], 
        "precision": [
            0.27340823970037453, 
            0.3476190476190476, 
            0.36683417085427134, 
            0.3802083333333333, 
            0.38421052631578945, 
            0.3850267379679144, 
            0.3837837837837838, 
            0.38461538461538464, 
            0.38202247191011235, 
            0.3806818181818182, 
            0.38372093023255816, 
            0.38596491228070173, 
            0.38823529411764707, 
            0.38461538461538464, 
            0.38461538461538464, 
            0.38461538461538464, 
            0.38461538461538464, 
            0.38095238095238093, 
            0.37349397590361444, 
            0.38125, 
            0.37579617834394907, 
            0.37333333333333335, 
            0.3767123287671233, 
            0.36428571428571427, 
            0.3656716417910448, 
            0.36923076923076925, 
            0.376, 
            0.38392857142857145, 
            0.38613861386138615, 
            0.36, 
            0.40816326530612246, 
            0.5263157894736842, 
            0.6, 
            0.0, 
            1.0, 
            1.0, 
            1.0, 
            1.0, 
            1.0, 
            1.0
        ], 
        "hammingLoss": [
            0.43847874720357943, 
            0.31096196868008946, 
            0.28635346756152125, 
            0.27069351230425054, 
            0.2662192393736018, 
            0.2639821029082774, 
            0.2639821029082774, 
            0.26174496644295303, 
            0.26174496644295303, 
            0.26174496644295303, 
            0.25727069351230425, 
            0.2550335570469799, 
            0.25279642058165547, 
            0.2550335570469799, 
            0.2550335570469799, 
            0.2550335570469799, 
            0.2550335570469799, 
            0.25727069351230425, 
            0.26174496644295303, 
            0.25279642058165547, 
            0.2550335570469799, 
            0.25279642058165547, 
            0.2483221476510067, 
            0.25279642058165547, 
            0.2483221476510067, 
            0.24384787472035793, 
            0.2371364653243848, 
            0.22595078299776286, 
            0.21923937360178972, 
            0.21476510067114093, 
            0.18791946308724833, 
            0.16554809843400448, 
            0.16554809843400448, 
            0.17225950782997762, 
            0.16778523489932887, 
            0.16778523489932887, 
            0.16778523489932887, 
            0.16778523489932887, 
            0.16778523489932887, 
            0.16778523489932887
        ], 
        "fn": [
            2, 
            2, 
            2, 
            2, 
            2, 
            3, 
            4, 
            5, 
            7, 
            8, 
            9, 
            9, 
            9, 
            10, 
            10, 
            10, 
            10, 
            11, 
            13, 
            14, 
            16, 
            19, 
            20, 
            24, 
            26, 
            27, 
            28, 
            32, 
            36, 
            48, 
            55, 
            65, 
            72, 
            75, 
            75, 
            75, 
            75, 
            75, 
            75, 
            75
        ], 
        "cut": [
            0.0, 
            0.025, 
            0.05, 
            0.07500000000000001, 
            0.1, 
            0.125, 
            0.15000000000000002, 
            0.17500000000000002, 
            0.2, 
            0.225, 
            0.25, 
            0.275, 
            0.30000000000000004, 
            0.325, 
            0.35000000000000003, 
            0.375, 
            0.4, 
            0.42500000000000004, 
            0.45, 
            0.47500000000000003, 
            0.5, 
            0.525, 
            0.55, 
            0.5750000000000001, 
            0.6000000000000001, 
            0.625, 
            0.65, 
            0.675, 
            0.7000000000000001, 
            0.7250000000000001, 
            0.75, 
            0.775, 
            0.8, 
            0.8250000000000001, 
            0.8500000000000001, 
            0.875, 
            0.9, 
            0.925, 
            0.9500000000000001, 
            0.9750000000000001
        ], 
        "recall": [
            0.9733333333333334, 
            0.9733333333333334, 
            0.9733333333333334, 
            0.9733333333333334, 
            0.9733333333333334, 
            0.96, 
            0.9466666666666667, 
            0.9333333333333333, 
            0.9066666666666666, 
            0.8933333333333333, 
            0.88, 
            0.88, 
            0.88, 
            0.8666666666666667, 
            0.8666666666666667, 
            0.8666666666666667, 
            0.8666666666666667, 
            0.8533333333333334, 
            0.8266666666666667, 
            0.8133333333333334, 
            0.7866666666666666, 
            0.7466666666666667, 
            0.7333333333333333, 
            0.68, 
            0.6533333333333333, 
            0.64, 
            0.6266666666666667, 
            0.5733333333333334, 
            0.52, 
            0.36, 
            0.26666666666666666, 
            0.13333333333333333, 
            0.04, 
            0.0, 
            0.0, 
            0.0, 
            0.0, 
            0.0, 
            0.0, 
            0.0
        ], 
        "tp": [
            73, 
            73, 
            73, 
            73, 
            73, 
            72, 
            71, 
            70, 
            68, 
            67, 
            66, 
            66, 
            66, 
            65, 
            65, 
            65, 
            65, 
            64, 
            62, 
            61, 
            59, 
            56, 
            55, 
            51, 
            49, 
            48, 
            47, 
            43, 
            39, 
            27, 
            20, 
            10, 
            3, 
            0, 
            0, 
            0, 
            0, 
            0, 
            0, 
            0
        ], 
        "tn": [
            178, 
            235, 
            246, 
            253, 
            255, 
            257, 
            258, 
            260, 
            262, 
            263, 
            266, 
            267, 
            268, 
            268, 
            268, 
            268, 
            268, 
            268, 
            268, 
            273, 
            274, 
            278, 
            281, 
            283, 
            287, 
            290, 
            294, 
            303, 
            310, 
            324, 
            343, 
            363, 
            370, 
            370, 
            372, 
            372, 
            372, 
            372, 
            372, 
            372
        ], 
        "accuracy": [
            0.5615212527964206, 
            0.6890380313199105, 
            0.7136465324384788, 
            0.7293064876957495, 
            0.7337807606263982, 
            0.7360178970917226, 
            0.7360178970917226, 
            0.738255033557047, 
            0.738255033557047, 
            0.738255033557047, 
            0.7427293064876958, 
            0.7449664429530202, 
            0.7472035794183445, 
            0.7449664429530202, 
            0.7449664429530202, 
            0.7449664429530202, 
            0.7449664429530202, 
            0.7427293064876958, 
            0.738255033557047, 
            0.7472035794183445, 
            0.7449664429530202, 
            0.7472035794183445, 
            0.7516778523489933, 
            0.7472035794183445, 
            0.7516778523489933, 
            0.756152125279642, 
            0.7628635346756152, 
            0.7740492170022372, 
            0.7807606263982103, 
            0.785234899328859, 
            0.8120805369127517, 
            0.8344519015659956, 
            0.8344519015659956, 
            0.8277404921700223, 
            0.8322147651006712, 
            0.8322147651006712, 
            0.8322147651006712, 
            0.8322147651006712, 
            0.8322147651006712, 
            0.8322147651006712
        ]
    }, 
    "optimalThreshold": 0.1, 
    "tiMetrics": {
        "logLoss": 0.5321777795628798, 
        "auc": 0.8266666666666667, 
        "lift": 2.2768539325842694, 
        "calibrationLoss": 0.12518326355114834
    }, 
    "processed_feature_names": [
        "Age", 
        "Amount_Requested", 
        "Debt_To_Income_Ratio", 
        "Employment_Duration", 
        "FICO_Avg", 
        "Inquiries_in_the_Last_6_Months", 
        "Interest_Rate", 
        "Monthly_Income", 
        "Open_CREDIT_Lines", 
        "Revolving_CREDIT_Balance", 
        "dummy:Loan_Purpose:debt_consolidation", 
        "dummy:Loan_Purpose:credit_card", 
        "dummy:Loan_Purpose:other", 
        "dummy:Loan_Purpose:home_improvement", 
        "dummy:Loan_Purpose:major_purchase", 
        "dummy:Loan_Purpose:small_business", 
        "dummy:Loan_Purpose:car", 
        "dummy:Loan_Purpose:wedding", 
        "dummy:Loan_Purpose:moving", 
        "dummy:Loan_Purpose:medical", 
        "dummy:Loan_Purpose:educational", 
        "dummy:Loan_Purpose:house", 
        "dummy:Loan_Purpose:vacation", 
        "dummy:Loan_Purpose:renewable_energy", 
        "dummy:Loan_Purpose:N/A", 
        "dummy:Loan_Purpose:__Others__", 
        "dummy:State:CA", 
        "dummy:State:NY", 
        "dummy:State:TX", 
        "dummy:State:FL", 
        "dummy:State:GA", 
        "dummy:State:PA", 
        "dummy:State:IL", 
        "dummy:State:NJ", 
        "dummy:State:VA", 
        "dummy:State:OH", 
        "dummy:State:MA", 
        "dummy:State:CO", 
        "dummy:State:NC", 
        "dummy:State:MD", 
        "dummy:State:WA", 
        "dummy:State:MI", 
        "dummy:State:AL", 
        "dummy:State:AZ", 
        "dummy:State:MN", 
        "dummy:State:CT", 
        "dummy:State:OR", 
        "dummy:State:MO", 
        "dummy:State:NV", 
        "dummy:State:SC", 
        "dummy:State:OK", 
        "dummy:State:KY", 
        "dummy:State:WI", 
        "dummy:State:LA", 
        "dummy:State:UT", 
        "dummy:State:RI", 
        "dummy:State:KS", 
        "dummy:State:HI", 
        "dummy:State:AR", 
        "dummy:State:NM", 
        "dummy:State:NH", 
        "dummy:State:DC", 
        "dummy:State:WV", 
        "dummy:State:AK", 
        "dummy:State:MT", 
        "dummy:State:DE", 
        "dummy:State:VT", 
        "dummy:State:WY", 
        "dummy:State:SD", 
        "dummy:State:IN", 
        "dummy:State:N/A", 
        "dummy:State:__Others__", 
        "dummy:Home_Ownership:RENT", 
        "dummy:Home_Ownership:MORTGAGE", 
        "dummy:Home_Ownership:OWN", 
        "dummy:Home_Ownership:N/A", 
        "dummy:Home_Ownership:__Others__", 
        "dummy:Loan_Length:36", 
        "dummy:Loan_Length:N/A", 
        "dummy:Loan_Length:__Others__"
    ], 
    "globalMetrics": {
        "predictionAvg": [
            0.4250559284116331
        ], 
        "predictionStd": [
            0.4949053757494634
        ], 
        "targetStd": [
            0.37409414471340896
        ], 
        "targetAvg": [
            0.16778523489932887
        ], 
        "testWeight": 447
    }
}