{
    "gridSize": 24, 
    "nThreads": 4, 
    "metric": "ROC_AUC", 
    "gridPoints": [
        {
            "scoreTimeMean": 674.0, 
            "best_iteration": null, 
            "time": 8286, 
            "trainScoreMean": 0.9822662392220847, 
            "finishedAt": 1606485202085, 
            "fitTimeStd": 26.981475126464083, 
            "testScoreStd": 0.015010429443693789, 
            "scoreTimeStd": 271.7842281418601, 
            "parameters": {
                "max_features": 0.455706770935011, 
                "n_estimators": 147, 
                "min_samples_split": 3, 
                "max_depth": 9, 
                "min_samples_leaf": 1
            }, 
            "testScoreMean": 0.841263843923848, 
            "score": 0.841263843923848, 
            "trainScoreStd": 0.0022208254165470686, 
            "testScoreGibMean": 0.841263843923848, 
            "fitTimeMean": 2088.0
        }, 
        {
            "scoreTimeMean": 339.6666666666667, 
            "best_iteration": null, 
            "time": 5835, 
            "trainScoreMean": 0.9573577995686848, 
            "finishedAt": 1606485203440, 
            "fitTimeStd": 301.465678901522, 
            "testScoreStd": 0.009203984987073912, 
            "scoreTimeStd": 248.79755268535547, 
            "parameters": {
                "max_features": 0.42692990979813816, 
                "n_estimators": 163, 
                "min_samples_split": 30, 
                "max_depth": 8, 
                "min_samples_leaf": 10
            }, 
            "testScoreMean": 0.8421481750719112, 
            "score": 0.8421481750719112, 
            "trainScoreStd": 0.003422377281643176, 
            "testScoreGibMean": 0.8421481750719112, 
            "fitTimeMean": 1605.3333333333333
        }, 
        {
            "scoreTimeMean": 910.0, 
            "best_iteration": null, 
            "time": 5728, 
            "trainScoreMean": 0.9732609532399409, 
            "finishedAt": 1606485205157, 
            "fitTimeStd": 241.41573178969833, 
            "testScoreStd": 0.010984248375401719, 
            "scoreTimeStd": 273.5117304004833, 
            "parameters": {
                "max_features": 0.3306290243756199, 
                "n_estimators": 168, 
                "min_samples_split": 21, 
                "max_depth": 10, 
                "min_samples_leaf": 7
            }, 
            "testScoreMean": 0.842956380773871, 
            "score": 0.842956380773871, 
            "trainScoreStd": 0.0015474920860367595, 
            "testScoreGibMean": 0.842956380773871, 
            "fitTimeMean": 999.3333333333334
        }, 
        {
            "scoreTimeMean": 501.3333333333333, 
            "best_iteration": null, 
            "time": 8925, 
            "trainScoreMean": 0.9413129982450945, 
            "finishedAt": 1606485206878, 
            "fitTimeStd": 117.318180839781, 
            "testScoreStd": 0.017151763970354887, 
            "scoreTimeStd": 297.1490460283451, 
            "parameters": {
                "max_features": 0.26359377674806794, 
                "n_estimators": 182, 
                "min_samples_split": 6, 
                "max_depth": 5, 
                "min_samples_leaf": 2
            }, 
            "testScoreMean": 0.8406307133456198, 
            "score": 0.8406307133456198, 
            "trainScoreStd": 0.0023045139183990797, 
            "testScoreGibMean": 0.8406307133456198, 
            "fitTimeMean": 2473.6666666666665
        }, 
        {
            "scoreTimeMean": 322.3333333333333, 
            "best_iteration": null, 
            "time": 5124, 
            "trainScoreMean": 0.9268904015596559, 
            "finishedAt": 1606485208308, 
            "fitTimeStd": 407.32405881421846, 
            "testScoreStd": 0.013753471982439498, 
            "scoreTimeStd": 126.44981437533056, 
            "parameters": {
                "max_features": 0.33567087766049786, 
                "n_estimators": 152, 
                "min_samples_split": 42, 
                "max_depth": 5, 
                "min_samples_leaf": 14
            }, 
            "testScoreMean": 0.8430320401637766, 
            "score": 0.8430320401637766, 
            "trainScoreStd": 0.003369586449223043, 
            "testScoreGibMean": 0.8430320401637766, 
            "fitTimeMean": 1385.6666666666667
        }, 
        {
            "scoreTimeMean": 894.3333333333334, 
            "best_iteration": null, 
            "time": 6673, 
            "trainScoreMean": 0.932976975701689, 
            "finishedAt": 1606485210064, 
            "fitTimeStd": 222.24460998338444, 
            "testScoreStd": 0.009190562799963881, 
            "scoreTimeStd": 176.37145145654637, 
            "parameters": {
                "max_features": 0.4889031232307183, 
                "n_estimators": 195, 
                "min_samples_split": 51, 
                "max_depth": 6, 
                "min_samples_leaf": 17
            }, 
            "testScoreMean": 0.8420954718357556, 
            "score": 0.8420954718357556, 
            "trainScoreStd": 0.005355929365330109, 
            "testScoreGibMean": 0.8420954718357556, 
            "fitTimeMean": 1330.0
        }, 
        {
            "scoreTimeMean": 691.6666666666666, 
            "best_iteration": null, 
            "time": 4817, 
            "trainScoreMean": 0.9469328632579722, 
            "finishedAt": 1606485210967, 
            "fitTimeStd": 59.098787353605374, 
            "testScoreStd": 0.010094435849640149, 
            "scoreTimeStd": 232.57591353266906, 
            "parameters": {
                "max_features": 0.5668940505699103, 
                "n_estimators": 144, 
                "min_samples_split": 48, 
                "max_depth": 10, 
                "min_samples_leaf": 16
            }, 
            "testScoreMean": 0.8422308975554111, 
            "score": 0.8422308975554111, 
            "trainScoreStd": 0.006308756278480256, 
            "testScoreGibMean": 0.8422308975554111, 
            "fitTimeMean": 914.0
        }, 
        {
            "scoreTimeMean": 506.0, 
            "best_iteration": null, 
            "time": 5317, 
            "trainScoreMean": 0.9364733633961075, 
            "finishedAt": 1606485212285, 
            "fitTimeStd": 212.93556667582698, 
            "testScoreStd": 0.009994880451785124, 
            "scoreTimeStd": 224.5128058708456, 
            "parameters": {
                "max_features": 0.3841648271642263, 
                "n_estimators": 195, 
                "min_samples_split": 54, 
                "max_depth": 7, 
                "min_samples_leaf": 18
            }, 
            "testScoreMean": 0.8405267733703162, 
            "score": 0.8405267733703162, 
            "trainScoreStd": 0.002024410279600975, 
            "testScoreGibMean": 0.8405267733703162, 
            "fitTimeMean": 1266.3333333333333
        }, 
        {
            "scoreTimeMean": 396.6666666666667, 
            "best_iteration": null, 
            "time": 3411, 
            "trainScoreMean": 0.95007962169474, 
            "finishedAt": 1606485213020, 
            "fitTimeStd": 131.79866800878108, 
            "testScoreStd": 0.01323960730458345, 
            "scoreTimeStd": 62.46243315430128, 
            "parameters": {
                "max_features": 0.5683175057718732, 
                "n_estimators": 119, 
                "min_samples_split": 45, 
                "max_depth": 10, 
                "min_samples_leaf": 15
            }, 
            "testScoreMean": 0.8439529784637037, 
            "score": 0.8439529784637037, 
            "trainScoreStd": 0.005264141708112077, 
            "testScoreGibMean": 0.8439529784637037, 
            "fitTimeMean": 740.3333333333334
        }, 
        {
            "scoreTimeMean": 597.6666666666666, 
            "best_iteration": null, 
            "time": 3605, 
            "trainScoreMean": 0.9384355101721048, 
            "finishedAt": 1606485213958, 
            "fitTimeStd": 41.960298696108765, 
            "testScoreStd": 0.014453600644735597, 
            "scoreTimeStd": 194.01775405588245, 
            "parameters": {
                "max_features": 0.44921187524506423, 
                "n_estimators": 111, 
                "min_samples_split": 3, 
                "max_depth": 5, 
                "min_samples_leaf": 1
            }, 
            "testScoreMean": 0.8384733237530638, 
            "score": 0.8384733237530638, 
            "trainScoreStd": 0.002283337780982228, 
            "testScoreGibMean": 0.8384733237530638, 
            "fitTimeMean": 604.0
        }, 
        {
            "scoreTimeMean": 347.6666666666667, 
            "best_iteration": null, 
            "time": 4272, 
            "trainScoreMean": 0.9604805828756967, 
            "finishedAt": 1606485214999, 
            "fitTimeStd": 226.73969411836313, 
            "testScoreStd": 0.012434986572070945, 
            "scoreTimeStd": 229.1641818047101, 
            "parameters": {
                "max_features": 0.34879716399431415, 
                "n_estimators": 155, 
                "min_samples_split": 12, 
                "max_depth": 7, 
                "min_samples_leaf": 4
            }, 
            "testScoreMean": 0.8419791999448621, 
            "score": 0.8419791999448621, 
            "trainScoreStd": 0.0011005637480056537, 
            "testScoreGibMean": 0.8419791999448621, 
            "fitTimeMean": 1076.3333333333333
        }, 
        {
            "scoreTimeMean": 336.6666666666667, 
            "best_iteration": null, 
            "time": 2712, 
            "trainScoreMean": 0.9583039340055326, 
            "finishedAt": 1606485215519, 
            "fitTimeStd": 142.8433485403581, 
            "testScoreStd": 0.010282890827053366, 
            "scoreTimeStd": 66.98424358674873, 
            "parameters": {
                "max_features": 0.3736901993299291, 
                "n_estimators": 80, 
                "min_samples_split": 9, 
                "max_depth": 7, 
                "min_samples_leaf": 3
            }, 
            "testScoreMean": 0.8422670167994382, 
            "score": 0.8422670167994382, 
            "trainScoreStd": 0.0021034988250262987, 
            "testScoreGibMean": 0.8422670167994382, 
            "fitTimeMean": 567.3333333333334
        }, 
        {
            "scoreTimeMean": 413.6666666666667, 
            "best_iteration": null, 
            "time": 3442, 
            "trainScoreMean": 0.9324115427617901, 
            "finishedAt": 1606485216332, 
            "fitTimeStd": 109.22250480352278, 
            "testScoreStd": 0.012872050248898932, 
            "scoreTimeStd": 57.34302243710409, 
            "parameters": {
                "max_features": 0.29448460467592846, 
                "n_estimators": 118, 
                "min_samples_split": 18, 
                "max_depth": 5, 
                "min_samples_leaf": 6
            }, 
            "testScoreMean": 0.8437567168326852, 
            "score": 0.8437567168326852, 
            "trainScoreStd": 0.0027934235617558456, 
            "testScoreGibMean": 0.8437567168326852, 
            "fitTimeMean": 733.6666666666666
        }, 
        {
            "scoreTimeMean": 401.3333333333333, 
            "best_iteration": null, 
            "time": 2841, 
            "trainScoreMean": 0.922431108956265, 
            "finishedAt": 1606485217340, 
            "fitTimeStd": 181.66330272114826, 
            "testScoreStd": 0.01402642041694615, 
            "scoreTimeStd": 203.94498168760015, 
            "parameters": {
                "max_features": 0.4701603981248541, 
                "n_estimators": 84, 
                "min_samples_split": 48, 
                "max_depth": 5, 
                "min_samples_leaf": 16
            }, 
            "testScoreMean": 0.8419263465207267, 
            "score": 0.8419263465207267, 
            "trainScoreStd": 0.004037534704132479, 
            "testScoreGibMean": 0.8419263465207267, 
            "fitTimeMean": 545.6666666666666
        }, 
        {
            "scoreTimeMean": 638.6666666666666, 
            "best_iteration": null, 
            "time": 5306, 
            "trainScoreMean": 0.9522973732632423, 
            "finishedAt": 1606485218913, 
            "fitTimeStd": 52.23664103545199, 
            "testScoreStd": 0.01610181117125305, 
            "scoreTimeStd": 226.63676273328258, 
            "parameters": {
                "max_features": 0.3699699939467366, 
                "n_estimators": 145, 
                "min_samples_split": 6, 
                "max_depth": 6, 
                "min_samples_leaf": 2
            }, 
            "testScoreMean": 0.8423263425105146, 
            "score": 0.8423263425105146, 
            "trainScoreStd": 0.001919865621308111, 
            "testScoreGibMean": 0.8423263425105146, 
            "fitTimeMean": 1130.0
        }, 
        {
            "scoreTimeMean": 560.0, 
            "best_iteration": null, 
            "time": 6085, 
            "trainScoreMean": 0.9402715213698439, 
            "finishedAt": 1606485220058, 
            "fitTimeStd": 38.56019824753095, 
            "testScoreStd": 0.01030536775543022, 
            "scoreTimeStd": 76.08328769622582, 
            "parameters": {
                "max_features": 0.6818854406480492, 
                "n_estimators": 199, 
                "min_samples_split": 21, 
                "max_depth": 6, 
                "min_samples_leaf": 7
            }, 
            "testScoreMean": 0.8412911804904772, 
            "score": 0.8412911804904772, 
            "trainScoreStd": 0.0030987333620498864, 
            "testScoreGibMean": 0.8412911804904772, 
            "fitTimeMean": 1468.3333333333333
        }, 
        {
            "scoreTimeMean": 268.6666666666667, 
            "best_iteration": null, 
            "time": 2781, 
            "trainScoreMean": 0.9803824904695891, 
            "finishedAt": 1606485220987, 
            "fitTimeStd": 268.1247636621595, 
            "testScoreStd": 0.015222699558908419, 
            "scoreTimeStd": 52.51243239039261, 
            "parameters": {
                "max_features": 0.22622953664430454, 
                "n_estimators": 94, 
                "min_samples_split": 3, 
                "max_depth": 8, 
                "min_samples_leaf": 1
            }, 
            "testScoreMean": 0.8391532387432616, 
            "score": 0.8391532387432616, 
            "trainScoreStd": 0.00215487776333014, 
            "testScoreGibMean": 0.8391532387432616, 
            "fitTimeMean": 658.3333333333334
        }, 
        {
            "scoreTimeMean": 445.6666666666667, 
            "best_iteration": null, 
            "time": 5396, 
            "trainScoreMean": 0.9551996577339339, 
            "finishedAt": 1606485222370, 
            "fitTimeStd": 38.28837943815329, 
            "testScoreStd": 0.01470491875307342, 
            "scoreTimeStd": 333.4709715835681, 
            "parameters": {
                "max_features": 0.3182264625655736, 
                "n_estimators": 164, 
                "min_samples_split": 33, 
                "max_depth": 8, 
                "min_samples_leaf": 11
            }, 
            "testScoreMean": 0.8477467934870372, 
            "score": 0.8477467934870372, 
            "trainScoreStd": 0.0026768488720798986, 
            "testScoreGibMean": 0.8477467934870372, 
            "fitTimeMean": 1353.0
        }, 
        {
            "scoreTimeMean": 423.3333333333333, 
            "best_iteration": null, 
            "time": 3769, 
            "trainScoreMean": 0.9599145801345851, 
            "finishedAt": 1606485223139, 
            "fitTimeStd": 253.22848707573692, 
            "testScoreStd": 0.011935211812728263, 
            "scoreTimeStd": 124.19697616644653, 
            "parameters": {
                "max_features": 0.6930243028355356, 
                "n_estimators": 127, 
                "min_samples_split": 15, 
                "max_depth": 8, 
                "min_samples_leaf": 5
            }, 
            "testScoreMean": 0.8404515327474444, 
            "score": 0.8404515327474444, 
            "trainScoreStd": 0.002744124576993372, 
            "testScoreGibMean": 0.8404515327474444, 
            "fitTimeMean": 833.0
        }, 
        {
            "scoreTimeMean": 539.3333333333334, 
            "best_iteration": null, 
            "time": 4042, 
            "trainScoreMean": 0.9733959704639108, 
            "finishedAt": 1606485224137, 
            "fitTimeStd": 86.39830245245949, 
            "testScoreStd": 0.01432776935704945, 
            "scoreTimeStd": 79.20577981154882, 
            "parameters": {
                "max_features": 0.19678571073099776, 
                "n_estimators": 132, 
                "min_samples_split": 15, 
                "max_depth": 9, 
                "min_samples_leaf": 5
            }, 
            "testScoreMean": 0.8433269109790698, 
            "score": 0.8433269109790698, 
            "trainScoreStd": 0.00036511539647117854, 
            "testScoreGibMean": 0.8433269109790698, 
            "fitTimeMean": 808.0
        }, 
        {
            "scoreTimeMean": 476.3333333333333, 
            "best_iteration": null, 
            "time": 4065, 
            "trainScoreMean": 0.9372628209363691, 
            "finishedAt": 1606485225174, 
            "fitTimeStd": 84.70078052900234, 
            "testScoreStd": 0.01311597584201946, 
            "scoreTimeStd": 130.27236425615715, 
            "parameters": {
                "max_features": 0.3486211529358213, 
                "n_estimators": 138, 
                "min_samples_split": 12, 
                "max_depth": 5, 
                "min_samples_leaf": 4
            }, 
            "testScoreMean": 0.8386842276901286, 
            "score": 0.8386842276901286, 
            "trainScoreStd": 0.003243745684990409, 
            "testScoreGibMean": 0.8386842276901286, 
            "fitTimeMean": 878.6666666666666
        }, 
        {
            "scoreTimeMean": 616.3333333333334, 
            "best_iteration": null, 
            "time": 4168, 
            "trainScoreMean": 0.9438854922240281, 
            "finishedAt": 1606485226317, 
            "fitTimeStd": 152.3176505421045, 
            "testScoreStd": 0.008319581357993183, 
            "scoreTimeStd": 119.53892903801487, 
            "parameters": {
                "max_features": 0.5048513933554124, 
                "n_estimators": 129, 
                "min_samples_split": 51, 
                "max_depth": 10, 
                "min_samples_leaf": 17
            }, 
            "testScoreMean": 0.8468848805222271, 
            "score": 0.8468848805222271, 
            "trainScoreStd": 0.003585286898078398, 
            "testScoreGibMean": 0.8468848805222271, 
            "fitTimeMean": 773.0
        }, 
        {
            "scoreTimeMean": 308.3333333333333, 
            "best_iteration": null, 
            "time": 5076, 
            "trainScoreMean": 0.9924251196545905, 
            "finishedAt": 1606485227455, 
            "fitTimeStd": 396.66638655452294, 
            "testScoreStd": 0.01197563157263048, 
            "scoreTimeStd": 207.10759415230424, 
            "parameters": {
                "max_features": 0.2179494170080321, 
                "n_estimators": 175, 
                "min_samples_split": 3, 
                "max_depth": 10, 
                "min_samples_leaf": 1
            }, 
            "testScoreMean": 0.839775163409554, 
            "score": 0.839775163409554, 
            "trainScoreStd": 0.0008284519867282223, 
            "testScoreGibMean": 0.839775163409554, 
            "fitTimeMean": 1383.6666666666667
        }, 
        {
            "scoreTimeMean": 243.66666666666666, 
            "best_iteration": null, 
            "time": 2569, 
            "trainScoreMean": 0.922317003469396, 
            "finishedAt": 1606485227687, 
            "fitTimeStd": 18.372685039360892, 
            "testScoreStd": 0.013500652154389186, 
            "scoreTimeStd": 252.67414236961847, 
            "parameters": {
                "max_features": 0.10814298136726591, 
                "n_estimators": 130, 
                "min_samples_split": 54, 
                "max_depth": 10, 
                "min_samples_leaf": 18
            }, 
            "testScoreMean": 0.8400617859320616, 
            "score": 0.8400617859320616, 
            "trainScoreStd": 0.005521277463467349, 
            "testScoreGibMean": 0.8400617859320616, 
            "fitTimeMean": 612.6666666666666
        }
    ], 
    "timeout": null, 
    "startedAt": 1606485198899, 
    "nSplits": 3
}