[
    {
        "fit_time": 2126, 
        "best_iteration": null, 
        "test_score": 0.8484908136482938, 
        "time": 3180, 
        "split_id": 0, 
        "parameters": {
            "max_features": 0.455706770935011, 
            "n_estimators": 147, 
            "min_samples_split": 3, 
            "max_depth": 9, 
            "min_samples_leaf": 1
        }, 
        "num_samples": 598, 
        "score_time": 1054, 
        "train_score": 0.9807581499457039, 
        "done_at": 1606485202085, 
        "test_score_gib": 0.8484908136482938
    }, 
    {
        "fit_time": 2072, 
        "best_iteration": null, 
        "test_score": 0.8203466081599184, 
        "time": 2606, 
        "split_id": 1, 
        "parameters": {
            "max_features": 0.455706770935011, 
            "n_estimators": 147, 
            "min_samples_split": 3, 
            "max_depth": 9, 
            "min_samples_leaf": 1
        }, 
        "num_samples": 596, 
        "score_time": 534, 
        "train_score": 0.980636816468063, 
        "done_at": 1606485201514, 
        "test_score_gib": 0.8203466081599184
    }, 
    {
        "fit_time": 2066, 
        "best_iteration": null, 
        "test_score": 0.8549298583870752, 
        "time": 2500, 
        "split_id": 2, 
        "parameters": {
            "max_features": 0.455706770935011, 
            "n_estimators": 147, 
            "min_samples_split": 3, 
            "max_depth": 9, 
            "min_samples_leaf": 1
        }, 
        "num_samples": 596, 
        "score_time": 434, 
        "train_score": 0.9854088119547568, 
        "done_at": 1606485201414, 
        "test_score_gib": 0.8549298583870752
    }, 
    {
        "fit_time": 2027, 
        "best_iteration": null, 
        "test_score": 0.8454724409448818, 
        "time": 2109, 
        "split_id": 0, 
        "parameters": {
            "max_features": 0.42692990979813816, 
            "n_estimators": 163, 
            "min_samples_split": 30, 
            "max_depth": 8, 
            "min_samples_leaf": 10
        }, 
        "num_samples": 598, 
        "score_time": 82, 
        "train_score": 0.9565410101278727, 
        "done_at": 1606485201030, 
        "test_score_gib": 0.8454724409448818
    }, 
    {
        "fit_time": 1449, 
        "best_iteration": null, 
        "test_score": 0.8295769341577466, 
        "time": 1710, 
        "split_id": 1, 
        "parameters": {
            "max_features": 0.42692990979813816, 
            "n_estimators": 163, 
            "min_samples_split": 30, 
            "max_depth": 8, 
            "min_samples_leaf": 10
        }, 
        "num_samples": 596, 
        "score_time": 261, 
        "train_score": 0.9536340369320527, 
        "done_at": 1606485202744, 
        "test_score_gib": 0.8295769341577466
    }, 
    {
        "fit_time": 1340, 
        "best_iteration": null, 
        "test_score": 0.8513839948584979, 
        "time": 2016, 
        "split_id": 2, 
        "parameters": {
            "max_features": 0.42692990979813816, 
            "n_estimators": 163, 
            "min_samples_split": 30, 
            "max_depth": 8, 
            "min_samples_leaf": 10
        }, 
        "num_samples": 596, 
        "score_time": 676, 
        "train_score": 0.9619010925502931, 
        "done_at": 1606485203440, 
        "test_score_gib": 0.8513839948584979
    }, 
    {
        "fit_time": 1193, 
        "best_iteration": null, 
        "test_score": 0.8487751531058618, 
        "time": 1794, 
        "split_id": 0, 
        "parameters": {
            "max_features": 0.3306290243756199, 
            "n_estimators": 168, 
            "min_samples_split": 21, 
            "max_depth": 10, 
            "min_samples_leaf": 7
        }, 
        "num_samples": 598, 
        "score_time": 601, 
        "train_score": 0.9747301819471222, 
        "done_at": 1606485203321, 
        "test_score_gib": 0.8487751531058618
    }, 
    {
        "fit_time": 659, 
        "best_iteration": null, 
        "test_score": 0.8275602242758682, 
        "time": 1522, 
        "split_id": 1, 
        "parameters": {
            "max_features": 0.3306290243756199, 
            "n_estimators": 168, 
            "min_samples_split": 21, 
            "max_depth": 10, 
            "min_samples_leaf": 7
        }, 
        "num_samples": 596, 
        "score_time": 863, 
        "train_score": 0.9711203456531909, 
        "done_at": 1606485203611, 
        "test_score_gib": 0.8275602242758682
    }, 
    {
        "fit_time": 1146, 
        "best_iteration": null, 
        "test_score": 0.852514238858232, 
        "time": 2412, 
        "split_id": 2, 
        "parameters": {
            "max_features": 0.3306290243756199, 
            "n_estimators": 168, 
            "min_samples_split": 21, 
            "max_depth": 10, 
            "min_samples_leaf": 7
        }, 
        "num_samples": 596, 
        "score_time": 1266, 
        "train_score": 0.9739274018218345, 
        "done_at": 1606485205157, 
        "test_score_gib": 0.852514238858232
    }, 
    {
        "fit_time": 2595, 
        "best_iteration": null, 
        "test_score": 0.8491688538932631, 
        "time": 2835, 
        "split_id": 0, 
        "parameters": {
            "max_features": 0.26359377674806794, 
            "n_estimators": 182, 
            "min_samples_split": 6, 
            "max_depth": 5, 
            "min_samples_leaf": 2
        }, 
        "num_samples": 598, 
        "score_time": 240, 
        "train_score": 0.9392992487201649, 
        "done_at": 1606485206165, 
        "test_score_gib": 0.8491688538932631
    }, 
    {
        "fit_time": 2511, 
        "best_iteration": null, 
        "test_score": 0.8166788555725462, 
        "time": 3428, 
        "split_id": 1, 
        "parameters": {
            "max_features": 0.26359377674806794, 
            "n_estimators": 182, 
            "min_samples_split": 6, 
            "max_depth": 5, 
            "min_samples_leaf": 2
        }, 
        "num_samples": 596, 
        "score_time": 917, 
        "train_score": 0.9445413765583288, 
        "done_at": 1606485206878, 
        "test_score_gib": 0.8166788555725462
    }, 
    {
        "fit_time": 2315, 
        "best_iteration": null, 
        "test_score": 0.8560157790927022, 
        "time": 2662, 
        "split_id": 2, 
        "parameters": {
            "max_features": 0.26359377674806794, 
            "n_estimators": 182, 
            "min_samples_split": 6, 
            "max_depth": 5, 
            "min_samples_leaf": 2
        }, 
        "num_samples": 596, 
        "score_time": 347, 
        "train_score": 0.9401051270055316, 
        "done_at": 1606485206284, 
        "test_score_gib": 0.8560157790927022
    }, 
    {
        "fit_time": 815, 
        "best_iteration": null, 
        "test_score": 0.8482064741907261, 
        "time": 1238, 
        "split_id": 0, 
        "parameters": {
            "max_features": 0.33567087766049786, 
            "n_estimators": 152, 
            "min_samples_split": 42, 
            "max_depth": 5, 
            "min_samples_leaf": 14
        }, 
        "num_samples": 598, 
        "score_time": 423, 
        "train_score": 0.9221572147241983, 
        "done_at": 1606485206404, 
        "test_score_gib": 0.8482064741907261
    }, 
    {
        "fit_time": 1739, 
        "best_iteration": null, 
        "test_score": 0.8241916539237196, 
        "time": 2139, 
        "split_id": 1, 
        "parameters": {
            "max_features": 0.33567087766049786, 
            "n_estimators": 152, 
            "min_samples_split": 42, 
            "max_depth": 5, 
            "min_samples_leaf": 14
        }, 
        "num_samples": 596, 
        "score_time": 400, 
        "train_score": 0.9288493821724413, 
        "done_at": 1606485208308, 
        "test_score_gib": 0.8241916539237196
    }, 
    {
        "fit_time": 1603, 
        "best_iteration": null, 
        "test_score": 0.8566806285043105, 
        "time": 1747, 
        "split_id": 2, 
        "parameters": {
            "max_features": 0.33567087766049786, 
            "n_estimators": 152, 
            "min_samples_split": 42, 
            "max_depth": 5, 
            "min_samples_leaf": 14
        }, 
        "num_samples": 596, 
        "score_time": 144, 
        "train_score": 0.929680490959628, 
        "done_at": 1606485208037, 
        "test_score_gib": 0.8566806285043105
    }, 
    {
        "fit_time": 1618, 
        "best_iteration": null, 
        "test_score": 0.8435476815398075, 
        "time": 2757, 
        "split_id": 0, 
        "parameters": {
            "max_features": 0.4889031232307183, 
            "n_estimators": 195, 
            "min_samples_split": 51, 
            "max_depth": 6, 
            "min_samples_leaf": 17
        }, 
        "num_samples": 598, 
        "score_time": 1139, 
        "train_score": 0.9272765551935819, 
        "done_at": 1606485209173, 
        "test_score_gib": 0.8435476815398075
    }, 
    {
        "fit_time": 1077, 
        "best_iteration": null, 
        "test_score": 0.8301752986281941, 
        "time": 1891, 
        "split_id": 1, 
        "parameters": {
            "max_features": 0.4889031232307183, 
            "n_estimators": 195, 
            "min_samples_split": 51, 
            "max_depth": 6, 
            "min_samples_leaf": 17
        }, 
        "num_samples": 596, 
        "score_time": 814, 
        "train_score": 0.9315243415802075, 
        "done_at": 1606485208787, 
        "test_score_gib": 0.8301752986281941
    }, 
    {
        "fit_time": 1295, 
        "best_iteration": null, 
        "test_score": 0.8525585621523392, 
        "time": 2025, 
        "split_id": 2, 
        "parameters": {
            "max_features": 0.4889031232307183, 
            "n_estimators": 195, 
            "min_samples_split": 51, 
            "max_depth": 6, 
            "min_samples_leaf": 17
        }, 
        "num_samples": 596, 
        "score_time": 730, 
        "train_score": 0.9401491592591573, 
        "done_at": 1606485210064, 
        "test_score_gib": 0.8525585621523392
    }, 
    {
        "fit_time": 964, 
        "best_iteration": null, 
        "test_score": 0.8472440944881889, 
        "time": 1327, 
        "split_id": 0, 
        "parameters": {
            "max_features": 0.5668940505699103, 
            "n_estimators": 144, 
            "min_samples_split": 48, 
            "max_depth": 10, 
            "min_samples_leaf": 16
        }, 
        "num_samples": 598, 
        "score_time": 363, 
        "train_score": 0.9429392992487202, 
        "done_at": 1606485209652, 
        "test_score_gib": 0.8472440944881889
    }, 
    {
        "fit_time": 831, 
        "best_iteration": null, 
        "test_score": 0.8281364270992619, 
        "time": 1698, 
        "split_id": 1, 
        "parameters": {
            "max_features": 0.5668940505699103, 
            "n_estimators": 144, 
            "min_samples_split": 48, 
            "max_depth": 10, 
            "min_samples_leaf": 16
        }, 
        "num_samples": 596, 
        "score_time": 867, 
        "train_score": 0.9420260340699562, 
        "done_at": 1606485210487, 
        "test_score_gib": 0.8281364270992619
    }, 
    {
        "fit_time": 947, 
        "best_iteration": null, 
        "test_score": 0.8512953482702835, 
        "time": 1792, 
        "split_id": 2, 
        "parameters": {
            "max_features": 0.5668940505699103, 
            "n_estimators": 144, 
            "min_samples_split": 48, 
            "max_depth": 10, 
            "min_samples_leaf": 16
        }, 
        "num_samples": 596, 
        "score_time": 845, 
        "train_score": 0.9558466576767483, 
        "done_at": 1606485210967, 
        "test_score_gib": 0.8512953482702835
    }, 
    {
        "fit_time": 1478, 
        "best_iteration": null, 
        "test_score": 0.8426290463692038, 
        "time": 1792, 
        "split_id": 0, 
        "parameters": {
            "max_features": 0.3841648271642263, 
            "n_estimators": 195, 
            "min_samples_split": 54, 
            "max_depth": 7, 
            "min_samples_leaf": 18
        }, 
        "num_samples": 598, 
        "score_time": 314, 
        "train_score": 0.9338530239567403, 
        "done_at": 1606485211447, 
        "test_score_gib": 0.8426290463692038
    }, 
    {
        "fit_time": 1346, 
        "best_iteration": null, 
        "test_score": 0.8273607694523857, 
        "time": 1729, 
        "split_id": 1, 
        "parameters": {
            "max_features": 0.3841648271642263, 
            "n_estimators": 195, 
            "min_samples_split": 54, 
            "max_depth": 7, 
            "min_samples_leaf": 18
        }, 
        "num_samples": 596, 
        "score_time": 383, 
        "train_score": 0.9367972039518948, 
        "done_at": 1606485211797, 
        "test_score_gib": 0.8273607694523857
    }, 
    {
        "fit_time": 975, 
        "best_iteration": null, 
        "test_score": 0.8515834496819804, 
        "time": 1796, 
        "split_id": 2, 
        "parameters": {
            "max_features": 0.3841648271642263, 
            "n_estimators": 195, 
            "min_samples_split": 54, 
            "max_depth": 7, 
            "min_samples_leaf": 18
        }, 
        "num_samples": 596, 
        "score_time": 821, 
        "train_score": 0.9387786553650549, 
        "done_at": 1606485212285, 
        "test_score_gib": 0.8515834496819804
    }, 
    {
        "fit_time": 568, 
        "best_iteration": null, 
        "test_score": 0.8452755905511811, 
        "time": 1041, 
        "split_id": 0, 
        "parameters": {
            "max_features": 0.5683175057718732, 
            "n_estimators": 119, 
            "min_samples_split": 45, 
            "max_depth": 10, 
            "min_samples_leaf": 15
        }, 
        "num_samples": 598, 
        "score_time": 473, 
        "train_score": 0.9451997872481883, 
        "done_at": 1606485212011, 
        "test_score_gib": 0.8452755905511811
    }, 
    {
        "fit_time": 765, 
        "best_iteration": null, 
        "test_score": 0.8271059105112692, 
        "time": 1162, 
        "split_id": 1, 
        "parameters": {
            "max_features": 0.5683175057718732, 
            "n_estimators": 119, 
            "min_samples_split": 45, 
            "max_depth": 10, 
            "min_samples_leaf": 15
        }, 
        "num_samples": 596, 
        "score_time": 397, 
        "train_score": 0.9476621625340562, 
        "done_at": 1606485212611, 
        "test_score_gib": 0.8271059105112692
    }, 
    {
        "fit_time": 888, 
        "best_iteration": null, 
        "test_score": 0.8594729960330652, 
        "time": 1208, 
        "split_id": 2, 
        "parameters": {
            "max_features": 0.5683175057718732, 
            "n_estimators": 119, 
            "min_samples_split": 45, 
            "max_depth": 10, 
            "min_samples_leaf": 15
        }, 
        "num_samples": 596, 
        "score_time": 320, 
        "train_score": 0.9573932905853537, 
        "done_at": 1606485213020, 
        "test_score_gib": 0.8594729960330652
    }, 
    {
        "fit_time": 639, 
        "best_iteration": null, 
        "test_score": 0.8500000000000001, 
        "time": 975, 
        "split_id": 0, 
        "parameters": {
            "max_features": 0.44921187524506423, 
            "n_estimators": 111, 
            "min_samples_split": 3, 
            "max_depth": 5, 
            "min_samples_leaf": 1
        }, 
        "num_samples": 598, 
        "score_time": 336, 
        "train_score": 0.9364459366620128, 
        "done_at": 1606485212990, 
        "test_score_gib": 0.8500000000000001
    }, 
    {
        "fit_time": 628, 
        "best_iteration": null, 
        "test_score": 0.8180750393369235, 
        "time": 1285, 
        "split_id": 1, 
        "parameters": {
            "max_features": 0.44921187524506423, 
            "n_estimators": 111, 
            "min_samples_split": 3, 
            "max_depth": 5, 
            "min_samples_leaf": 1
        }, 
        "num_samples": 596, 
        "score_time": 657, 
        "train_score": 0.9416352478190274, 
        "done_at": 1606485213576, 
        "test_score_gib": 0.8180750393369235
    }, 
    {
        "fit_time": 545, 
        "best_iteration": null, 
        "test_score": 0.8473062518006338, 
        "time": 1345, 
        "split_id": 2, 
        "parameters": {
            "max_features": 0.44921187524506423, 
            "n_estimators": 111, 
            "min_samples_split": 3, 
            "max_depth": 5, 
            "min_samples_leaf": 1
        }, 
        "num_samples": 596, 
        "score_time": 800, 
        "train_score": 0.9372320224564492, 
        "done_at": 1606485213958, 
        "test_score_gib": 0.8473062518006338
    }, 
    {
        "fit_time": 1224, 
        "best_iteration": null, 
        "test_score": 0.8463692038495189, 
        "time": 1356, 
        "split_id": 0, 
        "parameters": {
            "max_features": 0.34879716399431415, 
            "n_estimators": 155, 
            "min_samples_split": 12, 
            "max_depth": 7, 
            "min_samples_leaf": 4
        }, 
        "num_samples": 598, 
        "score_time": 132, 
        "train_score": 0.959865257185914, 
        "done_at": 1606485214349, 
        "test_score_gib": 0.8463692038495189
    }, 
    {
        "fit_time": 1249, 
        "best_iteration": null, 
        "test_score": 0.8250227156882298, 
        "time": 1495, 
        "split_id": 1, 
        "parameters": {
            "max_features": 0.34879716399431415, 
            "n_estimators": 155, 
            "min_samples_split": 12, 
            "max_depth": 7, 
            "min_samples_leaf": 4
        }, 
        "num_samples": 596, 
        "score_time": 246, 
        "train_score": 0.9595508710130171, 
        "done_at": 1606485214527, 
        "test_score_gib": 0.8250227156882298
    }, 
    {
        "fit_time": 756, 
        "best_iteration": null, 
        "test_score": 0.8545309487401103, 
        "time": 1421, 
        "split_id": 2, 
        "parameters": {
            "max_features": 0.34879716399431415, 
            "n_estimators": 155, 
            "min_samples_split": 12, 
            "max_depth": 7, 
            "min_samples_leaf": 4
        }, 
        "num_samples": 596, 
        "score_time": 665, 
        "train_score": 0.9620276852794672, 
        "done_at": 1606485214999, 
        "test_score_gib": 0.8545309487401103
    }, 
    {
        "fit_time": 378, 
        "best_iteration": null, 
        "test_score": 0.8519685039370078, 
        "time": 759, 
        "split_id": 0, 
        "parameters": {
            "max_features": 0.3736901993299291, 
            "n_estimators": 80, 
            "min_samples_split": 9, 
            "max_depth": 7, 
            "min_samples_leaf": 3
        }, 
        "num_samples": 598, 
        "score_time": 381, 
        "train_score": 0.9555825188928041, 
        "done_at": 1606485214720, 
        "test_score_gib": 0.8519685039370078
    }, 
    {
        "fit_time": 723, 
        "best_iteration": null, 
        "test_score": 0.8280256188639941, 
        "time": 965, 
        "split_id": 1, 
        "parameters": {
            "max_features": 0.3736901993299291, 
            "n_estimators": 80, 
            "min_samples_split": 9, 
            "max_depth": 7, 
            "min_samples_leaf": 3
        }, 
        "num_samples": 596, 
        "score_time": 242, 
        "train_score": 0.958637201750282, 
        "done_at": 1606485215317, 
        "test_score_gib": 0.8280256188639941
    }, 
    {
        "fit_time": 601, 
        "best_iteration": null, 
        "test_score": 0.8467743722713472, 
        "time": 988, 
        "split_id": 2, 
        "parameters": {
            "max_features": 0.3736901993299291, 
            "n_estimators": 80, 
            "min_samples_split": 9, 
            "max_depth": 7, 
            "min_samples_leaf": 3
        }, 
        "num_samples": 596, 
        "score_time": 387, 
        "train_score": 0.9607012136389906, 
        "done_at": 1606485215519, 
        "test_score_gib": 0.8467743722713472
    }, 
    {
        "fit_time": 651, 
        "best_iteration": null, 
        "test_score": 0.8454943132108486, 
        "time": 1140, 
        "split_id": 0, 
        "parameters": {
            "max_features": 0.29448460467592846, 
            "n_estimators": 118, 
            "min_samples_split": 18, 
            "max_depth": 5, 
            "min_samples_leaf": 6
        }, 
        "num_samples": 598, 
        "score_time": 489, 
        "train_score": 0.9303071604281631, 
        "done_at": 1606485215863, 
        "test_score_gib": 0.8454943132108486
    }, 
    {
        "fit_time": 888, 
        "best_iteration": null, 
        "test_score": 0.8271834762759568, 
        "time": 1290, 
        "split_id": 1, 
        "parameters": {
            "max_features": 0.29448460467592846, 
            "n_estimators": 118, 
            "min_samples_split": 18, 
            "max_depth": 5, 
            "min_samples_leaf": 6
        }, 
        "num_samples": 596, 
        "score_time": 402, 
        "train_score": 0.9363623854473401, 
        "done_at": 1606485216291, 
        "test_score_gib": 0.8271834762759568
    }, 
    {
        "fit_time": 662, 
        "best_iteration": null, 
        "test_score": 0.8585865301509208, 
        "time": 1012, 
        "split_id": 2, 
        "parameters": {
            "max_features": 0.29448460467592846, 
            "n_estimators": 118, 
            "min_samples_split": 18, 
            "max_depth": 5, 
            "min_samples_leaf": 6
        }, 
        "num_samples": 596, 
        "score_time": 350, 
        "train_score": 0.93057214409555, 
        "done_at": 1606485216332, 
        "test_score_gib": 0.8585865301509208
    }, 
    {
        "fit_time": 456, 
        "best_iteration": null, 
        "test_score": 0.8478565179352582, 
        "time": 601, 
        "split_id": 0, 
        "parameters": {
            "max_features": 0.4701603981248541, 
            "n_estimators": 84, 
            "min_samples_split": 48, 
            "max_depth": 5, 
            "min_samples_leaf": 16
        }, 
        "num_samples": 598, 
        "score_time": 145, 
        "train_score": 0.9170101721959976, 
        "done_at": 1606485216122, 
        "test_score_gib": 0.8478565179352582
    }, 
    {
        "fit_time": 382, 
        "best_iteration": null, 
        "test_score": 0.8225516920417526, 
        "time": 1026, 
        "split_id": 1, 
        "parameters": {
            "max_features": 0.4701603981248541, 
            "n_estimators": 84, 
            "min_samples_split": 48, 
            "max_depth": 5, 
            "min_samples_leaf": 16
        }, 
        "num_samples": 596, 
        "score_time": 644, 
        "train_score": 0.9236205520543799, 
        "done_at": 1606485216892, 
        "test_score_gib": 0.8225516920417526
    }, 
    {
        "fit_time": 799, 
        "best_iteration": null, 
        "test_score": 0.8553509296810938, 
        "time": 1214, 
        "split_id": 2, 
        "parameters": {
            "max_features": 0.4701603981248541, 
            "n_estimators": 84, 
            "min_samples_split": 48, 
            "max_depth": 5, 
            "min_samples_leaf": 16
        }, 
        "num_samples": 596, 
        "score_time": 415, 
        "train_score": 0.9266807936813717, 
        "done_at": 1606485217340, 
        "test_score_gib": 0.8553509296810938
    }, 
    {
        "fit_time": 1189, 
        "best_iteration": null, 
        "test_score": 0.8485126859142607, 
        "time": 1630, 
        "split_id": 0, 
        "parameters": {
            "max_features": 0.3699699939467366, 
            "n_estimators": 145, 
            "min_samples_split": 6, 
            "max_depth": 6, 
            "min_samples_leaf": 2
        }, 
        "num_samples": 598, 
        "score_time": 441, 
        "train_score": 0.9547126742459501, 
        "done_at": 1606485217923, 
        "test_score_gib": 0.8485126859142607
    }, 
    {
        "fit_time": 1139, 
        "best_iteration": null, 
        "test_score": 0.8202357999246505, 
        "time": 1658, 
        "split_id": 1, 
        "parameters": {
            "max_features": 0.3699699939467366, 
            "n_estimators": 145, 
            "min_samples_split": 6, 
            "max_depth": 6, 
            "min_samples_leaf": 2
        }, 
        "num_samples": 596, 
        "score_time": 519, 
        "train_score": 0.9521534524038859, 
        "done_at": 1606485218006, 
        "test_score_gib": 0.8202357999246505
    }, 
    {
        "fit_time": 1062, 
        "best_iteration": null, 
        "test_score": 0.8582097821510095, 
        "time": 2018, 
        "split_id": 2, 
        "parameters": {
            "max_features": 0.3699699939467366, 
            "n_estimators": 145, 
            "min_samples_split": 6, 
            "max_depth": 6, 
            "min_samples_leaf": 2
        }, 
        "num_samples": 596, 
        "score_time": 956, 
        "train_score": 0.9500178881030354, 
        "done_at": 1606485218913, 
        "test_score_gib": 0.8582097821510095
    }, 
    {
        "fit_time": 1518, 
        "best_iteration": null, 
        "test_score": 0.848031496062992, 
        "time": 2009, 
        "split_id": 0, 
        "parameters": {
            "max_features": 0.6818854406480492, 
            "n_estimators": 199, 
            "min_samples_split": 21, 
            "max_depth": 6, 
            "min_samples_leaf": 7
        }, 
        "num_samples": 598, 
        "score_time": 491, 
        "train_score": 0.9380249540145824, 
        "done_at": 1606485219352, 
        "test_score_gib": 0.848031496062992
    }, 
    {
        "fit_time": 1463, 
        "best_iteration": null, 
        "test_score": 0.826718081687831, 
        "time": 2129, 
        "split_id": 1, 
        "parameters": {
            "max_features": 0.6818854406480492, 
            "n_estimators": 199, 
            "min_samples_split": 21, 
            "max_depth": 6, 
            "min_samples_leaf": 7
        }, 
        "num_samples": 596, 
        "score_time": 666, 
        "train_score": 0.9381401876874811, 
        "done_at": 1606485220058, 
        "test_score_gib": 0.826718081687831
    }, 
    {
        "fit_time": 1424, 
        "best_iteration": null, 
        "test_score": 0.8491013452119761, 
        "time": 1947, 
        "split_id": 2, 
        "parameters": {
            "max_features": 0.6818854406480492, 
            "n_estimators": 199, 
            "min_samples_split": 21, 
            "max_depth": 6, 
            "min_samples_leaf": 7
        }, 
        "num_samples": 596, 
        "score_time": 523, 
        "train_score": 0.9446569612240967, 
        "done_at": 1606485219962, 
        "test_score_gib": 0.8491013452119761
    }, 
    {
        "fit_time": 566, 
        "best_iteration": null, 
        "test_score": 0.8519247594050743, 
        "time": 767, 
        "split_id": 0, 
        "parameters": {
            "max_features": 0.22622953664430454, 
            "n_estimators": 94, 
            "min_samples_split": 3, 
            "max_depth": 8, 
            "min_samples_leaf": 1
        }, 
        "num_samples": 598, 
        "score_time": 201, 
        "train_score": 0.978597389357977, 
        "done_at": 1606485219685, 
        "test_score_gib": 0.8519247594050743
    }, 
    {
        "fit_time": 386, 
        "best_iteration": null, 
        "test_score": 0.8177426146311194, 
        "time": 715, 
        "split_id": 1, 
        "parameters": {
            "max_features": 0.22622953664430454, 
            "n_estimators": 94, 
            "min_samples_split": 3, 
            "max_depth": 8, 
            "min_samples_leaf": 1
        }, 
        "num_samples": 596, 
        "score_time": 329, 
        "train_score": 0.9834163524781904, 
        "done_at": 1606485220070, 
        "test_score_gib": 0.8177426146311194
    }, 
    {
        "fit_time": 1023, 
        "best_iteration": null, 
        "test_score": 0.847749484741706, 
        "time": 1299, 
        "split_id": 2, 
        "parameters": {
            "max_features": 0.22622953664430454, 
            "n_estimators": 94, 
            "min_samples_split": 3, 
            "max_depth": 8, 
            "min_samples_leaf": 1
        }, 
        "num_samples": 596, 
        "score_time": 276, 
        "train_score": 0.9791397198447863, 
        "done_at": 1606485220987, 
        "test_score_gib": 0.847749484741706
    }, 
    {
        "fit_time": 1403, 
        "best_iteration": null, 
        "test_score": 0.846084864391951, 
        "time": 1512, 
        "split_id": 0, 
        "parameters": {
            "max_features": 0.3182264625655736, 
            "n_estimators": 164, 
            "min_samples_split": 33, 
            "max_depth": 8, 
            "min_samples_leaf": 11
        }, 
        "num_samples": 598, 
        "score_time": 109, 
        "train_score": 0.9528677171287371, 
        "done_at": 1606485221478, 
        "test_score_gib": 0.846084864391951
    }, 
    {
        "fit_time": 1346, 
        "best_iteration": null, 
        "test_score": 0.8306185315692662, 
        "time": 1674, 
        "split_id": 1, 
        "parameters": {
            "max_features": 0.3182264625655736, 
            "n_estimators": 164, 
            "min_samples_split": 33, 
            "max_depth": 8, 
            "min_samples_leaf": 11
        }, 
        "num_samples": 596, 
        "score_time": 328, 
        "train_score": 0.9537881498197429, 
        "done_at": 1606485221744, 
        "test_score_gib": 0.8306185315692662
    }, 
    {
        "fit_time": 1310, 
        "best_iteration": null, 
        "test_score": 0.8665425614431665, 
        "time": 2210, 
        "split_id": 2, 
        "parameters": {
            "max_features": 0.3182264625655736, 
            "n_estimators": 164, 
            "min_samples_split": 33, 
            "max_depth": 8, 
            "min_samples_leaf": 11
        }, 
        "num_samples": 596, 
        "score_time": 900, 
        "train_score": 0.9589509315573659, 
        "done_at": 1606485222370, 
        "test_score_gib": 0.8665425614431665
    }, 
    {
        "fit_time": 475, 
        "best_iteration": null, 
        "test_score": 0.8498031496062992, 
        "time": 1065, 
        "split_id": 0, 
        "parameters": {
            "max_features": 0.6930243028355356, 
            "n_estimators": 127, 
            "min_samples_split": 15, 
            "max_depth": 8, 
            "min_samples_leaf": 5
        }, 
        "num_samples": 598, 
        "score_time": 590, 
        "train_score": 0.9588402810096847, 
        "done_at": 1606485222055, 
        "test_score_gib": 0.8498031496062992
    }, 
    {
        "fit_time": 1020, 
        "best_iteration": null, 
        "test_score": 0.8235932894532721, 
        "time": 1312, 
        "split_id": 1, 
        "parameters": {
            "max_features": 0.6930243028355356, 
            "n_estimators": 127, 
            "min_samples_split": 15, 
            "max_depth": 8, 
            "min_samples_leaf": 5
        }, 
        "num_samples": 596, 
        "score_time": 292, 
        "train_score": 0.9572226656025539, 
        "done_at": 1606485222794, 
        "test_score_gib": 0.8235932894532721
    }, 
    {
        "fit_time": 1004, 
        "best_iteration": null, 
        "test_score": 0.8479267779181349, 
        "time": 1392, 
        "split_id": 2, 
        "parameters": {
            "max_features": 0.6930243028355356, 
            "n_estimators": 127, 
            "min_samples_split": 15, 
            "max_depth": 8, 
            "min_samples_leaf": 5
        }, 
        "num_samples": 596, 
        "score_time": 388, 
        "train_score": 0.9636843988221373, 
        "done_at": 1606485223139, 
        "test_score_gib": 0.8479267779181349
    }, 
    {
        "fit_time": 836, 
        "best_iteration": null, 
        "test_score": 0.8482939632545932, 
        "time": 1374, 
        "split_id": 0, 
        "parameters": {
            "max_features": 0.19678571073099776, 
            "n_estimators": 132, 
            "min_samples_split": 15, 
            "max_depth": 9, 
            "min_samples_leaf": 5
        }, 
        "num_samples": 598, 
        "score_time": 538, 
        "train_score": 0.9728852248299094, 
        "done_at": 1606485223433, 
        "test_score_gib": 0.8482939632545932
    }, 
    {
        "fit_time": 691, 
        "best_iteration": null, 
        "test_score": 0.8238149059238082, 
        "time": 1328, 
        "split_id": 1, 
        "parameters": {
            "max_features": 0.19678571073099776, 
            "n_estimators": 132, 
            "min_samples_split": 15, 
            "max_depth": 9, 
            "min_samples_leaf": 5
        }, 
        "num_samples": 596, 
        "score_time": 637, 
        "train_score": 0.9737127445854087, 
        "done_at": 1606485223702, 
        "test_score_gib": 0.8238149059238082
    }, 
    {
        "fit_time": 897, 
        "best_iteration": null, 
        "test_score": 0.8578551957981517, 
        "time": 1340, 
        "split_id": 2, 
        "parameters": {
            "max_features": 0.19678571073099776, 
            "n_estimators": 132, 
            "min_samples_split": 15, 
            "max_depth": 9, 
            "min_samples_leaf": 5
        }, 
        "num_samples": 596, 
        "score_time": 443, 
        "train_score": 0.9735916558879378, 
        "done_at": 1606485224137, 
        "test_score_gib": 0.8578551957981517
    }, 
    {
        "fit_time": 998, 
        "best_iteration": null, 
        "test_score": 0.8475721784776903, 
        "time": 1370, 
        "split_id": 0, 
        "parameters": {
            "max_features": 0.3486211529358213, 
            "n_estimators": 138, 
            "min_samples_split": 12, 
            "max_depth": 5, 
            "min_samples_leaf": 4
        }, 
        "num_samples": 598, 
        "score_time": 372, 
        "train_score": 0.9387230458967711, 
        "done_at": 1606485224512, 
        "test_score_gib": 0.8475721784776903
    }, 
    {
        "fit_time": 828, 
        "best_iteration": null, 
        "test_score": 0.8201249916893824, 
        "time": 1225, 
        "split_id": 1, 
        "parameters": {
            "max_features": 0.3486211529358213, 
            "n_estimators": 138, 
            "min_samples_split": 12, 
            "max_depth": 5, 
            "min_samples_leaf": 4
        }, 
        "num_samples": 596, 
        "score_time": 397, 
        "train_score": 0.9402977681151443, 
        "done_at": 1606485224660, 
        "test_score_gib": 0.8201249916893824
    }, 
    {
        "fit_time": 810, 
        "best_iteration": null, 
        "test_score": 0.8483256875650999, 
        "time": 1470, 
        "split_id": 2, 
        "parameters": {
            "max_features": 0.3486211529358213, 
            "n_estimators": 138, 
            "min_samples_split": 12, 
            "max_depth": 5, 
            "min_samples_leaf": 4
        }, 
        "num_samples": 596, 
        "score_time": 660, 
        "train_score": 0.9327627487134327, 
        "done_at": 1606485225174, 
        "test_score_gib": 0.8483256875650999
    }, 
    {
        "fit_time": 584, 
        "best_iteration": null, 
        "test_score": 0.8523840769903761, 
        "time": 1032, 
        "split_id": 0, 
        "parameters": {
            "max_features": 0.5048513933554124, 
            "n_estimators": 129, 
            "min_samples_split": 51, 
            "max_depth": 10, 
            "min_samples_leaf": 17
        }, 
        "num_samples": 598, 
        "score_time": 448, 
        "train_score": 0.9396981583671297, 
        "done_at": 1606485225171, 
        "test_score_gib": 0.8523840769903761
    }, 
    {
        "fit_time": 778, 
        "best_iteration": null, 
        "test_score": 0.835117345921149, 
        "time": 1492, 
        "split_id": 1, 
        "parameters": {
            "max_features": 0.5048513933554124, 
            "n_estimators": 129, 
            "min_samples_split": 51, 
            "max_depth": 10, 
            "min_samples_leaf": 17
        }, 
        "num_samples": 596, 
        "score_time": 714, 
        "train_score": 0.9435176266615296, 
        "done_at": 1606485226006, 
        "test_score_gib": 0.835117345921149
    }, 
    {
        "fit_time": 957, 
        "best_iteration": null, 
        "test_score": 0.8531347649757329, 
        "time": 1644, 
        "split_id": 2, 
        "parameters": {
            "max_features": 0.5048513933554124, 
            "n_estimators": 129, 
            "min_samples_split": 51, 
            "max_depth": 10, 
            "min_samples_leaf": 17
        }, 
        "num_samples": 596, 
        "score_time": 687, 
        "train_score": 0.9484547430993203, 
        "done_at": 1606485226317, 
        "test_score_gib": 0.8531347649757329
    }, 
    {
        "fit_time": 1680, 
        "best_iteration": null, 
        "test_score": 0.8479221347331585, 
        "time": 2281, 
        "split_id": 0, 
        "parameters": {
            "max_features": 0.2179494170080321, 
            "n_estimators": 175, 
            "min_samples_split": 3, 
            "max_depth": 10, 
            "min_samples_leaf": 1
        }, 
        "num_samples": 598, 
        "score_time": 601, 
        "train_score": 0.9931520510604348, 
        "done_at": 1606485227455, 
        "test_score_gib": 0.8479221347331585
    }, 
    {
        "fit_time": 1648, 
        "best_iteration": null, 
        "test_score": 0.8228287126299227, 
        "time": 1800, 
        "split_id": 1, 
        "parameters": {
            "max_features": 0.2179494170080321, 
            "n_estimators": 175, 
            "min_samples_split": 3, 
            "max_depth": 10, 
            "min_samples_leaf": 1
        }, 
        "num_samples": 596, 
        "score_time": 152, 
        "train_score": 0.9912651016869857, 
        "done_at": 1606485226976, 
        "test_score_gib": 0.8228287126299227
    }, 
    {
        "fit_time": 823, 
        "best_iteration": null, 
        "test_score": 0.8485473040356359, 
        "time": 995, 
        "split_id": 2, 
        "parameters": {
            "max_features": 0.2179494170080321, 
            "n_estimators": 175, 
            "min_samples_split": 3, 
            "max_depth": 10, 
            "min_samples_leaf": 1
        }, 
        "num_samples": 596, 
        "score_time": 172, 
        "train_score": 0.9928557668492172, 
        "done_at": 1606485227005, 
        "test_score_gib": 0.8485473040356359
    }, 
    {
        "fit_time": 595, 
        "best_iteration": null, 
        "test_score": 0.8516404199475066, 
        "time": 1196, 
        "split_id": 0, 
        "parameters": {
            "max_features": 0.10814298136726591, 
            "n_estimators": 130, 
            "min_samples_split": 54, 
            "max_depth": 10, 
            "min_samples_leaf": 18
        }, 
        "num_samples": 598, 
        "score_time": 601, 
        "train_score": 0.922966114841655, 
        "done_at": 1606485227517, 
        "test_score_gib": 0.8516404199475066
    }, 
    {
        "fit_time": 638, 
        "best_iteration": null, 
        "test_score": 0.821111184983268, 
        "time": 704, 
        "split_id": 1, 
        "parameters": {
            "max_features": 0.10814298136726591, 
            "n_estimators": 130, 
            "min_samples_split": 54, 
            "max_depth": 10, 
            "min_samples_leaf": 18
        }, 
        "num_samples": 596, 
        "score_time": 66, 
        "train_score": 0.9287337975066736, 
        "done_at": 1606485227683, 
        "test_score_gib": 0.821111184983268
    }, 
    {
        "fit_time": 605, 
        "best_iteration": null, 
        "test_score": 0.8473948983888482, 
        "time": 669, 
        "split_id": 2, 
        "parameters": {
            "max_features": 0.10814298136726591, 
            "n_estimators": 130, 
            "min_samples_split": 54, 
            "max_depth": 10, 
            "min_samples_leaf": 18
        }, 
        "num_samples": 596, 
        "score_time": 64, 
        "train_score": 0.9152489198337782, 
        "done_at": 1606485227687, 
        "test_score_gib": 0.8473948983888482
    }
]