{
    "usedGridSearch": true, 
    "probaAware": true, 
    "gridSize": 24, 
    "rawImportance": {
        "variables": [
            "Age", 
            "Amount_Requested", 
            "Debt_To_Income_Ratio", 
            "Employment_Duration", 
            "FICO_Avg", 
            "Inquiries_in_the_Last_6_Months", 
            "Interest_Rate", 
            "Loan_Length", 
            "Monthly_Income", 
            "Open_CREDIT_Lines", 
            "Revolving_CREDIT_Balance", 
            "dummy:Loan_Purpose:debt_consolidation", 
            "dummy:Loan_Purpose:credit_card", 
            "dummy:Loan_Purpose:other", 
            "dummy:Loan_Purpose:home_improvement", 
            "dummy:Loan_Purpose:major_purchase", 
            "dummy:Loan_Purpose:small_business", 
            "dummy:State:CA", 
            "dummy:State:NY", 
            "dummy:State:TX", 
            "dummy:State:FL", 
            "dummy:State:IL", 
            "dummy:State:PA", 
            "dummy:State:GA", 
            "dummy:State:NJ", 
            "dummy:State:VA", 
            "dummy:State:OH", 
            "dummy:State:MA", 
            "dummy:State:MD", 
            "dummy:State:CO", 
            "dummy:State:NC", 
            "dummy:State:MI", 
            "dummy:Home_Ownership:MORTGAGE", 
            "dummy:Home_Ownership:RENT", 
            "dummy:Home_Ownership:OWN"
        ], 
        "importances": [
            0.016843306911817787, 
            0.025506389494260786, 
            0.022406988260009055, 
            0.022353969686723534, 
            0.619905054992339, 
            0.007356761406111919, 
            0.17393827830834346, 
            0.00318776695941743, 
            0.01868548139958942, 
            0.010375085117534183, 
            0.04425649755738284, 
            0.0019453230272466295, 
            0.0010204652723900258, 
            0.002160402837342631, 
            0.002955980914513415, 
            0.004019643909634124, 
            0.0005031489981509218, 
            0.0010494566733478088, 
            0.000848147711400264, 
            0.0026084348709132688, 
            0.0017283085065813997, 
            5.505971262669436e-05, 
            8.650106810803159e-05, 
            0.0027674667561385182, 
            0.0014349614317301779, 
            0.00028972240190808934, 
            1.4878217180934958e-05, 
            0.000760035736030575, 
            2.057092525046625e-05, 
            0.001022204981392237, 
            0.00017165453425118285, 
            0.00012508405180225085, 
            0.002095758398330991, 
            0.004139033682370477, 
            0.0033621752878292954
        ]
    }, 
    "modelInputNRows": 1790, 
    "modelInputNCols": 78, 
    "modelInputMemory": 1116960, 
    "gridCells": [
        {
            "scoreTimeStd": 0.27178422814186015, 
            "scoreTime": 0.674, 
            "fitTime": 2.088, 
            "score": 0.841263843923848, 
            "params": {
                "max_features": 0.455706770935011, 
                "n_estimators": 147, 
                "min_samples_split": 3, 
                "max_depth": 9, 
                "min_samples_leaf": 1
            }, 
            "fitTimeStd": 0.026981475126464084, 
            "scoreStd": 0.015010429443693789
        }, 
        {
            "scoreTimeStd": 0.24879755268535547, 
            "scoreTime": 0.3396666666666667, 
            "fitTime": 1.6053333333333333, 
            "score": 0.8421481750719112, 
            "params": {
                "max_features": 0.42692990979813816, 
                "n_estimators": 163, 
                "min_samples_split": 30, 
                "max_depth": 8, 
                "min_samples_leaf": 10
            }, 
            "fitTimeStd": 0.301465678901522, 
            "scoreStd": 0.009203984987073912
        }, 
        {
            "scoreTimeStd": 0.2735117304004833, 
            "scoreTime": 0.91, 
            "fitTime": 0.9993333333333334, 
            "score": 0.842956380773871, 
            "params": {
                "max_features": 0.3306290243756199, 
                "n_estimators": 168, 
                "min_samples_split": 21, 
                "max_depth": 10, 
                "min_samples_leaf": 7
            }, 
            "fitTimeStd": 0.24141573178969833, 
            "scoreStd": 0.010984248375401719
        }, 
        {
            "scoreTimeStd": 0.2971490460283451, 
            "scoreTime": 0.5013333333333333, 
            "fitTime": 2.4736666666666665, 
            "score": 0.8406307133456198, 
            "params": {
                "max_features": 0.26359377674806794, 
                "n_estimators": 182, 
                "min_samples_split": 6, 
                "max_depth": 5, 
                "min_samples_leaf": 2
            }, 
            "fitTimeStd": 0.11731818083978099, 
            "scoreStd": 0.017151763970354887
        }, 
        {
            "scoreTimeStd": 0.12644981437533057, 
            "scoreTime": 0.3223333333333333, 
            "fitTime": 1.3856666666666668, 
            "score": 0.8430320401637766, 
            "params": {
                "max_features": 0.33567087766049786, 
                "n_estimators": 152, 
                "min_samples_split": 42, 
                "max_depth": 5, 
                "min_samples_leaf": 14
            }, 
            "fitTimeStd": 0.40732405881421846, 
            "scoreStd": 0.013753471982439498
        }, 
        {
            "scoreTimeStd": 0.17637145145654637, 
            "scoreTime": 0.8943333333333334, 
            "fitTime": 1.33, 
            "score": 0.8420954718357556, 
            "params": {
                "max_features": 0.4889031232307183, 
                "n_estimators": 195, 
                "min_samples_split": 51, 
                "max_depth": 6, 
                "min_samples_leaf": 17
            }, 
            "fitTimeStd": 0.22224460998338444, 
            "scoreStd": 0.009190562799963881
        }, 
        {
            "scoreTimeStd": 0.23257591353266907, 
            "scoreTime": 0.6916666666666667, 
            "fitTime": 0.914, 
            "score": 0.8422308975554111, 
            "params": {
                "max_features": 0.5668940505699103, 
                "n_estimators": 144, 
                "min_samples_split": 48, 
                "max_depth": 10, 
                "min_samples_leaf": 16
            }, 
            "fitTimeStd": 0.059098787353605374, 
            "scoreStd": 0.010094435849640149
        }, 
        {
            "scoreTimeStd": 0.2245128058708456, 
            "scoreTime": 0.506, 
            "fitTime": 1.2663333333333333, 
            "score": 0.8405267733703162, 
            "params": {
                "max_features": 0.3841648271642263, 
                "n_estimators": 195, 
                "min_samples_split": 54, 
                "max_depth": 7, 
                "min_samples_leaf": 18
            }, 
            "fitTimeStd": 0.21293556667582697, 
            "scoreStd": 0.009994880451785124
        }, 
        {
            "scoreTimeStd": 0.06246243315430128, 
            "scoreTime": 0.39666666666666667, 
            "fitTime": 0.7403333333333334, 
            "score": 0.8439529784637037, 
            "params": {
                "max_features": 0.5683175057718732, 
                "n_estimators": 119, 
                "min_samples_split": 45, 
                "max_depth": 10, 
                "min_samples_leaf": 15
            }, 
            "fitTimeStd": 0.13179866800878107, 
            "scoreStd": 0.01323960730458345
        }, 
        {
            "scoreTimeStd": 0.19401775405588245, 
            "scoreTime": 0.5976666666666667, 
            "fitTime": 0.604, 
            "score": 0.8384733237530638, 
            "params": {
                "max_features": 0.44921187524506423, 
                "n_estimators": 111, 
                "min_samples_split": 3, 
                "max_depth": 5, 
                "min_samples_leaf": 1
            }, 
            "fitTimeStd": 0.04196029869610877, 
            "scoreStd": 0.014453600644735597
        }, 
        {
            "scoreTimeStd": 0.2291641818047101, 
            "scoreTime": 0.3476666666666667, 
            "fitTime": 1.0763333333333334, 
            "score": 0.8419791999448621, 
            "params": {
                "max_features": 0.34879716399431415, 
                "n_estimators": 155, 
                "min_samples_split": 12, 
                "max_depth": 7, 
                "min_samples_leaf": 4
            }, 
            "fitTimeStd": 0.22673969411836314, 
            "scoreStd": 0.012434986572070945
        }, 
        {
            "scoreTimeStd": 0.06698424358674873, 
            "scoreTime": 0.33666666666666667, 
            "fitTime": 0.5673333333333334, 
            "score": 0.8422670167994382, 
            "params": {
                "max_features": 0.3736901993299291, 
                "n_estimators": 80, 
                "min_samples_split": 9, 
                "max_depth": 7, 
                "min_samples_leaf": 3
            }, 
            "fitTimeStd": 0.1428433485403581, 
            "scoreStd": 0.010282890827053366
        }, 
        {
            "scoreTimeStd": 0.05734302243710409, 
            "scoreTime": 0.4136666666666667, 
            "fitTime": 0.7336666666666666, 
            "score": 0.8437567168326852, 
            "params": {
                "max_features": 0.29448460467592846, 
                "n_estimators": 118, 
                "min_samples_split": 18, 
                "max_depth": 5, 
                "min_samples_leaf": 6
            }, 
            "fitTimeStd": 0.10922250480352279, 
            "scoreStd": 0.012872050248898932
        }, 
        {
            "scoreTimeStd": 0.20394498168760014, 
            "scoreTime": 0.4013333333333333, 
            "fitTime": 0.5456666666666666, 
            "score": 0.8419263465207267, 
            "params": {
                "max_features": 0.4701603981248541, 
                "n_estimators": 84, 
                "min_samples_split": 48, 
                "max_depth": 5, 
                "min_samples_leaf": 16
            }, 
            "fitTimeStd": 0.18166330272114825, 
            "scoreStd": 0.01402642041694615
        }, 
        {
            "scoreTimeStd": 0.2266367627332826, 
            "scoreTime": 0.6386666666666666, 
            "fitTime": 1.13, 
            "score": 0.8423263425105146, 
            "params": {
                "max_features": 0.3699699939467366, 
                "n_estimators": 145, 
                "min_samples_split": 6, 
                "max_depth": 6, 
                "min_samples_leaf": 2
            }, 
            "fitTimeStd": 0.05223664103545199, 
            "scoreStd": 0.01610181117125305
        }, 
        {
            "scoreTimeStd": 0.07608328769622583, 
            "scoreTime": 0.56, 
            "fitTime": 1.4683333333333333, 
            "score": 0.8412911804904772, 
            "params": {
                "max_features": 0.6818854406480492, 
                "n_estimators": 199, 
                "min_samples_split": 21, 
                "max_depth": 6, 
                "min_samples_leaf": 7
            }, 
            "fitTimeStd": 0.03856019824753095, 
            "scoreStd": 0.01030536775543022
        }, 
        {
            "scoreTimeStd": 0.05251243239039261, 
            "scoreTime": 0.26866666666666666, 
            "fitTime": 0.6583333333333333, 
            "score": 0.8391532387432616, 
            "params": {
                "max_features": 0.22622953664430454, 
                "n_estimators": 94, 
                "min_samples_split": 3, 
                "max_depth": 8, 
                "min_samples_leaf": 1
            }, 
            "fitTimeStd": 0.26812476366215954, 
            "scoreStd": 0.015222699558908419
        }, 
        {
            "scoreTimeStd": 0.3334709715835681, 
            "scoreTime": 0.4456666666666667, 
            "fitTime": 1.353, 
            "score": 0.8477467934870372, 
            "params": {
                "max_features": 0.3182264625655736, 
                "n_estimators": 164, 
                "min_samples_split": 33, 
                "max_depth": 8, 
                "min_samples_leaf": 11
            }, 
            "fitTimeStd": 0.03828837943815329, 
            "scoreStd": 0.01470491875307342
        }, 
        {
            "scoreTimeStd": 0.12419697616644654, 
            "scoreTime": 0.42333333333333334, 
            "fitTime": 0.833, 
            "score": 0.8404515327474444, 
            "params": {
                "max_features": 0.6930243028355356, 
                "n_estimators": 127, 
                "min_samples_split": 15, 
                "max_depth": 8, 
                "min_samples_leaf": 5
            }, 
            "fitTimeStd": 0.2532284870757369, 
            "scoreStd": 0.011935211812728263
        }, 
        {
            "scoreTimeStd": 0.07920577981154882, 
            "scoreTime": 0.5393333333333333, 
            "fitTime": 0.808, 
            "score": 0.8433269109790698, 
            "params": {
                "max_features": 0.19678571073099776, 
                "n_estimators": 132, 
                "min_samples_split": 15, 
                "max_depth": 9, 
                "min_samples_leaf": 5
            }, 
            "fitTimeStd": 0.08639830245245948, 
            "scoreStd": 0.01432776935704945
        }, 
        {
            "scoreTimeStd": 0.13027236425615715, 
            "scoreTime": 0.47633333333333333, 
            "fitTime": 0.8786666666666666, 
            "score": 0.8386842276901286, 
            "params": {
                "max_features": 0.3486211529358213, 
                "n_estimators": 138, 
                "min_samples_split": 12, 
                "max_depth": 5, 
                "min_samples_leaf": 4
            }, 
            "fitTimeStd": 0.08470078052900235, 
            "scoreStd": 0.01311597584201946
        }, 
        {
            "scoreTimeStd": 0.11953892903801487, 
            "scoreTime": 0.6163333333333334, 
            "fitTime": 0.773, 
            "score": 0.8468848805222271, 
            "params": {
                "max_features": 0.5048513933554124, 
                "n_estimators": 129, 
                "min_samples_split": 51, 
                "max_depth": 10, 
                "min_samples_leaf": 17
            }, 
            "fitTimeStd": 0.1523176505421045, 
            "scoreStd": 0.008319581357993183
        }, 
        {
            "scoreTimeStd": 0.20710759415230423, 
            "scoreTime": 0.3083333333333333, 
            "fitTime": 1.3836666666666668, 
            "score": 0.839775163409554, 
            "params": {
                "max_features": 0.2179494170080321, 
                "n_estimators": 175, 
                "min_samples_split": 3, 
                "max_depth": 10, 
                "min_samples_leaf": 1
            }, 
            "fitTimeStd": 0.39666638655452297, 
            "scoreStd": 0.01197563157263048
        }, 
        {
            "scoreTimeStd": 0.2526741423696185, 
            "scoreTime": 0.24366666666666667, 
            "fitTime": 0.6126666666666666, 
            "score": 0.8400617859320616, 
            "params": {
                "max_features": 0.10814298136726591, 
                "n_estimators": 130, 
                "min_samples_split": 54, 
                "max_depth": 10, 
                "min_samples_leaf": 18
            }, 
            "fitTimeStd": 0.018372685039360893, 
            "scoreStd": 0.013500652154389186
        }
    ], 
    "gridBestScore": 0.8477467934870372, 
    "modelInputIsSparse": false
}