{
  "state": "DONE",
  "preSearchDescription": {
    "gridLength": 24,
    "searchStrategy": "RANDOM",
    "importantParams": [
      {
        "name": "trees",
        "min": "80",
        "max": "200"
      },
      {
        "name": "depth",
        "min": "5",
        "max": "10"
      },
      {
        "name": "min_samples",
        "min": "1",
        "max": "20"
      }
    ]
  },
  "postSearchDescription": {
    "importantParams": [
      {
        "name": "trees",
        "val": "164"
      },
      {
        "name": "depth",
        "val": "8"
      },
      {
        "name": "min_samples",
        "val": "11"
      }
    ]
  },
  "resumed": false,
  "timeOrderingEnabled": false,
  "sampleWeightsEnabled": false,
  "modelId": "m1",
  "progress": {
    "top_level_todo": [],
    "stack": [],
    "top_level_done": [
      {
        "name": "Loading train set",
        "time": 12
      },
      {
        "name": "Loading test set",
        "time": 6
      },
      {
        "name": "Collecting statistics",
        "time": 17
      },
      {
        "name": "Preprocessing train set",
        "time": 36
      },
      {
        "name": "Preprocessing test set",
        "time": 21
      },
      {
        "name": "Hyperparameter searching",
        "time": 29252
      },
      {
        "name": "Fitting model",
        "time": 303
      },
      {
        "name": "Saving model",
        "time": 42
      },
      {
        "name": "Scoring model",
        "time": 1023
      }
    ]
  },
  "startTime": 1606485198801,
  "endTime": 1606485229550,
  "preprocessingTime": 94,
  "trainingTime": 30655,
  "hyperparamsSearchTime": 29252
}