{
  "pages": [
    {
      "id": "DuJ4eDI",
      "grid": {
        "tiles": [
          {
            "tileType": "INSIGHT",
            "box": {
              "top": 1,
              "left": 0,
              "width": 6,
              "height": 4
            },
            "clickAction": "OPEN_INSIGHT",
            "tileParams": {
              "showXAxis": true,
              "showYAxis": true,
              "showLegend": false,
              "showTooltips": true,
              "autoPlayAnimation": true
            },
            "autoLoad": true,
            "showTitle": "YES",
            "insightId": "G2Is87o",
            "insightType": "chart",
            "displayMode": "INSIGHT",
            "resizeImageMode": "FIT_SIZE"
          },
          {
            "tileType": "INSIGHT",
            "box": {
              "top": 5,
              "left": 0,
              "width": 6,
              "height": 4
            },
            "clickAction": "OPEN_INSIGHT",
            "tileParams": {
              "showXAxis": true,
              "showYAxis": true,
              "showLegend": false,
              "showTooltips": true,
              "autoPlayAnimation": true
            },
            "autoLoad": true,
            "showTitle": "YES",
            "insightId": "ZuDhWsf",
            "insightType": "chart",
            "displayMode": "INSIGHT",
            "resizeImageMode": "FIT_SIZE"
          },
          {
            "tileType": "INSIGHT",
            "box": {
              "top": 1,
              "left": 6,
              "width": 6,
              "height": 4
            },
            "clickAction": "OPEN_INSIGHT",
            "tileParams": {
              "showXAxis": true,
              "showYAxis": true,
              "showLegend": false,
              "showTooltips": true,
              "autoPlayAnimation": true
            },
            "autoLoad": true,
            "showTitle": "YES",
            "insightId": "Lzp5USL",
            "insightType": "chart",
            "displayMode": "INSIGHT",
            "resizeImageMode": "FIT_SIZE"
          },
          {
            "tileType": "TEXT",
            "box": {
              "top": 0,
              "left": 0,
              "width": 6,
              "height": 1
            },
            "clickAction": "DO_NOTHING",
            "tileParams": {
              "text": "### Loan Purpose Analysis",
              "textAlign": "CENTER",
              "isTransparent": false
            },
            "autoLoad": true,
            "showTitle": "NO",
            "displayMode": "INSIGHT",
            "resizeImageMode": "FIT_SIZE"
          },
          {
            "tileType": "TEXT",
            "box": {
              "top": 0,
              "left": 6,
              "width": 6,
              "height": 1
            },
            "clickAction": "DO_NOTHING",
            "tileParams": {
              "text": "### Age Analysis",
              "textAlign": "CENTER",
              "isTransparent": false
            },
            "autoLoad": true,
            "showTitle": "NO",
            "displayMode": "INSIGHT",
            "resizeImageMode": "FIT_SIZE"
          },
          {
            "tileType": "TEXT",
            "box": {
              "top": 5,
              "left": 6,
              "width": 6,
              "height": 2
            },
            "clickAction": "DO_NOTHING",
            "tileParams": {
              "text": "### \u003c\u003c\u003c\u003cbr /\u003e\n###Home Ownership Analysis\n###\u003c\u003c\u003c",
              "textAlign": "LEFT",
              "isTransparent": false
            },
            "autoLoad": true,
            "showTitle": "NO",
            "displayMode": "INSIGHT",
            "resizeImageMode": "FIT_SIZE"
          }
        ]
      },
      "title": "Model Results",
      "showTitle": true
    }
  ],
  "owner": "admin",
  "listed": false,
  "name": "Applicant Scoring",
  "showGrid": true,
  "versionTag": {
    "versionNumber": 12,
    "lastModifiedBy": {
      "login": "admin"
    },
    "lastModifiedOn": 1606676775189
  },
  "creationTag": {
    "versionNumber": 0,
    "lastModifiedBy": {
      "login": "admin"
    },
    "lastModifiedOn": 1606485368091
  },
  "tags": [],
  "customFields": {},
  "checklists": {
    "checklists": []
  }
}