{
  "pages": [
    {
      "id": "cix2kvp",
      "grid": {
        "tiles": [
          {
            "tileType": "IMAGE",
            "box": {
              "top": 0,
              "left": 0,
              "width": 12,
              "height": 6
            },
            "clickAction": "DO_NOTHING",
            "autoLoad": true,
            "showTitle": "MOUSEOVER",
            "displayMode": "IMAGE",
            "imageId": "QSSkcTS",
            "resizeImageMode": "FIT_SIZE"
          }
        ]
      },
      "title": "Agenda",
      "showTitle": false
    },
    {
      "id": "WTNhiaa",
      "grid": {
        "tiles": [
          {
            "tileType": "IMAGE",
            "box": {
              "top": 0,
              "left": 0,
              "width": 12,
              "height": 5
            },
            "clickAction": "DO_NOTHING",
            "autoLoad": true,
            "showTitle": "MOUSEOVER",
            "displayMode": "IMAGE",
            "imageId": "tLw0Fw1",
            "resizeImageMode": "FIT_SIZE"
          }
        ]
      },
      "title": "Dataiku Applications",
      "showTitle": true,
      "backgroundColor": "#ffffff"
    },
    {
      "id": "HIyIv9e",
      "grid": {
        "tiles": [
          {
            "tileType": "IMAGE",
            "box": {
              "top": 0,
              "left": 0,
              "width": 12,
              "height": 6
            },
            "clickAction": "DO_NOTHING",
            "autoLoad": true,
            "showTitle": "MOUSEOVER",
            "displayMode": "IMAGE",
            "imageId": "MgP30hh",
            "resizeImageMode": "FIT_SIZE"
          }
        ]
      },
      "title": "Loan Repayments",
      "showTitle": false
    },
    {
      "id": "hSuEGDa",
      "grid": {
        "tiles": [
          {
            "tileType": "IMAGE",
            "box": {
              "top": 0,
              "left": 0,
              "width": 8,
              "height": 5
            },
            "clickAction": "DO_NOTHING",
            "autoLoad": true,
            "showTitle": "MOUSEOVER",
            "displayMode": "IMAGE",
            "imageId": "YvtcLHE",
            "resizeImageMode": "FIT_SIZE"
          },
          {
            "tileType": "TEXT",
            "box": {
              "top": 0,
              "left": 8,
              "width": 4,
              "height": 5
            },
            "clickAction": "DO_NOTHING",
            "tileParams": {
              "text": "## Considerations\n- ###Each instance is a new copy of the original project\n- ### Be aware of data source implications\n- ### Updating original project does not affect instances (except test instance)\n- ### Security (Explorers, etc)",
              "textAlign": "LEFT",
              "isTransparent": false
            },
            "autoLoad": true,
            "showTitle": "NO",
            "displayMode": "INSIGHT",
            "resizeImageMode": "FIT_SIZE"
          }
        ]
      },
      "title": "Application Instances",
      "showTitle": true,
      "backgroundColor": "#ffffff"
    }
  ],
  "owner": "admin",
  "listed": false,
  "name": "Overview",
  "showGrid": true,
  "versionTag": {
    "versionNumber": 25,
    "lastModifiedBy": {
      "login": "admin"
    },
    "lastModifiedOn": 1606754654371
  },
  "creationTag": {
    "versionNumber": 0,
    "lastModifiedBy": {
      "login": "admin"
    },
    "lastModifiedOn": 1606488896856
  },
  "tags": [],
  "customFields": {},
  "checklists": {
    "checklists": []
  }
}