{
    "liftVizData": {
        "wizard": {
            "positives": 74, 
            "total": 447
        }, 
        "bins": [
            {
                "cum_lift": 0.5675675676, 
                "bin_pos_prop": 0.375, 
                "bin_min": 0.6326658539, 
                "percentile_idx": 0, 
                "cum_size": 0.2505592841, 
                "bin_lift": 2.2652027027, 
                "bin_max": 0.8158247539
            }, 
            {
                "cum_lift": 0.972972973, 
                "bin_pos_prop": 0.2702702703, 
                "bin_min": 0.0136054422, 
                "percentile_idx": 1, 
                "cum_size": 0.4988814318, 
                "bin_lift": 1.6325785245, 
                "bin_max": 0.6326658539
            }, 
            {
                "cum_lift": 1.0, 
                "bin_pos_prop": 0.021978022, 
                "bin_min": 0.000131768, 
                "percentile_idx": 2, 
                "cum_size": 0.7024608501, 
                "bin_lift": 0.1327591328, 
                "bin_max": 0.0136054422
            }, 
            {
                "cum_lift": 1.0, 
                "bin_pos_prop": 0.0, 
                "bin_min": 0.0, 
                "percentile_idx": 3, 
                "cum_size": 1.0, 
                "bin_lift": 0.0, 
                "bin_max": 0.000131768
            }
        ]
    }, 
    "usedThreshold": 0.47500000000000003, 
    "probaPercentiles": [
        0.0, 
        0.0, 
        0.0, 
        0.0, 
        0.0, 
        0.0, 
        0.0, 
        0.0, 
        0.0, 
        0.0, 
        0.0, 
        0.0, 
        0.0, 
        0.0, 
        0.0, 
        0.0, 
        0.0, 
        0.0, 
        0.0, 
        0.0, 
        0.0, 
        0.0, 
        0.0, 
        5.270721352319456e-06, 
        0.0001317680338080126, 
        0.0001317680338080126, 
        0.0001317680338080126, 
        0.0001317680338080126, 
        0.0001317680338080126, 
        0.0014962949469902735, 
        0.0015081645637259457, 
        0.0037214821083118386, 
        0.004449011904895236, 
        0.004959663245492792, 
        0.005613314937184863, 
        0.005741816010920857, 
        0.0057886638956109755, 
        0.006379198008304606, 
        0.006802721088435374, 
        0.006802721088435374, 
        0.006802721088435374, 
        0.006844886859253937, 
        0.006934489122243387, 
        0.009106763593643841, 
        0.010043113104363448, 
        0.012143269692194538, 
        0.01249570669133655, 
        0.013260404148485892, 
        0.013605442176870748, 
        0.013605442176870748, 
        0.019832849781319013, 
        0.02040816326530612, 
        0.02641620026272837, 
        0.03229848543190863, 
        0.03712579370568581, 
        0.050174167959503524, 
        0.08108312180708034, 
        0.25285210391999247, 
        0.41911848983166494, 
        0.45225077207532693, 
        0.49162073435606046, 
        0.49979144219652283, 
        0.5062978049209341, 
        0.5202104601537915, 
        0.5364409677177376, 
        0.5422063178629752, 
        0.5555064821437139, 
        0.5684436599703326, 
        0.5813139434345065, 
        0.590337465835478, 
        0.5991650022971476, 
        0.6113596800663991, 
        0.6158591903814161, 
        0.6256137669856946, 
        0.6326658539199982, 
        0.6404564070991628, 
        0.6520780984915981, 
        0.6606532251255195, 
        0.6673501808441241, 
        0.6730871456699102, 
        0.6804713756691462, 
        0.6846045131462588, 
        0.6911942194545649, 
        0.6960448345298162, 
        0.6987373605254237, 
        0.7029224452185752, 
        0.7101596650761205, 
        0.7157665931866899, 
        0.719808490003977, 
        0.7221885598996722, 
        0.7306046622384225, 
        0.7389045755757474, 
        0.7499197361960935, 
        0.7557554566608301, 
        0.7615520537944264, 
        0.7675366214510407, 
        0.772198830391075, 
        0.7813820733827297, 
        0.7934675843401453
    ], 
    "probaDistribData": {
        "probaDistribs": [
            [
                253.0, 
                2.0, 
                2.0, 
                2.0, 
                10.0, 
                26.0, 
                37.0, 
                41.0, 
                0.0, 
                0.0
            ], 
            [
                3.0, 
                0.0, 
                0.0, 
                1.0, 
                4.0, 
                14.0, 
                27.0, 
                24.0, 
                1.0, 
                0.0
            ]
        ], 
        "bins": [
            0.0, 
            0.1, 
            0.2, 
            0.3, 
            0.4, 
            0.5, 
            0.6, 
            0.7, 
            0.8, 
            0.9, 
            1.0
        ]
    }, 
    "rocVizData": [
        [
            {
                "y": 0.0, 
                "x": 0.0, 
                "p": 1.8158247539162224
            }, 
            {
                "y": 0.05405405405405406, 
                "x": 0.00804289544235925, 
                "p": 0.7906042173980795
            }, 
            {
                "y": 0.0945945945945946, 
                "x": 0.021447721179624665, 
                "p": 0.7720832593809329
            }, 
            {
                "y": 0.13513513513513514, 
                "x": 0.03753351206434316, 
                "p": 0.7602844357441035
            }, 
            {
                "y": 0.1891891891891892, 
                "x": 0.045576407506702415, 
                "p": 0.7529416435590556
            }, 
            {
                "y": 0.24324324324324326, 
                "x": 0.05093833780160858, 
                "p": 0.7376086400241243
            }, 
            {
                "y": 0.2702702702702703, 
                "x": 0.07506702412868632, 
                "p": 0.7211136632406914
            }, 
            {
                "y": 0.3108108108108108, 
                "x": 0.08579088471849866, 
                "p": 0.7152904984581703
            }, 
            {
                "y": 0.3783783783783784, 
                "x": 0.10991957104557641, 
                "p": 0.6975346634766679
            }, 
            {
                "y": 0.40540540540540543, 
                "x": 0.13404825737265416, 
                "p": 0.6879593814000358
            }, 
            {
                "y": 0.4594594594594595, 
                "x": 0.14209115281501342, 
                "p": 0.6800705941192451
            }, 
            {
                "y": 0.5, 
                "x": 0.16353887399463807, 
                "p": 0.6621890806652418
            }, 
            {
                "y": 0.5405405405405406, 
                "x": 0.18230563002680966, 
                "p": 0.6405006820139884
            }, 
            {
                "y": 0.6081081081081081, 
                "x": 0.1903485254691689, 
                "p": 0.6280116189839107
            }, 
            {
                "y": 0.6621621621621622, 
                "x": 0.20107238605898123, 
                "p": 0.6136614754014237
            }, 
            {
                "y": 0.7027027027027027, 
                "x": 0.21447721179624665, 
                "p": 0.5960920119782178
            }, 
            {
                "y": 0.7432432432432432, 
                "x": 0.225201072386059, 
                "p": 0.5817064273041566
            }, 
            {
                "y": 0.7837837837837838, 
                "x": 0.2386058981233244, 
                "p": 0.5594489005879221
            }, 
            {
                "y": 0.8378378378378378, 
                "x": 0.2546916890080429, 
                "p": 0.5366056855315032
            }, 
            {
                "y": 0.8783783783783784, 
                "x": 0.27882037533512066, 
                "p": 0.5011125873840402
            }, 
            {
                "y": 0.9324324324324325, 
                "x": 0.28150134048257375, 
                "p": 0.49494018736869216
            }, 
            {
                "y": 0.9594594594594594, 
                "x": 0.30563002680965146, 
                "p": 0.37087233825620125
            }, 
            {
                "y": 0.972972972972973, 
                "x": 0.3485254691689008, 
                "p": 0.037124371775147866
            }, 
            {
                "y": 0.972972972972973, 
                "x": 0.40482573726541554, 
                "p": 0.01692123451884384
            }, 
            {
                "y": 0.9864864864864865, 
                "x": 0.44235924932975873, 
                "p": 0.012416036025620237
            }, 
            {
                "y": 1.0, 
                "x": 0.47989276139410186, 
                "p": 0.007735572168174212
            }, 
            {
                "y": 1.0, 
                "x": 0.5361930294906166, 
                "p": 0.006802721088435374
            }, 
            {
                "y": 1.0, 
                "x": 0.5871313672922251, 
                "p": 0.00514055240512319
            }, 
            {
                "y": 1.0, 
                "x": 0.6407506702412868, 
                "p": 0.0015081645637259457
            }, 
            {
                "y": 1.0, 
                "x": 0.710455764075067, 
                "p": 0.0001317680338080126
            }, 
            {
                "y": 1.0, 
                "x": 1.0, 
                "p": 0.0
            }
        ]
    ], 
    "calibrationData": [
        {
            "y": 0, 
            "x": 0, 
            "n": 0
        }, 
        {
            "y": 0.01171875, 
            "x": 0.006977251443852481, 
            "n": 256.0
        }, 
        {
            "y": 0.0, 
            "x": 0.12816233107195604, 
            "n": 2.0
        }, 
        {
            "y": 0.0, 
            "x": 0.2500490630764864, 
            "n": 2.0
        }, 
        {
            "y": 0.3333333333333333, 
            "x": 0.3544574238020857, 
            "n": 3.0
        }, 
        {
            "y": 0.2857142857142857, 
            "x": 0.4682633126101093, 
            "n": 14.0
        }, 
        {
            "y": 0.35, 
            "x": 0.5495143104366775, 
            "n": 40.0
        }, 
        {
            "y": 0.421875, 
            "x": 0.6568729456620819, 
            "n": 64.0
        }, 
        {
            "y": 0.36923076923076925, 
            "x": 0.7456580240561036, 
            "n": 65.0
        }, 
        {
            "y": 1.0, 
            "x": 0.8158247539162226, 
            "n": 1.0
        }, 
        {
            "y": 1, 
            "x": 1, 
            "n": 0
        }
    ], 
    "metrics": {}, 
    "densityData": {
        "0.0": {
            "incorrect": [
                0.009106866137870344, 
                0.013975577788098893, 
                0.021059644686005113, 
                0.031164683409345244, 
                0.04529584841819947, 
                0.06466894254822307, 
                0.09070622835029477, 
                0.12501150163039332, 
                0.16931980178947478, 
                0.22541896820065974, 
                0.29504313070387506, 
                0.379741967104421, 
                0.48073376724613465, 
                0.5987544036828216, 
                0.733917487458414, 
                0.8856025466085309, 
                1.0523874211020927, 
                1.232037943625683, 
                1.4215625104134484, 
                1.6173319316357355, 
                1.8152569693758114, 
                2.011008443686184, 
                2.2002589532645174, 
                2.37892213605361, 
                2.5433655786996057, 
                2.690577010915906, 
                2.8182697583735337, 
                2.9249215647543627, 
                3.0097495250707302, 
                3.0726316345418923, 
                3.113991167768006, 
                3.1346629618713173, 
                3.1357603973020938, 
                3.118558714905915, 
                3.084405035146668, 
                3.034659161211026, 
                2.9706631954663822, 
                2.893733315773745, 
                2.8051645454887177, 
                2.706239305224002, 
                2.5982326852481887, 
                2.482410954608726, 
                2.360023747475974, 
                2.2322935244936497, 
                2.100407436986815, 
                1.9655162453209967, 
                1.828742659176993, 
                1.6911980948032097, 
                1.554003412993843, 
                1.4183067629385206, 
                1.2852909885079598, 
                1.1561644448746378, 
                1.0321322536783473, 
                0.9143492450850053, 
                0.8038600767603316, 
                0.7015352670996089, 
                0.6080133762997012, 
                0.5236589911978986, 
                0.4485436828997887, 
                0.38245329177057713, 
                0.32492058638881016, 
                0.2752784194877571, 
                0.23272568970019722, 
                0.1963971448450209, 
                0.16542841077494844, 
                0.13900935392148342, 
                0.1164215067013812, 
                0.09705821935842282, 
                0.08042889307229495, 
                0.06615067316999962, 
                0.053932107071584495, 
                0.04355347176282781, 
                0.034847892724281126, 
                0.027686260885706207, 
                0.02196759309641878, 
                0.017615134582113202, 
                0.014577359590190969, 
                0.012832194960397638, 
                0.012392300879408461, 
                0.013309072959253328, 
                0.01567313890305638, 
                0.01960947459364347, 
                0.02526583755583586, 
                0.03279400080767223, 
                0.04232425062329516, 
                0.05393473954285405, 
                0.06761846004166619, 
                0.0832516629351988, 
                0.10056827861483476, 
                0.11914508752177147, 
                0.13840184922171542, 
                0.15761925761684217, 
                0.17597551201691006, 
                0.19259971743840978, 
                0.20663763967950502, 
                0.21732301708285642, 
                0.2240461419544186, 
                0.2264111294903892, 
                0.22427434636609198, 
                0.21775877446024883
            ], 
            "incorrectMedian": 0.3401904842365767, 
            "correct": [
                0.018575637521552484, 
                0.023961934441074684, 
                0.030619326172925433, 
                0.038760474876509396, 
                0.04861017536239727, 
                0.06039982959245651, 
                0.07436033579851287, 
                0.09071344893519481, 
                0.10966178391886316, 
                0.1313777583258956, 
                0.15599189829531335, 
                0.1835810498651417, 
                0.21415713636902023, 
                0.24765716924844608, 
                0.28393524418012844, 
                0.3227572285286157, 
                0.36379876496363367, 
                0.4066470791084761, 
                0.45080689070894125, 
                0.49571049750484897, 
                0.5407318429480725, 
                0.5852041112052575, 
                0.628440136096313, 
                0.6697546861447177, 
                0.7084875160086591, 
                0.7440259723531916, 
                0.7758259218948385, 
                0.8034298366724815, 
                0.8264810250321649, 
                0.84473322725828, 
                0.8580550861018834, 
                0.8664293327010033, 
                0.8699468716789032, 
                0.8687962780492497, 
                0.8632495064189237, 
                0.8536448367790009, 
                0.8403682235126265, 
                0.8238342650162179, 
                0.8044679686706352, 
                0.7826883562037952, 
                0.7588947517044258, 
                0.7334563385967895, 
                0.7067052866428418, 
                0.6789334608754192, 
                0.6503924557428202, 
                0.6212964709414102, 
                0.5918273767306518, 
                0.5621412160795517, 
                0.5323753622213219, 
                0.5026555899979084, 
                0.4731024189760461, 
                0.443836232491811, 
                0.4149808535043338, 
                0.3866654482817487, 
                0.3590248159258489, 
                0.3321982909567945, 
                0.3063276260395889, 
                0.2815543244945625, 
                0.2580169533432005, 
                0.2358489866512619, 
                0.2151777080428787, 
                0.1961246446020898, 
                0.1788079169772243, 
                0.16334677728298475, 
                0.14986847138114645, 
                0.1385174079881713, 
                0.129466445133787, 
                0.12292991528340075, 
                0.11917780466018706, 
                0.11855028236446474, 
                0.12147154659190218, 
                0.12846172949802945, 
                0.14014539638134038, 
                0.15725501323648838, 
                0.18062767026712062, 
                0.21119337315334175, 
                0.24995338535916026, 
                0.29794745626243857, 
                0.3562093240438522, 
                0.42571064495761735, 
                0.5072944546175632, 
                0.6016003672034336, 
                0.7089848900482799, 
                0.8294413707680545, 
                0.9625250768876169, 
                1.1072895977620574, 
                1.2622410234699342, 
                1.4253160849882547, 
                1.5938895641410873, 
                1.7648147866979447, 
                1.9344989515631028, 
                2.099012549142706, 
                2.254229375487682, 
                2.395990900609193, 
                2.5202862728336726, 
                2.6234373078991284, 
                2.7022766585678806, 
                2.75430715835407, 
                2.7778311602970045, 
                2.772040520394364
            ], 
            "correctMedian": 0.9931972789115646
        }, 
        "1.0": {
            "incorrect": [
                2.7720405203943668, 
                2.777831160296992, 
                2.7543071583540457, 
                2.7022766585678974, 
                2.623437307899119, 
                2.520286272833655, 
                2.3959909006091884, 
                2.254229375487656, 
                2.099012549142702, 
                1.9344989515631148, 
                1.7648147866979211, 
                1.593889564141083, 
                1.4253160849882571, 
                1.2622410234699297, 
                1.1072895977620631, 
                0.9625250768876084, 
                0.8294413707680508, 
                0.7089848900482799, 
                0.6016003672034362, 
                0.5072944546175614, 
                0.42571064495762073, 
                0.35620932404385347, 
                0.2979474562624375, 
                0.24995338535916337, 
                0.21119337315334136, 
                0.18062767026712032, 
                0.15725501323648797, 
                0.14014539638134144, 
                0.12846172949802992, 
                0.1214715465919018, 
                0.1185502823644649, 
                0.119177804660187, 
                0.12292991528340085, 
                0.12946644513378583, 
                0.13851740798817014, 
                0.1498684713811459, 
                0.16334677728298547, 
                0.17880791697722576, 
                0.1961246446020898, 
                0.21517770804287756, 
                0.23584898665126147, 
                0.2580169533432001, 
                0.2815543244945623, 
                0.30632762603958863, 
                0.3321982909567951, 
                0.35902481592585017, 
                0.3866654482817473, 
                0.41498085350433156, 
                0.44383623249181137, 
                0.47310241897604693, 
                0.5026555899979079, 
                0.5323753622213232, 
                0.5621412160795533, 
                0.5918273767306518, 
                0.6212964709414113, 
                0.6503924557428127, 
                0.678933460875421, 
                0.7067052866428406, 
                0.7334563385967863, 
                0.7588947517044284, 
                0.7826883562037944, 
                0.8044679686706365, 
                0.8238342650162208, 
                0.8403682235126229, 
                0.8536448367789934, 
                0.8632495064189198, 
                0.8687962780492521, 
                0.8699468716788985, 
                0.866429332700998, 
                0.8580550861018819, 
                0.8447332272582793, 
                0.8264810250321605, 
                0.8034298366724829, 
                0.7758259218948419, 
                0.7440259723531956, 
                0.7084875160086622, 
                0.6697546861447189, 
                0.6284401360963136, 
                0.5852041112052591, 
                0.5407318429480725, 
                0.49571049750485074, 
                0.4508068907089405, 
                0.40664707910847536, 
                0.363798764963634, 
                0.3227572285286157, 
                0.2839352441801287, 
                0.24765716924844608, 
                0.21415713636901984, 
                0.18358104986514234, 
                0.15599189829531335, 
                0.13137775832589524, 
                0.10966178391886307, 
                0.09071344893519465, 
                0.07436033579851287, 
                0.060399829592456454, 
                0.04861017536239727, 
                0.03876047487650952, 
                0.03061932617292542, 
                0.02396193444107472, 
                0.018575637521552536
            ], 
            "incorrectMedian": 0.006802721088435374, 
            "correct": [
                0.21775877446024872, 
                0.22427434636609186, 
                0.22641112949038908, 
                0.2240461419544186, 
                0.21732301708285642, 
                0.2066376396795049, 
                0.1925997174384097, 
                0.17597551201690997, 
                0.15761925761684212, 
                0.13840184922171542, 
                0.1191450875217713, 
                0.10056827861483476, 
                0.08325166293519869, 
                0.06761846004166619, 
                0.053934739542854, 
                0.042324250623295194, 
                0.03279400080767223, 
                0.025265837555835825, 
                0.019609474593643494, 
                0.015673138903056393, 
                0.013309072959253375, 
                0.012392300879408517, 
                0.012832194960397718, 
                0.01457735959019106, 
                0.017615134582113327, 
                0.021967593096418905, 
                0.02768626088570639, 
                0.034847892724281286, 
                0.04355347176282804, 
                0.05393210707158471, 
                0.06615067316999979, 
                0.0804288930722952, 
                0.09705821935842299, 
                0.11642150670138146, 
                0.1390093539214836, 
                0.16542841077494885, 
                0.19639714484502116, 
                0.23272568970019733, 
                0.27527841948775733, 
                0.32492058638881016, 
                0.38245329177057763, 
                0.4485436828997889, 
                0.5236589911978982, 
                0.6080133762997015, 
                0.7015352670996086, 
                0.8038600767603316, 
                0.9143492450850053, 
                1.0321322536783473, 
                1.1561644448746389, 
                1.2852909885079598, 
                1.4183067629385206, 
                1.5540034129938456, 
                1.6911980948032082, 
                1.828742659176993, 
                1.9655162453209984, 
                2.1004074369868166, 
                2.2322935244936497, 
                2.360023747475974, 
                2.482410954608724, 
                2.5982326852481887, 
                2.706239305224002, 
                2.8051645454887177, 
                2.893733315773745, 
                2.970663195466385, 
                3.034659161211026, 
                3.084405035146668, 
                3.118558714905915, 
                3.135760397302097, 
                3.1346629618713173, 
                3.113991167768006, 
                3.0726316345418923, 
                3.0097495250707276, 
                2.92492156475436, 
                2.8182697583735288, 
                2.690577010915909, 
                2.5433655786996034, 
                2.3789221360536077, 
                2.200258953264515, 
                2.011008443686184, 
                1.8152569693758114, 
                1.6173319316357355, 
                1.4215625104134508, 
                1.2320379436256808, 
                1.0523874211020918, 
                0.8856025466085309, 
                0.733917487458413, 
                0.5987544036828216, 
                0.480733767246134, 
                0.37974196710442065, 
                0.2950431307038743, 
                0.22541896820065943, 
                0.16931980178947478, 
                0.12501150163039315, 
                0.09070622835029477, 
                0.06466894254822285, 
                0.04529584841819941, 
                0.031164683409345258, 
                0.021059644686005092, 
                0.013975577788098893, 
                0.009106866137870352
            ], 
            "correctMedian": 0.6598095157634237
        }
    }, 
    "perCutData": {
        "fp": [
            265, 
            140, 
            126, 
            122, 
            120, 
            119, 
            118, 
            118, 
            118, 
            118, 
            117, 
            116, 
            116, 
            116, 
            114, 
            114, 
            114, 
            113, 
            113, 
            107, 
            104, 
            97, 
            89, 
            84, 
            78, 
            72, 
            66, 
            54, 
            41, 
            25, 
            18, 
            6, 
            0, 
            0, 
            0, 
            0, 
            0, 
            0, 
            0, 
            0
        ], 
        "f1": [
            0.3583535108958838, 
            0.5034965034965034, 
            0.5239852398523985, 
            0.5318352059925093, 
            0.5358490566037736, 
            0.5378787878787878, 
            0.5399239543726235, 
            0.5399239543726235, 
            0.5399239543726235, 
            0.5399239543726235, 
            0.5419847328244275, 
            0.5440613026819924, 
            0.5440613026819924, 
            0.5440613026819924, 
            0.5482625482625483, 
            0.5426356589147288, 
            0.5426356589147288, 
            0.5447470817120622, 
            0.5390625, 
            0.5519999999999999, 
            0.5409836065573771, 
            0.5321888412017167, 
            0.5381165919282511, 
            0.5302325581395348, 
            0.5098039215686274, 
            0.47120418848167545, 
            0.42696629213483145, 
            0.4294478527607362, 
            0.3571428571428571, 
            0.3220338983050847, 
            0.2641509433962264, 
            0.16091954022988506, 
            0.026666666666666665, 
            0.0, 
            0.0, 
            0.0, 
            0.0, 
            0.0, 
            0.0, 
            0.0
        ], 
        "mcc": [
            0.25140474634558635, 
            0.44484274353965797, 
            0.4653916436669781, 
            0.4745195004933054, 
            0.4791591070755779, 
            0.4814984839168161, 
            0.4838511673308378, 
            0.4838511673308378, 
            0.4838511673308378, 
            0.4838511673308378, 
            0.48621735458368454, 
            0.4885972463294694, 
            0.4885972463294694, 
            0.4885972463294694, 
            0.4933989633698971, 
            0.48359053168929694, 
            0.48359053168929694, 
            0.4860171965212468, 
            0.4762071441997396, 
            0.4911024183205664, 
            0.4693718823771968, 
            0.44858127932355407, 
            0.45114961559768413, 
            0.43596502204220244, 
            0.4039550594280855, 
            0.350954436262822, 
            0.2960613455149409, 
            0.3054734481782419, 
            0.23878935024300002, 
            0.23671917404114307, 
            0.20317968750777998, 
            0.17364892322112552, 
            0.10630926772769822, 
            0.0, 
            0.0, 
            0.0, 
            0.0, 
            0.0, 
            0.0, 
            0.0
        ], 
        "precision": [
            0.2182890855457227, 
            0.33962264150943394, 
            0.3604060913705584, 
            0.36787564766839376, 
            0.3717277486910995, 
            0.3736842105263158, 
            0.37566137566137564, 
            0.37566137566137564, 
            0.37566137566137564, 
            0.37566137566137564, 
            0.3776595744680851, 
            0.37967914438502676, 
            0.37967914438502676, 
            0.37967914438502676, 
            0.3837837837837838, 
            0.3804347826086957, 
            0.3804347826086957, 
            0.3825136612021858, 
            0.3791208791208791, 
            0.39204545454545453, 
            0.38823529411764707, 
            0.389937106918239, 
            0.40268456375838924, 
            0.40425531914893614, 
            0.4, 
            0.38461538461538464, 
            0.36538461538461536, 
            0.39325842696629215, 
            0.3787878787878788, 
            0.4318181818181818, 
            0.4375, 
            0.5384615384615384, 
            1.0, 
            1.0, 
            1.0, 
            1.0, 
            1.0, 
            1.0, 
            1.0, 
            1.0
        ], 
        "hammingLoss": [
            0.5928411633109619, 
            0.31767337807606266, 
            0.28859060402684567, 
            0.2796420581655481, 
            0.2751677852348993, 
            0.27293064876957496, 
            0.27069351230425054, 
            0.27069351230425054, 
            0.27069351230425054, 
            0.27069351230425054, 
            0.2684563758389262, 
            0.2662192393736018, 
            0.2662192393736018, 
            0.2662192393736018, 
            0.26174496644295303, 
            0.2639821029082774, 
            0.2639821029082774, 
            0.26174496644295303, 
            0.2639821029082774, 
            0.2505592841163311, 
            0.2505592841163311, 
            0.24384787472035793, 
            0.23042505592841164, 
            0.22595078299776286, 
            0.22371364653243847, 
            0.22595078299776286, 
            0.22818791946308725, 
            0.2080536912751678, 
            0.20134228187919462, 
            0.1789709172259508, 
            0.174496644295302, 
            0.16331096196868009, 
            0.16331096196868009, 
            0.16554809843400448, 
            0.16554809843400448, 
            0.16554809843400448, 
            0.16554809843400448, 
            0.16554809843400448, 
            0.16554809843400448, 
            0.16554809843400448
        ], 
        "fn": [
            0, 
            2, 
            3, 
            3, 
            3, 
            3, 
            3, 
            3, 
            3, 
            3, 
            3, 
            3, 
            3, 
            3, 
            3, 
            4, 
            4, 
            4, 
            5, 
            5, 
            8, 
            12, 
            14, 
            17, 
            22, 
            29, 
            36, 
            39, 
            49, 
            55, 
            60, 
            67, 
            73, 
            74, 
            74, 
            74, 
            74, 
            74, 
            74, 
            74
        ], 
        "cut": [
            0.0, 
            0.025, 
            0.05, 
            0.07500000000000001, 
            0.1, 
            0.125, 
            0.15000000000000002, 
            0.17500000000000002, 
            0.2, 
            0.225, 
            0.25, 
            0.275, 
            0.30000000000000004, 
            0.325, 
            0.35000000000000003, 
            0.375, 
            0.4, 
            0.42500000000000004, 
            0.45, 
            0.47500000000000003, 
            0.5, 
            0.525, 
            0.55, 
            0.5750000000000001, 
            0.6000000000000001, 
            0.625, 
            0.65, 
            0.675, 
            0.7000000000000001, 
            0.7250000000000001, 
            0.75, 
            0.775, 
            0.8, 
            0.8250000000000001, 
            0.8500000000000001, 
            0.875, 
            0.9, 
            0.925, 
            0.9500000000000001, 
            0.9750000000000001
        ], 
        "recall": [
            1.0, 
            0.972972972972973, 
            0.9594594594594594, 
            0.9594594594594594, 
            0.9594594594594594, 
            0.9594594594594594, 
            0.9594594594594594, 
            0.9594594594594594, 
            0.9594594594594594, 
            0.9594594594594594, 
            0.9594594594594594, 
            0.9594594594594594, 
            0.9594594594594594, 
            0.9594594594594594, 
            0.9594594594594594, 
            0.9459459459459459, 
            0.9459459459459459, 
            0.9459459459459459, 
            0.9324324324324325, 
            0.9324324324324325, 
            0.8918918918918919, 
            0.8378378378378378, 
            0.8108108108108109, 
            0.7702702702702703, 
            0.7027027027027027, 
            0.6081081081081081, 
            0.5135135135135135, 
            0.47297297297297297, 
            0.33783783783783783, 
            0.25675675675675674, 
            0.1891891891891892, 
            0.0945945945945946, 
            0.013513513513513514, 
            0.0, 
            0.0, 
            0.0, 
            0.0, 
            0.0, 
            0.0, 
            0.0
        ], 
        "tp": [
            74, 
            72, 
            71, 
            71, 
            71, 
            71, 
            71, 
            71, 
            71, 
            71, 
            71, 
            71, 
            71, 
            71, 
            71, 
            70, 
            70, 
            70, 
            69, 
            69, 
            66, 
            62, 
            60, 
            57, 
            52, 
            45, 
            38, 
            35, 
            25, 
            19, 
            14, 
            7, 
            1, 
            0, 
            0, 
            0, 
            0, 
            0, 
            0, 
            0
        ], 
        "tn": [
            108, 
            233, 
            247, 
            251, 
            253, 
            254, 
            255, 
            255, 
            255, 
            255, 
            256, 
            257, 
            257, 
            257, 
            259, 
            259, 
            259, 
            260, 
            260, 
            266, 
            269, 
            276, 
            284, 
            289, 
            295, 
            301, 
            307, 
            319, 
            332, 
            348, 
            355, 
            367, 
            373, 
            373, 
            373, 
            373, 
            373, 
            373, 
            373, 
            373
        ], 
        "accuracy": [
            0.407158836689038, 
            0.6823266219239373, 
            0.7114093959731543, 
            0.7203579418344519, 
            0.7248322147651006, 
            0.727069351230425, 
            0.7293064876957495, 
            0.7293064876957495, 
            0.7293064876957495, 
            0.7293064876957495, 
            0.7315436241610739, 
            0.7337807606263982, 
            0.7337807606263982, 
            0.7337807606263982, 
            0.738255033557047, 
            0.7360178970917226, 
            0.7360178970917226, 
            0.738255033557047, 
            0.7360178970917226, 
            0.7494407158836689, 
            0.7494407158836689, 
            0.756152125279642, 
            0.7695749440715883, 
            0.7740492170022372, 
            0.7762863534675615, 
            0.7740492170022372, 
            0.7718120805369127, 
            0.7919463087248322, 
            0.7986577181208053, 
            0.8210290827740492, 
            0.825503355704698, 
            0.8366890380313199, 
            0.8366890380313199, 
            0.8344519015659956, 
            0.8344519015659956, 
            0.8344519015659956, 
            0.8344519015659956, 
            0.8344519015659956, 
            0.8344519015659956, 
            0.8344519015659956
        ]
    }, 
    "optimalThreshold": 0.47500000000000003, 
    "tiMetrics": {
        "logLoss": 0.3793379413657883, 
        "auc": 0.842511412216506, 
        "lift": 2.341557849984816, 
        "calibrationLoss": 0.1169165387386785
    }, 
    "processed_feature_names": [
        "Age", 
        "Amount_Requested", 
        "Debt_To_Income_Ratio", 
        "Employment_Duration", 
        "FICO_Avg", 
        "Inquiries_in_the_Last_6_Months", 
        "Interest_Rate", 
        "Monthly_Income", 
        "Open_CREDIT_Lines", 
        "Revolving_CREDIT_Balance", 
        "dummy:Loan_Purpose:debt_consolidation", 
        "dummy:Loan_Purpose:credit_card", 
        "dummy:Loan_Purpose:other", 
        "dummy:Loan_Purpose:home_improvement", 
        "dummy:Loan_Purpose:major_purchase", 
        "dummy:Loan_Purpose:small_business", 
        "dummy:Loan_Purpose:car", 
        "dummy:Loan_Purpose:wedding", 
        "dummy:Loan_Purpose:moving", 
        "dummy:Loan_Purpose:medical", 
        "dummy:Loan_Purpose:vacation", 
        "dummy:Loan_Purpose:educational", 
        "dummy:Loan_Purpose:house", 
        "dummy:Loan_Purpose:renewable_energy", 
        "dummy:Loan_Purpose:N/A", 
        "dummy:Loan_Purpose:__Others__", 
        "dummy:State:CA", 
        "dummy:State:NY", 
        "dummy:State:TX", 
        "dummy:State:FL", 
        "dummy:State:IL", 
        "dummy:State:PA", 
        "dummy:State:GA", 
        "dummy:State:NJ", 
        "dummy:State:MD", 
        "dummy:State:VA", 
        "dummy:State:OH", 
        "dummy:State:NC", 
        "dummy:State:CO", 
        "dummy:State:MA", 
        "dummy:State:WA", 
        "dummy:State:AZ", 
        "dummy:State:CT", 
        "dummy:State:MI", 
        "dummy:State:AL", 
        "dummy:State:MN", 
        "dummy:State:MO", 
        "dummy:State:SC", 
        "dummy:State:WI", 
        "dummy:State:OR", 
        "dummy:State:KY", 
        "dummy:State:NV", 
        "dummy:State:OK", 
        "dummy:State:KS", 
        "dummy:State:UT", 
        "dummy:State:LA", 
        "dummy:State:WV", 
        "dummy:State:DC", 
        "dummy:State:NM", 
        "dummy:State:AR", 
        "dummy:State:NH", 
        "dummy:State:AK", 
        "dummy:State:RI", 
        "dummy:State:HI", 
        "dummy:State:VT", 
        "dummy:State:DE", 
        "dummy:State:SD", 
        "dummy:State:MT", 
        "dummy:State:WY", 
        "dummy:State:IN", 
        "dummy:State:N/A", 
        "dummy:State:__Others__", 
        "dummy:Home_Ownership:MORTGAGE", 
        "dummy:Home_Ownership:RENT", 
        "dummy:Home_Ownership:OWN", 
        "dummy:Home_Ownership:N/A", 
        "dummy:Home_Ownership:__Others__", 
        "dummy:Loan_Length:36", 
        "dummy:Loan_Length:N/A", 
        "dummy:Loan_Length:__Others__"
    ], 
    "globalMetrics": {
        "predictionAvg": [
            0.39373601789709173
        ], 
        "predictionStd": [
            0.48912491836194816
        ], 
        "targetStd": [
            0.3720909308192625
        ], 
        "targetAvg": [
            0.16554809843400448
        ], 
        "testWeight": 447
    }
}