{
    "liftVizData": {
        "wizard": {
            "positives": 77, 
            "total": 447
        }, 
        "bins": [
            {
                "cum_lift": 0.4805194805, 
                "bin_pos_prop": 0.4111111111, 
                "bin_min": 0.6865694675, 
                "percentile_idx": 0, 
                "cum_size": 0.2013422819, 
                "bin_lift": 2.3865800866, 
                "bin_max": 0.8055776445
            }, 
            {
                "cum_lift": 0.961038961, 
                "bin_pos_prop": 0.4157303371, 
                "bin_min": 0.2363983087, 
                "percentile_idx": 1, 
                "cum_size": 0.4004474273, 
                "bin_lift": 2.4133955932, 
                "bin_max": 0.6865694675
            }, 
            {
                "cum_lift": 1.0, 
                "bin_pos_prop": 0.0337078652, 
                "bin_min": 0.0075370088, 
                "percentile_idx": 2, 
                "cum_size": 0.5995525727, 
                "bin_lift": 0.1956807238, 
                "bin_max": 0.2363983087
            }, 
            {
                "cum_lift": 1.0, 
                "bin_pos_prop": 0.0, 
                "bin_min": 0.0001245208, 
                "percentile_idx": 3, 
                "cum_size": 0.7628635347, 
                "bin_lift": 0.0, 
                "bin_max": 0.0075370088
            }, 
            {
                "cum_lift": 1.0, 
                "bin_pos_prop": 0.0, 
                "bin_min": 0.0, 
                "percentile_idx": 4, 
                "cum_size": 1.0, 
                "bin_lift": 0.0, 
                "bin_max": 0.0001245208
            }
        ]
    }, 
    "usedThreshold": 0.45, 
    "probaPercentiles": [
        0.0, 
        0.0, 
        0.0, 
        0.0, 
        0.0, 
        0.0, 
        0.0, 
        0.0, 
        0.0, 
        0.0, 
        0.0, 
        0.0, 
        0.0, 
        0.0, 
        0.0, 
        0.0, 
        0.0, 
        0.00012452081501630516, 
        0.00012452081501630516, 
        0.00012452081501630516, 
        0.00012452081501630516, 
        0.00012452081501630516, 
        0.00012452081501630516, 
        0.00023237344516746956, 
        0.00023237344516746956, 
        0.0006713760115811656, 
        0.0007350747755179781, 
        0.0007350747755179781, 
        0.0008595955905342833, 
        0.0010670648726984898, 
        0.0033612343073138374, 
        0.004895719741522685, 
        0.005778400438739119, 
        0.006299510898400612, 
        0.00679473633461649, 
        0.006802721088435374, 
        0.006802721088435374, 
        0.006922743050897151, 
        0.007145672941909099, 
        0.007537008832331285, 
        0.008989098654208612, 
        0.011697943309277155, 
        0.012586873476319121, 
        0.013275209610594547, 
        0.013595529082937832, 
        0.01360544217687075, 
        0.013812770235459024, 
        0.017740558030833374, 
        0.018941461434282974, 
        0.02454327911926875, 
        0.027632421980325332, 
        0.031099986301340216, 
        0.03377378161818917, 
        0.038896729455985206, 
        0.04634860751091877, 
        0.052042955291206144, 
        0.080159843510801, 
        0.1107690671605676, 
        0.20133966196537123, 
        0.23639830871867895, 
        0.34570243549969243, 
        0.41458498545982025, 
        0.4654386268772719, 
        0.48225703263046027, 
        0.48845352125611097, 
        0.505123098828304, 
        0.528863995601913, 
        0.5500049028454423, 
        0.569621543153554, 
        0.5807158294736373, 
        0.5924289469231362, 
        0.6115719248460973, 
        0.6261917596073128, 
        0.6334589037397164, 
        0.6451913869500373, 
        0.6588681859115303, 
        0.6646097505571786, 
        0.6755787995316057, 
        0.6819370033727131, 
        0.6865694674814233, 
        0.69580554045541, 
        0.701851446664508, 
        0.706060372781075, 
        0.7095471918061298, 
        0.7119386872713204, 
        0.7173017507798927, 
        0.7238562334672725, 
        0.72986277435355, 
        0.7343589469656895, 
        0.7365249842414143, 
        0.7385597658503547, 
        0.7440718440055707, 
        0.7459299827210424, 
        0.7497104182413057, 
        0.7541790764625224, 
        0.7615140936188685, 
        0.7681717888343922, 
        0.7727260603639641, 
        0.7784928763589367
    ], 
    "probaDistribData": {
        "probaDistribs": [
            [
                256.0, 
                5.0, 
                6.0, 
                5.0, 
                9.0, 
                14.0, 
                26.0, 
                48.0, 
                1.0, 
                0.0
            ], 
            [
                2.0, 
                1.0, 
                0.0, 
                2.0, 
                7.0, 
                11.0, 
                21.0, 
                33.0, 
                0.0, 
                0.0
            ]
        ], 
        "bins": [
            0.0, 
            0.1, 
            0.2, 
            0.3, 
            0.4, 
            0.5, 
            0.6, 
            0.7, 
            0.8, 
            0.9, 
            1.0
        ]
    }, 
    "rocVizData": [
        [
            {
                "y": 0.0, 
                "x": 0.0, 
                "p": 1.8055776444750742
            }, 
            {
                "y": 0.03896103896103896, 
                "x": 0.013513513513513514, 
                "p": 0.774607116752051
            }, 
            {
                "y": 0.11688311688311688, 
                "x": 0.013513513513513514, 
                "p": 0.7683238687397701
            }, 
            {
                "y": 0.15584415584415584, 
                "x": 0.03513513513513514, 
                "p": 0.7519657154506836
            }, 
            {
                "y": 0.19480519480519481, 
                "x": 0.05675675675675676, 
                "p": 0.7441548616754176
            }, 
            {
                "y": 0.2727272727272727, 
                "x": 0.07297297297297298, 
                "p": 0.735996975140317
            }, 
            {
                "y": 0.3116883116883117, 
                "x": 0.0945945945945946, 
                "p": 0.7238139793044728
            }, 
            {
                "y": 0.36363636363636365, 
                "x": 0.10810810810810811, 
                "p": 0.711865683865719
            }, 
            {
                "y": 0.4155844155844156, 
                "x": 0.11891891891891893, 
                "p": 0.707135775925482
            }, 
            {
                "y": 0.45454545454545453, 
                "x": 0.13513513513513514, 
                "p": 0.6965782568480694
            }, 
            {
                "y": 0.5064935064935064, 
                "x": 0.14594594594594595, 
                "p": 0.6832850511443332
            }, 
            {
                "y": 0.5584415584415584, 
                "x": 0.15675675675675677, 
                "p": 0.6688818076934807
            }, 
            {
                "y": 0.6363636363636364, 
                "x": 0.17567567567567569, 
                "p": 0.6438323276417336
            }, 
            {
                "y": 0.6753246753246753, 
                "x": 0.1945945945945946, 
                "p": 0.6184203690884086
            }, 
            {
                "y": 0.7142857142857143, 
                "x": 0.20810810810810812, 
                "p": 0.5891832945911186
            }, 
            {
                "y": 0.7662337662337663, 
                "x": 0.21351351351351353, 
                "p": 0.5727398438836345
            }, 
            {
                "y": 0.8181818181818182, 
                "x": 0.23513513513513515, 
                "p": 0.5167515420861397
            }, 
            {
                "y": 0.8701298701298701, 
                "x": 0.24594594594594596, 
                "p": 0.487238614795456
            }, 
            {
                "y": 0.922077922077922, 
                "x": 0.24864864864864866, 
                "p": 0.47216844637060107
            }, 
            {
                "y": 0.948051948051948, 
                "x": 0.27297297297297296, 
                "p": 0.3560433634207263
            }, 
            {
                "y": 0.974025974025974, 
                "x": 0.2972972972972973, 
                "p": 0.19924318719120324
            }, 
            {
                "y": 0.974025974025974, 
                "x": 0.3621621621621622, 
                "p": 0.034013605442176874
            }, 
            {
                "y": 0.987012987012987, 
                "x": 0.4, 
                "p": 0.02454327911926875
            }, 
            {
                "y": 1.0, 
                "x": 0.45675675675675675, 
                "p": 0.013605442176870748
            }, 
            {
                "y": 1.0, 
                "x": 0.5162162162162162, 
                "p": 0.007611721321341067
            }, 
            {
                "y": 1.0, 
                "x": 0.572972972972973, 
                "p": 0.006802721088435374
            }, 
            {
                "y": 1.0, 
                "x": 0.6243243243243243, 
                "p": 0.003625657672448479
            }, 
            {
                "y": 1.0, 
                "x": 0.6756756756756757, 
                "p": 0.0007350747755179781
            }, 
            {
                "y": 1.0, 
                "x": 0.7891891891891892, 
                "p": 0.00012452081501630516
            }, 
            {
                "y": 1.0, 
                "x": 1.0, 
                "p": 0.0
            }
        ]
    ], 
    "calibrationData": [
        {
            "y": 0, 
            "x": 0, 
            "n": 0
        }, 
        {
            "y": 0.007751937984496124, 
            "x": 0.009468783507150571, 
            "n": 258.0
        }, 
        {
            "y": 0.16666666666666666, 
            "x": 0.14317491061627619, 
            "n": 6.0
        }, 
        {
            "y": 0.0, 
            "x": 0.22812359598322776, 
            "n": 6.0
        }, 
        {
            "y": 0.2857142857142857, 
            "x": 0.3562967002973802, 
            "n": 7.0
        }, 
        {
            "y": 0.4375, 
            "x": 0.4721439959248194, 
            "n": 16.0
        }, 
        {
            "y": 0.44, 
            "x": 0.5533386911198679, 
            "n": 25.0
        }, 
        {
            "y": 0.44680851063829785, 
            "x": 0.6572355138270646, 
            "n": 47.0
        }, 
        {
            "y": 0.4074074074074074, 
            "x": 0.7395143259799748, 
            "n": 81.0
        }, 
        {
            "y": 0.0, 
            "x": 0.8055776444750741, 
            "n": 1.0
        }, 
        {
            "y": 1, 
            "x": 1, 
            "n": 0
        }
    ], 
    "metrics": {}, 
    "densityData": {
        "0.0": {
            "incorrect": [
                0.004050897644200815, 
                0.006655993157194505, 
                0.01071480685580209, 
                0.016900900789803917, 
                0.026123844227965782, 
                0.03957469347152344, 
                0.05876339245487998, 
                0.08553914591005056, 
                0.12208329511269184, 
                0.17086388668143376, 
                0.23454253494784388, 
                0.3158277477978794, 
                0.4172747079367558, 
                0.5410392203093027, 
                0.6886022861919463, 
                0.8604902207782941, 
                1.0560217903852336, 
                1.2731169171744048, 
                1.5081998575356403, 
                1.7562228742557322, 
                2.010824677938576, 
                2.2646226522569783, 
                2.5096212284198303, 
                2.737703289942597, 
                2.9411596722557616, 
                3.1132056403873873, 
                3.248433730303569, 
                3.343159457470957, 
                3.395628973576839, 
                3.4060737837180697, 
                3.3766146569739206, 
                3.311032402115816, 
                3.214435184813395, 
                3.0928592185525847, 
                2.9528415565344948, 
                2.8010008282680454, 
                2.643655310315294, 
                2.486499338218451, 
                2.334350476313348, 
                2.190972507748327, 
                2.0589740748962817, 
                1.939779871850205, 
                1.8336701653122833, 
                1.739884109972616, 
                1.656781678907877, 
                1.582057112019404, 
                1.5129932011041731, 
                1.4467408080726456, 
                1.3806027806467618, 
                1.3122973709266186, 
                1.2401749119657735, 
                1.1633639961300193, 
                1.0818300708201527, 
                0.9963395916536226, 
                0.9083351118215176, 
                0.8197388056364056, 
                0.7327116760462308, 
                0.6494012362394933, 
                0.5717107660299631, 
                0.5011183484057146, 
                0.4385648226670162, 
                0.38441832642008583, 
                0.33851135407549304, 
                0.30023623737371036, 
                0.26867816547288303, 
                0.2427620934936815, 
                0.2213911375935154, 
                0.20355863336160077, 
                0.18842278078802868, 
                0.17534034301745738, 
                0.16386288742489274, 
                0.15370449467291197, 
                0.14469304523642124, 
                0.13671789966417658, 
                0.12968521848901635, 
                0.12348886206220758, 
                0.11800053061496406, 
                0.11307838749027505, 
                0.10858962523416285, 
                0.10443987229286017, 
                0.10060132172228603, 
                0.09713202639921709, 
                0.09418071592364495, 
                0.09197431940249957, 
                0.09078859249649772, 
                0.09090530731620275, 
                0.092561906921475, 
                0.09590101982043173, 
                0.10092759624618992, 
                0.10748064415520088, 
                0.11522472666967772, 
                0.12366377338966733, 
                0.13217669485707056, 
                0.14007118444959282, 
                0.1466493904482333, 
                0.15127726553888637, 
                0.15344868162190575, 
                0.15283600109565498, 
                0.14932067240275393, 
                0.14300028831896577
            ], 
            "incorrectMedian": 0.31671494885566676, 
            "correct": [
                0.01633346485950794, 
                0.02142099887846407, 
                0.027808925338586032, 
                0.03573723118926623, 
                0.045463175080422615, 
                0.05725477283804396, 
                0.07138199353228876, 
                0.08810567051246625, 
                0.10766431125494007, 
                0.13025919610590533, 
                0.15603837445415938, 
                0.18508037829539728, 
                0.21737865494083924, 
                0.2528278488805651, 
                0.29121311501740466, 
                0.33220360349869393, 
                0.3753511093763329, 
                0.42009462730719305, 
                0.4657712028198921, 
                0.511633049341712, 
                0.5568704367097933, 
                0.6006393926012633, 
                0.6420928373618009, 
                0.6804134382446726, 
                0.7148462581297037, 
                0.7447292125985683, 
                0.7695194495959445, 
                0.7888140232098997, 
                0.8023636263859427, 
                0.8100786413691655, 
                0.8120273156377029, 
                0.8084264241249602, 
                0.7996252852691994, 
                0.7860844147667184, 
                0.7683503936695019, 
                0.747028677642241, 
                0.7227560782497258, 
                0.696174516362236, 
                0.6679074058783969, 
                0.6385397054056194, 
                0.6086023130354014, 
                0.5785611114214496, 
                0.548810629345543, 
                0.5196719970219298, 
                0.49139465186607423, 
                0.4641611063980157, 
                0.4380940189760775, 
                0.4132648030001853, 
                0.38970305838816743, 
                0.36740619563138227, 
                0.3463487326837138, 
                0.3264908651323356, 
                0.30778603015671663, 
                0.2901872976257068, 
                0.2736525234677228, 
                0.25814829004465717, 
                0.24365273644527263, 
                0.2301574501290412, 
                0.2176686519529494, 
                0.20620796022398133, 
                0.1958130654553184, 
                0.1865386834288257, 
                0.17845817531388247, 
                0.17166622328568956, 
                0.16628292008886006, 
                0.16245956231389158, 
                0.1603863212160096, 
                0.1603017950435072, 
                0.16250422007144824, 
                0.16736383644965547, 
                0.1753355795664002, 
                0.18697091677983804, 
                0.202927301653706, 
                0.22397341132018816, 
                0.25098811329106785, 
                0.2849510267529782, 
                0.3269226508752637, 
                0.37801237324707426, 
                0.4393332755671022, 
                0.5119435295053656, 
                0.5967753023331132, 
                0.6945534138738957, 
                0.8057074111383321, 
                0.9302821277908077, 
                1.0678530187881372, 
                1.217453439200171, 
                1.3775214083649236, 
                1.5458731306665585, 
                1.7197095458055591, 
                1.8956604368320102, 
                2.0698681988456715, 
                2.2381104186180547, 
                2.395957170762981, 
                2.538955698152596, 
                2.6628322455972415, 
                2.7636985851034557, 
                2.83824949196461, 
                2.883937303066725, 
                2.8991107965213154, 
                2.8831079265852892
            ], 
            "correctMedian": 0.9898179507035487
        }, 
        "1.0": {
            "incorrect": [
                2.8831079265852892, 
                2.8991107965212923, 
                2.883937303066715, 
                2.8382494919646026, 
                2.763698585103434, 
                2.6628322455972153, 
                2.538955698152596, 
                2.3959571707629745, 
                2.2381104186180667, 
                2.0698681988456897, 
                1.8956604368320136, 
                1.719709545805556, 
                1.545873130666579, 
                1.3775214083649125, 
                1.2174534392001732, 
                1.0678530187881343, 
                0.9302821277908028, 
                0.8057074111383314, 
                0.6945534138738945, 
                0.5967753023331164, 
                0.5119435295053656, 
                0.43933327556710144, 
                0.37801237324707626, 
                0.3269226508752645, 
                0.2849510267529787, 
                0.25098811329106807, 
                0.22397341132018758, 
                0.20292730165370637, 
                0.18697091677983804, 
                0.1753355795664002, 
                0.16736383644965533, 
                0.16250422007144855, 
                0.16030179504350633, 
                0.16038632121600915, 
                0.16245956231389158, 
                0.16628292008886006, 
                0.17166622328568895, 
                0.1784581753138828, 
                0.1865386834288237, 
                0.1958130654553179, 
                0.2062079602239808, 
                0.2176686519529492, 
                0.23015745012904162, 
                0.24365273644527286, 
                0.2581482900446592, 
                0.27365252346772184, 
                0.2901872976257063, 
                0.30778603015671663, 
                0.32649086513233677, 
                0.3463487326837135, 
                0.36740619563138355, 
                0.3897030583881647, 
                0.4132648030001838, 
                0.43809401897607714, 
                0.46416110639801617, 
                0.49139465186607645, 
                0.5196719970219283, 
                0.5488106293455435, 
                0.5785611114214466, 
                0.6086023130353981, 
                0.63853970540562, 
                0.6679074058783957, 
                0.6961745163622379, 
                0.7227560782497244, 
                0.7470286776422403, 
                0.7683503936694978, 
                0.7860844147667156, 
                0.7996252852691944, 
                0.8084264241249559, 
                0.8120273156377029, 
                0.8100786413691634, 
                0.8023636263859485, 
                0.7888140232099046, 
                0.7695194495959528, 
                0.7447292125985663, 
                0.7148462581297025, 
                0.6804134382446689, 
                0.6420928373617998, 
                0.6006393926012612, 
                0.5568704367097943, 
                0.5116330493417116, 
                0.4657712028198929, 
                0.42009462730719194, 
                0.37535110937633226, 
                0.3322036034986936, 
                0.29121311501740466, 
                0.2528278488805651, 
                0.21737865494083924, 
                0.18508037829539795, 
                0.15603837445415938, 
                0.13025919610590528, 
                0.10766431125494016, 
                0.08810567051246668, 
                0.07138199353228913, 
                0.05725477283804422, 
                0.045463175080422774, 
                0.035737231189266416, 
                0.027808925338586168, 
                0.021420998878464163, 
                0.016333464859508085
            ], 
            "incorrectMedian": 0.010182049296451256, 
            "correct": [
                0.14300028831896577, 
                0.149320672402754, 
                0.15283600109565498, 
                0.15344868162190575, 
                0.15127726553888632, 
                0.14664939044823325, 
                0.14007118444959288, 
                0.13217669485707056, 
                0.12366377338966743, 
                0.11522472666967777, 
                0.10748064415520098, 
                0.1009275962461901, 
                0.0959010198204319, 
                0.0925619069214752, 
                0.09090530731620296, 
                0.09078859249649793, 
                0.09197431940249982, 
                0.09418071592364512, 
                0.09713202639921723, 
                0.10060132172228611, 
                0.10443987229286017, 
                0.1085896252341628, 
                0.11307838749027495, 
                0.11800053061496395, 
                0.12348886206220747, 
                0.12968521848901618, 
                0.13671789966417647, 
                0.1446930452364211, 
                0.15370449467291192, 
                0.1638628874248927, 
                0.1753403430174573, 
                0.18842278078802877, 
                0.20355863336160085, 
                0.2213911375935156, 
                0.24276209349368172, 
                0.26867816547288353, 
                0.3002362373737112, 
                0.33851135407549376, 
                0.3844183264200867, 
                0.43856482266701696, 
                0.5011183484057157, 
                0.5717107660299637, 
                0.6494012362394942, 
                0.7327116760462328, 
                0.819738805636407, 
                0.90833511182152, 
                0.9963395916536226, 
                1.0818300708201527, 
                1.1633639961300204, 
                1.2401749119657735, 
                1.3122973709266186, 
                1.3806027806467631, 
                1.4467408080726456, 
                1.5129932011041731, 
                1.582057112019404, 
                1.6567816789078786, 
                1.7398841099726177, 
                1.8336701653122818, 
                1.9397798718502068, 
                2.0589740748962835, 
                2.190972507748327, 
                2.334350476313346, 
                2.4864993382184486, 
                2.6436553103152893, 
                2.8010008282680428, 
                2.952841556534492, 
                3.092859218552582, 
                3.2144351848133894, 
                3.3110324021158135, 
                3.3766146569739175, 
                3.4060737837180666, 
                3.3956289735768332, 
                3.343159457470957, 
                3.2484337303035633, 
                3.1132056403873847, 
                2.9411596722557616, 
                2.7377032899425995, 
                2.5096212284198347, 
                2.2646226522569823, 
                2.0108246779385794, 
                1.7562228742557322, 
                1.508199857535643, 
                1.2731169171744048, 
                1.0560217903852356, 
                0.8604902207782986, 
                0.6886022861919475, 
                0.5410392203093048, 
                0.4172747079367571, 
                0.31582774779788114, 
                0.23454253494784472, 
                0.1708638866814346, 
                0.1220832951126927, 
                0.085539145910051, 
                0.05876339245488042, 
                0.0395746934715237, 
                0.02612384422796599, 
                0.016900900789804114, 
                0.010714806855802195, 
                0.006655993157194581, 
                0.004050897644200879
            ], 
            "correctMedian": 0.6832850511443332
        }
    }, 
    "perCutData": {
        "fp": [
            292, 
            147, 
            125, 
            118, 
            114, 
            110, 
            110, 
            110, 
            109, 
            106, 
            103, 
            103, 
            103, 
            102, 
            101, 
            101, 
            98, 
            98, 
            95, 
            92, 
            89, 
            87, 
            84, 
            79, 
            75, 
            70, 
            64, 
            57, 
            49, 
            35, 
            15, 
            4, 
            1, 
            0, 
            0, 
            0, 
            0, 
            0, 
            0, 
            0
        ], 
        "f1": [
            0.3452914798206278, 
            0.5066666666666667, 
            0.5415162454873647, 
            0.5555555555555556, 
            0.5639097744360902, 
            0.5725190839694657, 
            0.5725190839694657, 
            0.5725190839694657, 
            0.5692307692307692, 
            0.5758754863813229, 
            0.5826771653543307, 
            0.5826771653543307, 
            0.5826771653543307, 
            0.5793650793650793, 
            0.5816733067729083, 
            0.576, 
            0.5829959514170041, 
            0.5829959514170041, 
            0.5901639344262296, 
            0.5857740585774058, 
            0.5627705627705627, 
            0.5422222222222222, 
            0.5363636363636364, 
            0.5420560747663552, 
            0.5242718446601942, 
            0.5226130653266332, 
            0.48387096774193544, 
            0.47727272727272724, 
            0.41509433962264153, 
            0.34074074074074073, 
            0.23076923076923075, 
            0.07142857142857142, 
            0.0, 
            0.0, 
            0.0, 
            0.0, 
            0.0, 
            0.0, 
            0.0, 
            0.0
        ], 
        "mcc": [
            0.2097387226889919, 
            0.4453612902689021, 
            0.48313479498971756, 
            0.49941661687758926, 
            0.5090097910616408, 
            0.5188290621942502, 
            0.5188290621942502, 
            0.5188290621942502, 
            0.5117791839614659, 
            0.5193618931235819, 
            0.5270872809310682, 
            0.5270872809310682, 
            0.5270872809310682, 
            0.5201817691688432, 
            0.5228111718020934, 
            0.5132940229502679, 
            0.5212983476908049, 
            0.5212983476908049, 
            0.5294635006294914, 
            0.5188014037406968, 
            0.4796365782574615, 
            0.44698362693694876, 
            0.43651254112287846, 
            0.4420630942658961, 
            0.41551489663094066, 
            0.41208039479871506, 
            0.3618127719301387, 
            0.35592653928896867, 
            0.2889272247648435, 
            0.22935842465344689, 
            0.18276061970711804, 
            0.08561557650577697, 
            -0.021601159873157583, 
            0.0, 
            0.0, 
            0.0, 
            0.0, 
            0.0, 
            0.0, 
            0.0
        ], 
        "precision": [
            0.2086720867208672, 
            0.34080717488789236, 
            0.375, 
            0.38860103626943004, 
            0.3968253968253968, 
            0.40540540540540543, 
            0.40540540540540543, 
            0.40540540540540543, 
            0.40437158469945356, 
            0.4111111111111111, 
            0.4180790960451977, 
            0.4180790960451977, 
            0.4180790960451977, 
            0.41714285714285715, 
            0.41954022988505746, 
            0.4161849710982659, 
            0.4235294117647059, 
            0.4235294117647059, 
            0.4311377245508982, 
            0.43209876543209874, 
            0.42207792207792205, 
            0.41216216216216217, 
            0.4125874125874126, 
            0.4233576642335766, 
            0.4186046511627907, 
            0.4262295081967213, 
            0.41284403669724773, 
            0.42424242424242425, 
            0.4024390243902439, 
            0.39655172413793105, 
            0.4444444444444444, 
            0.42857142857142855, 
            0.0, 
            1.0, 
            1.0, 
            1.0, 
            1.0, 
            1.0, 
            1.0, 
            1.0
        ], 
        "hammingLoss": [
            0.6532438478747203, 
            0.33109619686800895, 
            0.2841163310961969, 
            0.2684563758389262, 
            0.2595078299776286, 
            0.2505592841163311, 
            0.2505592841163311, 
            0.2505592841163311, 
            0.2505592841163311, 
            0.24384787472035793, 
            0.2371364653243848, 
            0.2371364653243848, 
            0.2371364653243848, 
            0.2371364653243848, 
            0.2348993288590604, 
            0.2371364653243848, 
            0.23042505592841164, 
            0.23042505592841164, 
            0.22371364653243847, 
            0.2214765100671141, 
            0.22595078299776286, 
            0.23042505592841164, 
            0.22818791946308725, 
            0.21923937360178972, 
            0.21923937360178972, 
            0.21252796420581654, 
            0.21476510067114093, 
            0.2058165548098434, 
            0.2080536912751678, 
            0.19910514541387025, 
            0.1789709172259508, 
            0.174496644295302, 
            0.174496644295302, 
            0.17225950782997762, 
            0.17225950782997762, 
            0.17225950782997762, 
            0.17225950782997762, 
            0.17225950782997762, 
            0.17225950782997762, 
            0.17225950782997762
        ], 
        "fn": [
            0, 
            1, 
            2, 
            2, 
            2, 
            2, 
            2, 
            2, 
            3, 
            3, 
            3, 
            3, 
            3, 
            4, 
            4, 
            5, 
            5, 
            5, 
            5, 
            7, 
            12, 
            16, 
            18, 
            19, 
            23, 
            25, 
            32, 
            35, 
            44, 
            54, 
            65, 
            74, 
            77, 
            77, 
            77, 
            77, 
            77, 
            77, 
            77, 
            77
        ], 
        "cut": [
            0.0, 
            0.025, 
            0.05, 
            0.07500000000000001, 
            0.1, 
            0.125, 
            0.15000000000000002, 
            0.17500000000000002, 
            0.2, 
            0.225, 
            0.25, 
            0.275, 
            0.30000000000000004, 
            0.325, 
            0.35000000000000003, 
            0.375, 
            0.4, 
            0.42500000000000004, 
            0.45, 
            0.47500000000000003, 
            0.5, 
            0.525, 
            0.55, 
            0.5750000000000001, 
            0.6000000000000001, 
            0.625, 
            0.65, 
            0.675, 
            0.7000000000000001, 
            0.7250000000000001, 
            0.75, 
            0.775, 
            0.8, 
            0.8250000000000001, 
            0.8500000000000001, 
            0.875, 
            0.9, 
            0.925, 
            0.9500000000000001, 
            0.9750000000000001
        ], 
        "recall": [
            1.0, 
            0.987012987012987, 
            0.974025974025974, 
            0.974025974025974, 
            0.974025974025974, 
            0.974025974025974, 
            0.974025974025974, 
            0.974025974025974, 
            0.961038961038961, 
            0.961038961038961, 
            0.961038961038961, 
            0.961038961038961, 
            0.961038961038961, 
            0.948051948051948, 
            0.948051948051948, 
            0.935064935064935, 
            0.935064935064935, 
            0.935064935064935, 
            0.935064935064935, 
            0.9090909090909091, 
            0.8441558441558441, 
            0.7922077922077922, 
            0.7662337662337663, 
            0.7532467532467533, 
            0.7012987012987013, 
            0.6753246753246753, 
            0.5844155844155844, 
            0.5454545454545454, 
            0.42857142857142855, 
            0.2987012987012987, 
            0.15584415584415584, 
            0.03896103896103896, 
            0.0, 
            0.0, 
            0.0, 
            0.0, 
            0.0, 
            0.0, 
            0.0, 
            0.0
        ], 
        "tp": [
            77, 
            76, 
            75, 
            75, 
            75, 
            75, 
            75, 
            75, 
            74, 
            74, 
            74, 
            74, 
            74, 
            73, 
            73, 
            72, 
            72, 
            72, 
            72, 
            70, 
            65, 
            61, 
            59, 
            58, 
            54, 
            52, 
            45, 
            42, 
            33, 
            23, 
            12, 
            3, 
            0, 
            0, 
            0, 
            0, 
            0, 
            0, 
            0, 
            0
        ], 
        "tn": [
            78, 
            223, 
            245, 
            252, 
            256, 
            260, 
            260, 
            260, 
            261, 
            264, 
            267, 
            267, 
            267, 
            268, 
            269, 
            269, 
            272, 
            272, 
            275, 
            278, 
            281, 
            283, 
            286, 
            291, 
            295, 
            300, 
            306, 
            313, 
            321, 
            335, 
            355, 
            366, 
            369, 
            370, 
            370, 
            370, 
            370, 
            370, 
            370, 
            370
        ], 
        "accuracy": [
            0.34675615212527966, 
            0.668903803131991, 
            0.7158836689038032, 
            0.7315436241610739, 
            0.7404921700223713, 
            0.7494407158836689, 
            0.7494407158836689, 
            0.7494407158836689, 
            0.7494407158836689, 
            0.756152125279642, 
            0.7628635346756152, 
            0.7628635346756152, 
            0.7628635346756152, 
            0.7628635346756152, 
            0.7651006711409396, 
            0.7628635346756152, 
            0.7695749440715883, 
            0.7695749440715883, 
            0.7762863534675615, 
            0.7785234899328859, 
            0.7740492170022372, 
            0.7695749440715883, 
            0.7718120805369127, 
            0.7807606263982103, 
            0.7807606263982103, 
            0.7874720357941835, 
            0.785234899328859, 
            0.7941834451901566, 
            0.7919463087248322, 
            0.8008948545861297, 
            0.8210290827740492, 
            0.825503355704698, 
            0.825503355704698, 
            0.8277404921700223, 
            0.8277404921700223, 
            0.8277404921700223, 
            0.8277404921700223, 
            0.8277404921700223, 
            0.8277404921700223, 
            0.8277404921700223
        ]
    }, 
    "optimalThreshold": 0.45, 
    "tiMetrics": {
        "logLoss": 0.3570381665739099, 
        "auc": 0.8532467532467533, 
        "lift": 2.413395593170874, 
        "calibrationLoss": 0.09716061201487045
    }, 
    "processed_feature_names": [
        "Age", 
        "Amount_Requested", 
        "Debt_To_Income_Ratio", 
        "Employment_Duration", 
        "FICO_Avg", 
        "Inquiries_in_the_Last_6_Months", 
        "Interest_Rate", 
        "Monthly_Income", 
        "Open_CREDIT_Lines", 
        "Revolving_CREDIT_Balance", 
        "dummy:Loan_Purpose:debt_consolidation", 
        "dummy:Loan_Purpose:credit_card", 
        "dummy:Loan_Purpose:other", 
        "dummy:Loan_Purpose:home_improvement", 
        "dummy:Loan_Purpose:major_purchase", 
        "dummy:Loan_Purpose:small_business", 
        "dummy:Loan_Purpose:car", 
        "dummy:Loan_Purpose:wedding", 
        "dummy:Loan_Purpose:medical", 
        "dummy:Loan_Purpose:moving", 
        "dummy:Loan_Purpose:house", 
        "dummy:Loan_Purpose:vacation", 
        "dummy:Loan_Purpose:educational", 
        "dummy:Loan_Purpose:renewable_energy", 
        "dummy:Loan_Purpose:N/A", 
        "dummy:Loan_Purpose:__Others__", 
        "dummy:State:CA", 
        "dummy:State:NY", 
        "dummy:State:TX", 
        "dummy:State:FL", 
        "dummy:State:IL", 
        "dummy:State:GA", 
        "dummy:State:NJ", 
        "dummy:State:PA", 
        "dummy:State:VA", 
        "dummy:State:MA", 
        "dummy:State:MD", 
        "dummy:State:OH", 
        "dummy:State:WA", 
        "dummy:State:CO", 
        "dummy:State:NC", 
        "dummy:State:AZ", 
        "dummy:State:CT", 
        "dummy:State:AL", 
        "dummy:State:MN", 
        "dummy:State:MI", 
        "dummy:State:MO", 
        "dummy:State:NV", 
        "dummy:State:WI", 
        "dummy:State:KY", 
        "dummy:State:SC", 
        "dummy:State:OR", 
        "dummy:State:KS", 
        "dummy:State:LA", 
        "dummy:State:UT", 
        "dummy:State:OK", 
        "dummy:State:RI", 
        "dummy:State:NH", 
        "dummy:State:NM", 
        "dummy:State:WV", 
        "dummy:State:DC", 
        "dummy:State:HI", 
        "dummy:State:AR", 
        "dummy:State:AK", 
        "dummy:State:DE", 
        "dummy:State:MT", 
        "dummy:State:VT", 
        "dummy:State:WY", 
        "dummy:State:IN", 
        "dummy:State:SD", 
        "dummy:State:N/A", 
        "dummy:State:__Others__", 
        "dummy:Home_Ownership:MORTGAGE", 
        "dummy:Home_Ownership:RENT", 
        "dummy:Home_Ownership:OWN", 
        "dummy:Home_Ownership:N/A", 
        "dummy:Home_Ownership:__Others__", 
        "dummy:Loan_Length:36", 
        "dummy:Loan_Length:N/A", 
        "dummy:Loan_Length:__Others__"
    ], 
    "globalMetrics": {
        "predictionAvg": [
            0.37360178970917224
        ], 
        "predictionStd": [
            0.4843017745022499
        ], 
        "targetStd": [
            0.37802892710005714
        ], 
        "targetAvg": [
            0.17225950782997762
        ], 
        "testWeight": 447
    }
}