{
    "liftVizData": {
        "wizard": {
            "positives": 68, 
            "total": 447
        }, 
        "bins": [
            {
                "cum_lift": 0.5735294118, 
                "bin_pos_prop": 0.3482142857, 
                "bin_min": 0.7002014304, 
                "percentile_idx": 0, 
                "cum_size": 0.2505592841, 
                "bin_lift": 2.2889968487, 
                "bin_max": 0.863557241
            }, 
            {
                "cum_lift": 1.0, 
                "bin_pos_prop": 0.2660550459, 
                "bin_min": 0.0340136054, 
                "percentile_idx": 1, 
                "cum_size": 0.4944071588, 
                "bin_lift": 1.7489206692, 
                "bin_max": 0.7002014304
            }, 
            {
                "cum_lift": 1.0, 
                "bin_pos_prop": 0.0, 
                "bin_min": 0.0025732682, 
                "percentile_idx": 2, 
                "cum_size": 0.74049217, 
                "bin_lift": 0.0, 
                "bin_max": 0.0340136054
            }, 
            {
                "cum_lift": 1.0, 
                "bin_pos_prop": 0.0, 
                "bin_min": 0.0, 
                "percentile_idx": 3, 
                "cum_size": 1.0, 
                "bin_lift": 0.0, 
                "bin_max": 0.0025732682
            }
        ]
    }, 
    "usedThreshold": 0.4, 
    "probaPercentiles": [
        0.0, 
        0.0, 
        0.0, 
        0.0, 
        0.0, 
        0.0, 
        0.0, 
        0.0, 
        0.0, 
        0.0, 
        0.0, 
        0.0, 
        0.0, 
        0.0, 
        0.0, 
        0.0, 
        0.0, 
        0.0, 
        0.0, 
        0.0, 
        0.0, 
        0.0005036572076896131, 
        0.0011530444129094978, 
        0.001623976948538156, 
        0.0025732682492513644, 
        0.0036424593271139247, 
        0.004693001570668239, 
        0.0049331207892993265, 
        0.005695734957223724, 
        0.005714347669815589, 
        0.005991721544302487, 
        0.006346871037784399, 
        0.006802721088435373, 
        0.006802721088435374, 
        0.006802721088435374, 
        0.006802721088435374, 
        0.0068127942325891715, 
        0.007369584314821159, 
        0.007955765501344872, 
        0.010055915749527886, 
        0.012886940022376132, 
        0.013605442176870748, 
        0.013605442176870748, 
        0.014206092446774884, 
        0.015582298379910004, 
        0.019324443024834305, 
        0.024712471678380553, 
        0.027210884353741496, 
        0.030402101317180803, 
        0.034013605442176874, 
        0.039375080631214296, 
        0.04824277881187758, 
        0.05302749473025037, 
        0.08155479140299302, 
        0.21814444263155439, 
        0.36942377908287455, 
        0.40710744121696985, 
        0.45539418743789956, 
        0.4795437177788378, 
        0.506225660908899, 
        0.5270237832114318, 
        0.5557797444141608, 
        0.5717367671463959, 
        0.5856797318723184, 
        0.595133430851032, 
        0.6019741810910898, 
        0.6125612444719348, 
        0.6336388274527381, 
        0.6479309770256172, 
        0.6602021941017188, 
        0.67714960712634, 
        0.6877016272867754, 
        0.6920082853375285, 
        0.6968572952149407, 
        0.7002014303887509, 
        0.7045353888677878, 
        0.7105842986555653, 
        0.7136621368885275, 
        0.7186600719144306, 
        0.7229771848069797, 
        0.7307539143306638, 
        0.7350824165750238, 
        0.7413478548113657, 
        0.7430904520691907, 
        0.7450442205932931, 
        0.7470071580106052, 
        0.7509950702355429, 
        0.753772130709472, 
        0.7562432798608302, 
        0.7612830618707185, 
        0.7646365300474413, 
        0.7688750713041832, 
        0.7730779590407691, 
        0.7740296805134048, 
        0.7767945710079425, 
        0.7811473852182212, 
        0.7865004545428389, 
        0.7925872502273301, 
        0.8035236470871752
    ], 
    "probaDistribData": {
        "probaDistribs": [
            [
                243.0, 
                1.0, 
                4.0, 
                4.0, 
                7.0, 
                18.0, 
                29.0, 
                68.0, 
                5.0, 
                0.0
            ], 
            [
                1.0, 
                0.0, 
                0.0, 
                0.0, 
                5.0, 
                10.0, 
                11.0, 
                40.0, 
                1.0, 
                0.0
            ]
        ], 
        "bins": [
            0.0, 
            0.1, 
            0.2, 
            0.3, 
            0.4, 
            0.5, 
            0.6, 
            0.7, 
            0.8, 
            0.9, 
            1.0
        ]
    }, 
    "rocVizData": [
        [
            {
                "y": 0.0, 
                "x": 0.0, 
                "p": 1.8635572409588428
            }, 
            {
                "y": 0.04411764705882353, 
                "x": 0.0158311345646438, 
                "p": 0.7934438575454964
            }, 
            {
                "y": 0.08823529411764706, 
                "x": 0.029023746701846966, 
                "p": 0.7842882133019278
            }, 
            {
                "y": 0.1323529411764706, 
                "x": 0.044854881266490766, 
                "p": 0.7755005633119835
            }, 
            {
                "y": 0.16176470588235295, 
                "x": 0.06596306068601583, 
                "p": 0.7712973806843324
            }, 
            {
                "y": 0.20588235294117646, 
                "x": 0.07651715039577836, 
                "p": 0.7620734425710115
            }, 
            {
                "y": 0.25, 
                "x": 0.08443271767810026, 
                "p": 0.7585975497512708
            }, 
            {
                "y": 0.29411764705882354, 
                "x": 0.10290237467018469, 
                "p": 0.7509845518334353
            }, 
            {
                "y": 0.3235294117647059, 
                "x": 0.13192612137203166, 
                "p": 0.7433340123081242
            }, 
            {
                "y": 0.36764705882352944, 
                "x": 0.1424802110817942, 
                "p": 0.7381881171360645
            }, 
            {
                "y": 0.4117647058823529, 
                "x": 0.1503957783641161, 
                "p": 0.7323604336426685
            }, 
            {
                "y": 0.45588235294117646, 
                "x": 0.158311345646438, 
                "p": 0.7224355845628025
            }, 
            {
                "y": 0.4852941176470588, 
                "x": 0.17941952506596306, 
                "p": 0.7132732465291055
            }, 
            {
                "y": 0.5441176470588235, 
                "x": 0.18469656992084432, 
                "p": 0.7045790091828293
            }, 
            {
                "y": 0.6029411764705882, 
                "x": 0.19261213720316622, 
                "p": 0.7001317413186257
            }, 
            {
                "y": 0.6470588235294118, 
                "x": 0.21108179419525067, 
                "p": 0.6889921630078566
            }, 
            {
                "y": 0.6764705882352942, 
                "x": 0.23746701846965698, 
                "p": 0.6572750582765242
            }, 
            {
                "y": 0.7205882352941176, 
                "x": 0.24538258575197888, 
                "p": 0.6424957148940466
            }, 
            {
                "y": 0.7647058823529411, 
                "x": 0.26649076517150394, 
                "p": 0.6019441735621861
            }, 
            {
                "y": 0.8235294117647058, 
                "x": 0.2849604221635884, 
                "p": 0.581929730859516
            }, 
            {
                "y": 0.8676470588235294, 
                "x": 0.2955145118733509, 
                "p": 0.5552083002978244
            }, 
            {
                "y": 0.9117647058823529, 
                "x": 0.3034300791556728, 
                "p": 0.5237443369450421
            }, 
            {
                "y": 0.9411764705882353, 
                "x": 0.3245382585751979, 
                "p": 0.46831715118857503
            }, 
            {
                "y": 0.9852941176470589, 
                "x": 0.3324538258575198, 
                "p": 0.4039695894460789
            }, 
            {
                "y": 1.0, 
                "x": 0.40369393139841686, 
                "p": 0.034313978920124
            }, 
            {
                "y": 1.0, 
                "x": 0.46174142480211083, 
                "p": 0.019324443024834305
            }, 
            {
                "y": 1.0, 
                "x": 0.5118733509234829, 
                "p": 0.013605442176870748
            }, 
            {
                "y": 1.0, 
                "x": 0.5620052770448549, 
                "p": 0.007306378296124988
            }, 
            {
                "y": 1.0, 
                "x": 0.6147757255936676, 
                "p": 0.006802721088435374
            }, 
            {
                "y": 1.0, 
                "x": 0.6675461741424802, 
                "p": 0.005695734957223724
            }, 
            {
                "y": 1.0, 
                "x": 0.7176781002638523, 
                "p": 0.0016114809445592702
            }, 
            {
                "y": 1.0, 
                "x": 1.0, 
                "p": 0.0
            }
        ]
    ], 
    "calibrationData": [
        {
            "y": 0, 
            "x": 0, 
            "n": 0
        }, 
        {
            "y": 0.004098360655737705, 
            "x": 0.009839572624532503, 
            "n": 244.0
        }, 
        {
            "y": 0.0, 
            "x": 0.10541514273880541, 
            "n": 1.0
        }, 
        {
            "y": 0.0, 
            "x": 0.2388477352681245, 
            "n": 4.0
        }, 
        {
            "y": 0.0, 
            "x": 0.37342323342947636, 
            "n": 4.0
        }, 
        {
            "y": 0.4166666666666667, 
            "x": 0.44663081820420225, 
            "n": 12.0
        }, 
        {
            "y": 0.35714285714285715, 
            "x": 0.5568155722532743, 
            "n": 28.0
        }, 
        {
            "y": 0.275, 
            "x": 0.6575479092158034, 
            "n": 40.0
        }, 
        {
            "y": 0.37037037037037035, 
            "x": 0.7487378362087003, 
            "n": 108.0
        }, 
        {
            "y": 0.16666666666666666, 
            "x": 0.8224466117512557, 
            "n": 6.0
        }, 
        {
            "y": 1, 
            "x": 1, 
            "n": 0
        }
    ], 
    "metrics": {}, 
    "densityData": {
        "0.0": {
            "incorrect": [
                0.0012974855456210678, 
                0.002462154146434297, 
                0.004543317524073575, 
                0.008153539216426597, 
                0.014233189571064498, 
                0.02417170316016961, 
                0.039941659300521445, 
                0.0642278803428286, 
                0.10052305116895632, 
                0.15315135523022153, 
                0.22717567412524325, 
                0.3281460408697459, 
                0.461660874885001, 
                0.6327397305636083, 
                0.8450451004073973, 
                1.1000351753960098, 
                1.3961694498862645, 
                1.7283128728433461, 
                2.0874815717827495, 
                2.4610388740379285, 
                2.8333871685859813, 
                3.1871201342164515, 
                3.504517932879082, 
                3.769203284641185, 
                3.967742994497394, 
                4.090983588709615, 
                4.134948245053819, 
                4.101185070387984, 
                3.996530776231091, 
                3.8323267095747067, 
                3.623187333507223, 
                3.385469765740738, 
                3.1356244106384312, 
                2.888619199660464, 
                2.6566213971450106, 
                2.4480897243150364, 
                2.267376385415273, 
                2.114868215100386, 
                1.9876180945433084, 
                1.8803450626051934, 
                1.7866280454307288, 
                1.70009499785756, 
                1.6154217863940763, 
                1.5290010235148133, 
                1.4392105721417423, 
                1.3462896698018976, 
                1.2519010690911785, 
                1.1585061627461943, 
                1.0686983981180007, 
                0.984627484693105, 
                0.9076092163483651, 
                0.8379644342715522, 
                0.7750787308620818, 
                0.7176332112672943, 
                0.6639329692446195, 
                0.612255520117178, 
                0.5611531022689944, 
                0.5096643732622517, 
                0.45741576248328303, 
                0.40461502166856583, 
                0.3519560318534525, 
                0.30046364880318777, 
                0.2513108380410223, 
                0.20563878936016983, 
                0.1644053985465416, 
                0.1282796310455552, 
                0.09759001232122322, 
                0.07232615224748438, 
                0.0521842468525957, 
                0.036642181788738, 
                0.025047917805908947, 
                0.01670620520463417, 
                0.010952508716608212, 
                0.007207988868239633, 
                0.005014077164885363, 
                0.004048532987877254, 
                0.004126392440564123, 
                0.005189047052887556, 
                0.007283449178007649, 
                0.010532020350787628, 
                0.015093126823370254, 
                0.021112613871554612, 
                0.0286690186535365, 
                0.03771827741768735, 
                0.04804700121874856, 
                0.05924535598882335, 
                0.07070994913862255, 
                0.08168317392259612, 
                0.09132848732810263, 
                0.09883255224002928, 
                0.10351739207892904, 
                0.10494119793487383, 
                0.10296699370351811, 
                0.09778434848548677, 
                0.08987935566894327, 
                0.07995945804339095, 
                0.06884921929589055, 
                0.05737827458738265, 
                0.04628233219860763, 
                0.03613285449097446
            ], 
            "incorrectMedian": 0.28910136643650974, 
            "correct": [
                0.059884446051471626, 
                0.07341054681156653, 
                0.0892839717684473, 
                0.10773508152885004, 
                0.12897585792572955, 
                0.15318898838197234, 
                0.18051612356589308, 
                0.21104577466945995, 
                0.24480142507308453, 
                0.281730517911621, 
                0.3216950352846194, 
                0.3644643967982343, 
                0.40971136725480706, 
                0.45701157141273646, 
                0.5058470678444325, 
                0.5556142388468748, 
                0.6056360188670493, 
                0.6551782243149126, 
                0.7034694809303876, 
                0.7497239913053246, 
                0.7931661655210326, 
                0.8330559715054681, 
                0.8687137646248566, 
                0.8995433391030297, 
                0.9250520116022657, 
                0.9448666971600073, 
                0.9587451600077626, 
                0.9665819006816276, 
                0.968408455366828, 
                0.9643882097282724, 
                0.9548061428699525, 
                0.9400541943452296, 
                0.9206131687219504, 
                0.8970322437792361, 
                0.8699072220886424, 
                0.8398586604561141, 
                0.8075109329683684, 
                0.7734731423909783, 
                0.7383226068213358, 
                0.7025914317928064, 
                0.6667564511185832, 
                0.6312326003014989, 
                0.5963695894369647, 
                0.5624515797517317, 
                0.5296994466077988, 
                0.49827513501699083, 
                0.4682875805306162, 
                0.4397996745421058, 
                0.4128357919030658, 
                0.38738946221236126, 
                0.36343084565913514, 
                0.340913761747036, 
                0.31978210751007174, 
                0.2999755853013372, 
                0.28143473483218084, 
                0.2641053272931612, 
                0.24794222975444766, 
                0.23291288511153307, 
                0.21900057650135726, 
                0.20620765525183773, 
                0.19455890762515632, 
                0.18410521699206445, 
                0.17492764332050684, 
                0.16714198946602157, 
                0.160903852416081, 
                0.15641406684918377, 
                0.15392433904336744, 
                0.1537427443369783, 
                0.15623862672620678, 
                0.1618463035790089, 
                0.17106685382232498, 
                0.18446716914836056, 
                0.20267539169651058, 
                0.2263718660131852, 
                0.2562748146304722, 
                0.2931201189988382, 
                0.3376348589641875, 
                0.39050463490191484, 
                0.45233515759184606, 
                0.5236091213194007, 
                0.60463994330357, 
                0.6955245144276443, 
                0.7960976109894229, 
                0.9058910087131248, 
                1.0241005628632494, 
                1.1495645226058742, 
                1.2807560970950522, 
                1.4157927671043475, 
                1.552464044833429, 
                1.6882783576028753, 
                1.8205285269471616, 
                1.9463740154983977, 
                2.0629368205942775, 
                2.1674067160785055, 
                2.257150591961263, 
                2.3298200131855613, 
                2.3834508884937327, 
                2.416549350989272, 
                2.428158607755589, 
                2.4179025804079948
            ], 
            "correctMedian": 0.9863945578231292
        }, 
        "1.0": {
            "incorrect": [
                2.4179025804079863, 
                2.4281586077555932, 
                2.416549350989268, 
                2.383450888493728, 
                2.329820013185545, 
                2.257150591961267, 
                2.167406716078517, 
                2.062936820594288, 
                1.946374015498384, 
                1.8205285269471714, 
                1.6882783576028633, 
                1.5524640448334317, 
                1.4157927671043626, 
                1.2807560970950385, 
                1.1495645226058762, 
                1.0241005628632438, 
                0.9058910087131232, 
                0.7960976109894243, 
                0.6955245144276394, 
                0.6046399433035677, 
                0.5236091213194017, 
                0.4523351575918452, 
                0.390504634901919, 
                0.3376348589641884, 
                0.2931201189988382, 
                0.2562748146304708, 
                0.2263718660131854, 
                0.20267539169651114, 
                0.18446716914835992, 
                0.1710668538223256, 
                0.16184630357900961, 
                0.15623862672620636, 
                0.15374274433697857, 
                0.15392433904336758, 
                0.15641406684918308, 
                0.16090385241608143, 
                0.16714198946602188, 
                0.17492764332050714, 
                0.1841052169920641, 
                0.19455890762515668, 
                0.20620765525183735, 
                0.21900057650135785, 
                0.23291288511153327, 
                0.24794222975444832, 
                0.26410532729316266, 
                0.28143473483218084, 
                0.2999755853013364, 
                0.3197821075100712, 
                0.3409137617470351, 
                0.3634308456591358, 
                0.3873894622123616, 
                0.41283579190306613, 
                0.43979967454210656, 
                0.4682875805306162, 
                0.4982751350169904, 
                0.5296994466077964, 
                0.5624515797517307, 
                0.5963695894369636, 
                0.6312326003014865, 
                0.6667564511185867, 
                0.7025914317928051, 
                0.7383226068213371, 
                0.7734731423909783, 
                0.8075109329683713, 
                0.8398586604561156, 
                0.869907222088647, 
                0.8970322437792329, 
                0.9206131687219504, 
                0.940054194345228, 
                0.9548061428699525, 
                0.9643882097282777, 
                0.968408455366828, 
                0.9665819006816294, 
                0.9587451600077592, 
                0.9448666971600106, 
                0.9250520116022657, 
                0.8995433391030329, 
                0.8687137646248613, 
                0.8330559715054665, 
                0.7931661655210368, 
                0.7497239913053233, 
                0.7034694809303902, 
                0.6551782243149126, 
                0.6056360188670472, 
                0.5556142388468758, 
                0.5058470678444325, 
                0.4570115714127381, 
                0.40971136725480634, 
                0.3644643967982343, 
                0.32169503528462057, 
                0.281730517911621, 
                0.24480142507308494, 
                0.21104577466945937, 
                0.1805161235658926, 
                0.15318898838197179, 
                0.12897585792572938, 
                0.10773508152885014, 
                0.08928397176844725, 
                0.07341054681156649, 
                0.059884446051471626
            ], 
            "incorrectMedian": 0.013605442176870748, 
            "correct": [
                0.03613285449097443, 
                0.046282332198607674, 
                0.057378274587382753, 
                0.06884921929589058, 
                0.07995945804339107, 
                0.0898793556689434, 
                0.09778434848548681, 
                0.10296699370351821, 
                0.10494119793487387, 
                0.10351739207892904, 
                0.09883255224002928, 
                0.09132848732810263, 
                0.08168317392259605, 
                0.07070994913862255, 
                0.05924535598882324, 
                0.04804700121874854, 
                0.03771827741768728, 
                0.0286690186535364, 
                0.02111261387155459, 
                0.0150931268233702, 
                0.010532020350787609, 
                0.007283449178007637, 
                0.005189047052887556, 
                0.004126392440564123, 
                0.004048532987877268, 
                0.00501407716488539, 
                0.007207988868239691, 
                0.01095250871660828, 
                0.01670620520463429, 
                0.025047917805909124, 
                0.03664218178873816, 
                0.052184246852596, 
                0.0723261522474846, 
                0.09759001232122365, 
                0.12827963104555548, 
                0.1644053985465421, 
                0.20563878936017038, 
                0.2513108380410226, 
                0.30046364880318827, 
                0.35195603185345264, 
                0.40461502166856617, 
                0.45741576248328303, 
                0.5096643732622519, 
                0.5611531022689946, 
                0.6122555201171778, 
                0.6639329692446195, 
                0.7176332112672936, 
                0.7750787308620818, 
                0.837964434271553, 
                0.9076092163483651, 
                0.984627484693105, 
                1.0686983981180016, 
                1.1585061627461943, 
                1.2519010690911774, 
                1.3462896698018976, 
                1.4392105721417423, 
                1.5290010235148133, 
                1.6154217863940763, 
                1.70009499785756, 
                1.7866280454307273, 
                1.8803450626051919, 
                1.9876180945433084, 
                2.114868215100384, 
                2.267376385415277, 
                2.4480897243150386, 
                2.6566213971450106, 
                2.888619199660464, 
                3.1356244106384312, 
                3.385469765740744, 
                3.6231873335072295, 
                3.8323267095747067, 
                3.9965307762310944, 
                4.1011850703879915, 
                4.134948245053826, 
                4.090983588709618, 
                3.967742994497394, 
                3.7692032846411916, 
                3.504517932879088, 
                3.1871201342164484, 
                2.833387168585979, 
                2.4610388740379263, 
                2.0874815717827477, 
                1.7283128728433415, 
                1.396169449886262, 
                1.1000351753960078, 
                0.8450451004073936, 
                0.6327397305636063, 
                0.4616608748849985, 
                0.32814604086974475, 
                0.22717567412524173, 
                0.15315135523022083, 
                0.10052305116895588, 
                0.06422788034282809, 
                0.03994165930052125, 
                0.024171703160169394, 
                0.014233189571064422, 
                0.008153539216426569, 
                0.004543317524073539, 
                0.002462154146434288, 
                0.0012974855456210667
            ], 
            "correctMedian": 0.7108986335634901
        }
    }, 
    "perCutData": {
        "fp": [
            281, 
            169, 
            145, 
            139, 
            136, 
            135, 
            135, 
            135, 
            135, 
            134, 
            132, 
            131, 
            131, 
            131, 
            130, 
            130, 
            127, 
            125, 
            123, 
            122, 
            120, 
            115, 
            112, 
            109, 
            102, 
            95, 
            91, 
            86, 
            73, 
            60, 
            40, 
            17, 
            5, 
            2, 
            1, 
            0, 
            0, 
            0, 
            0, 
            0
        ], 
        "f1": [
            0.32613908872901676, 
            0.44590163934426225, 
            0.48398576512455516, 
            0.4945454545454545, 
            0.4944649446494465, 
            0.4962962962962963, 
            0.4962962962962963, 
            0.4962962962962963, 
            0.4962962962962963, 
            0.49814126394052044, 
            0.50187265917603, 
            0.5037593984962405, 
            0.5037593984962405, 
            0.5037593984962405, 
            0.5056603773584906, 
            0.5056603773584906, 
            0.5114503816793893, 
            0.5038759689922481, 
            0.5078125, 
            0.49206349206349204, 
            0.496, 
            0.4938271604938271, 
            0.49372384937238495, 
            0.48068669527896996, 
            0.4684684684684685, 
            0.46226415094339623, 
            0.448780487804878, 
            0.4522613065326634, 
            0.45054945054945056, 
            0.3694267515923567, 
            0.3125, 
            0.19148936170212766, 
            0.02702702702702703, 
            0.0, 
            0.0, 
            0.0, 
            0.0, 
            0.0, 
            0.0, 
            0.0
        ], 
        "mcc": [
            0.22445804488895185, 
            0.3987221162762549, 
            0.44396933904958846, 
            0.45609498764801, 
            0.4518778522280605, 
            0.4539735963042579, 
            0.4539735963042579, 
            0.4539735963042579, 
            0.4539735963042579, 
            0.456080425005342, 
            0.46032796401891024, 
            0.4624689944966371, 
            0.4624689944966371, 
            0.4624689944966371, 
            0.46462175005032663, 
            0.46462175005032663, 
            0.47115204748355055, 
            0.4548325593581157, 
            0.45931579164651215, 
            0.43046701730826453, 
            0.4350468627065916, 
            0.4259820364833698, 
            0.4227835872209927, 
            0.3988558645684979, 
            0.3745335076450135, 
            0.3611631086590581, 
            0.3399248286811096, 
            0.3431121691653059, 
            0.33808956939250673, 
            0.24117390478369632, 
            0.1986694549181129, 
            0.13425941884706186, 
            0.004722757275828169, 
            -0.0283968288359266, 
            -0.020057066850393972, 
            0.0, 
            0.0, 
            0.0, 
            0.0, 
            0.0
        ], 
        "precision": [
            0.19484240687679083, 
            0.2869198312236287, 
            0.3192488262910798, 
            0.3285024154589372, 
            0.33004926108374383, 
            0.3316831683168317, 
            0.3316831683168317, 
            0.3316831683168317, 
            0.3316831683168317, 
            0.3333333333333333, 
            0.33668341708542715, 
            0.3383838383838384, 
            0.3383838383838384, 
            0.3383838383838384, 
            0.3401015228426396, 
            0.3401015228426396, 
            0.34536082474226804, 
            0.34210526315789475, 
            0.34574468085106386, 
            0.33695652173913043, 
            0.34065934065934067, 
            0.34285714285714286, 
            0.34502923976608185, 
            0.3393939393939394, 
            0.33766233766233766, 
            0.3402777777777778, 
            0.3357664233576642, 
            0.3435114503816794, 
            0.35964912280701755, 
            0.3258426966292135, 
            0.3333333333333333, 
            0.34615384615384615, 
            0.16666666666666666, 
            0.0, 
            0.0, 
            1.0, 
            1.0, 
            1.0, 
            1.0, 
            1.0
        ], 
        "hammingLoss": [
            0.6286353467561522, 
            0.378076062639821, 
            0.3243847874720358, 
            0.31096196868008946, 
            0.30648769574944074, 
            0.3042505592841163, 
            0.3042505592841163, 
            0.3042505592841163, 
            0.3042505592841163, 
            0.30201342281879195, 
            0.2975391498881432, 
            0.2953020134228188, 
            0.2953020134228188, 
            0.2953020134228188, 
            0.2930648769574944, 
            0.2930648769574944, 
            0.28635346756152125, 
            0.28635346756152125, 
            0.28187919463087246, 
            0.28635346756152125, 
            0.28187919463087246, 
            0.2751677852348993, 
            0.27069351230425054, 
            0.27069351230425054, 
            0.2639821029082774, 
            0.2550335570469799, 
            0.25279642058165547, 
            0.24384787472035793, 
            0.22371364653243847, 
            0.2214765100671141, 
            0.19686800894854586, 
            0.17002237136465326, 
            0.1610738255033557, 
            0.15659955257270694, 
            0.15436241610738255, 
            0.15212527964205816, 
            0.15212527964205816, 
            0.15212527964205816, 
            0.15212527964205816, 
            0.15212527964205816
        ], 
        "fn": [
            0, 
            0, 
            0, 
            0, 
            1, 
            1, 
            1, 
            1, 
            1, 
            1, 
            1, 
            1, 
            1, 
            1, 
            1, 
            1, 
            1, 
            3, 
            3, 
            6, 
            6, 
            8, 
            9, 
            12, 
            16, 
            19, 
            22, 
            23, 
            27, 
            39, 
            48, 
            59, 
            67, 
            68, 
            68, 
            68, 
            68, 
            68, 
            68, 
            68
        ], 
        "cut": [
            0.0, 
            0.025, 
            0.05, 
            0.07500000000000001, 
            0.1, 
            0.125, 
            0.15000000000000002, 
            0.17500000000000002, 
            0.2, 
            0.225, 
            0.25, 
            0.275, 
            0.30000000000000004, 
            0.325, 
            0.35000000000000003, 
            0.375, 
            0.4, 
            0.42500000000000004, 
            0.45, 
            0.47500000000000003, 
            0.5, 
            0.525, 
            0.55, 
            0.5750000000000001, 
            0.6000000000000001, 
            0.625, 
            0.65, 
            0.675, 
            0.7000000000000001, 
            0.7250000000000001, 
            0.75, 
            0.775, 
            0.8, 
            0.8250000000000001, 
            0.8500000000000001, 
            0.875, 
            0.9, 
            0.925, 
            0.9500000000000001, 
            0.9750000000000001
        ], 
        "recall": [
            1.0, 
            1.0, 
            1.0, 
            1.0, 
            0.9852941176470589, 
            0.9852941176470589, 
            0.9852941176470589, 
            0.9852941176470589, 
            0.9852941176470589, 
            0.9852941176470589, 
            0.9852941176470589, 
            0.9852941176470589, 
            0.9852941176470589, 
            0.9852941176470589, 
            0.9852941176470589, 
            0.9852941176470589, 
            0.9852941176470589, 
            0.9558823529411765, 
            0.9558823529411765, 
            0.9117647058823529, 
            0.9117647058823529, 
            0.8823529411764706, 
            0.8676470588235294, 
            0.8235294117647058, 
            0.7647058823529411, 
            0.7205882352941176, 
            0.6764705882352942, 
            0.6617647058823529, 
            0.6029411764705882, 
            0.4264705882352941, 
            0.29411764705882354, 
            0.1323529411764706, 
            0.014705882352941176, 
            0.0, 
            0.0, 
            0.0, 
            0.0, 
            0.0, 
            0.0, 
            0.0
        ], 
        "tp": [
            68, 
            68, 
            68, 
            68, 
            67, 
            67, 
            67, 
            67, 
            67, 
            67, 
            67, 
            67, 
            67, 
            67, 
            67, 
            67, 
            67, 
            65, 
            65, 
            62, 
            62, 
            60, 
            59, 
            56, 
            52, 
            49, 
            46, 
            45, 
            41, 
            29, 
            20, 
            9, 
            1, 
            0, 
            0, 
            0, 
            0, 
            0, 
            0, 
            0
        ], 
        "tn": [
            98, 
            210, 
            234, 
            240, 
            243, 
            244, 
            244, 
            244, 
            244, 
            245, 
            247, 
            248, 
            248, 
            248, 
            249, 
            249, 
            252, 
            254, 
            256, 
            257, 
            259, 
            264, 
            267, 
            270, 
            277, 
            284, 
            288, 
            293, 
            306, 
            319, 
            339, 
            362, 
            374, 
            377, 
            378, 
            379, 
            379, 
            379, 
            379, 
            379
        ], 
        "accuracy": [
            0.3713646532438479, 
            0.6219239373601789, 
            0.6756152125279642, 
            0.6890380313199105, 
            0.6935123042505593, 
            0.6957494407158836, 
            0.6957494407158836, 
            0.6957494407158836, 
            0.6957494407158836, 
            0.697986577181208, 
            0.7024608501118568, 
            0.7046979865771812, 
            0.7046979865771812, 
            0.7046979865771812, 
            0.7069351230425056, 
            0.7069351230425056, 
            0.7136465324384788, 
            0.7136465324384788, 
            0.7181208053691275, 
            0.7136465324384788, 
            0.7181208053691275, 
            0.7248322147651006, 
            0.7293064876957495, 
            0.7293064876957495, 
            0.7360178970917226, 
            0.7449664429530202, 
            0.7472035794183445, 
            0.756152125279642, 
            0.7762863534675615, 
            0.7785234899328859, 
            0.8031319910514542, 
            0.8299776286353467, 
            0.8389261744966443, 
            0.843400447427293, 
            0.8456375838926175, 
            0.8478747203579419, 
            0.8478747203579419, 
            0.8478747203579419, 
            0.8478747203579419, 
            0.8478747203579419
        ]
    }, 
    "optimalThreshold": 0.4, 
    "tiMetrics": {
        "logLoss": 0.42059618430794476, 
        "auc": 0.8241890423715661, 
        "lift": 2.289656311962988, 
        "calibrationLoss": 0.1566130714298357
    }, 
    "processed_feature_names": [
        "Age", 
        "Amount_Requested", 
        "Debt_To_Income_Ratio", 
        "Employment_Duration", 
        "FICO_Avg", 
        "Inquiries_in_the_Last_6_Months", 
        "Interest_Rate", 
        "Monthly_Income", 
        "Open_CREDIT_Lines", 
        "Revolving_CREDIT_Balance", 
        "dummy:Loan_Purpose:debt_consolidation", 
        "dummy:Loan_Purpose:credit_card", 
        "dummy:Loan_Purpose:other", 
        "dummy:Loan_Purpose:home_improvement", 
        "dummy:Loan_Purpose:major_purchase", 
        "dummy:Loan_Purpose:small_business", 
        "dummy:Loan_Purpose:car", 
        "dummy:Loan_Purpose:wedding", 
        "dummy:Loan_Purpose:medical", 
        "dummy:Loan_Purpose:moving", 
        "dummy:Loan_Purpose:house", 
        "dummy:Loan_Purpose:vacation", 
        "dummy:Loan_Purpose:educational", 
        "dummy:Loan_Purpose:renewable_energy", 
        "dummy:Loan_Purpose:N/A", 
        "dummy:Loan_Purpose:__Others__", 
        "dummy:State:CA", 
        "dummy:State:NY", 
        "dummy:State:TX", 
        "dummy:State:FL", 
        "dummy:State:PA", 
        "dummy:State:IL", 
        "dummy:State:GA", 
        "dummy:State:NJ", 
        "dummy:State:VA", 
        "dummy:State:MD", 
        "dummy:State:NC", 
        "dummy:State:MA", 
        "dummy:State:OH", 
        "dummy:State:CO", 
        "dummy:State:WA", 
        "dummy:State:CT", 
        "dummy:State:AZ", 
        "dummy:State:MI", 
        "dummy:State:MN", 
        "dummy:State:AL", 
        "dummy:State:NV", 
        "dummy:State:MO", 
        "dummy:State:OR", 
        "dummy:State:SC", 
        "dummy:State:KY", 
        "dummy:State:OK", 
        "dummy:State:WI", 
        "dummy:State:KS", 
        "dummy:State:LA", 
        "dummy:State:RI", 
        "dummy:State:DC", 
        "dummy:State:UT", 
        "dummy:State:NM", 
        "dummy:State:NH", 
        "dummy:State:WV", 
        "dummy:State:HI", 
        "dummy:State:AR", 
        "dummy:State:DE", 
        "dummy:State:MT", 
        "dummy:State:AK", 
        "dummy:State:VT", 
        "dummy:State:IN", 
        "dummy:State:WY", 
        "dummy:State:SD", 
        "dummy:State:N/A", 
        "dummy:State:__Others__", 
        "dummy:Home_Ownership:MORTGAGE", 
        "dummy:Home_Ownership:RENT", 
        "dummy:Home_Ownership:OWN", 
        "dummy:Home_Ownership:N/A", 
        "dummy:Home_Ownership:__Others__", 
        "dummy:Loan_Length:36", 
        "dummy:Loan_Length:N/A", 
        "dummy:Loan_Length:__Others__"
    ], 
    "globalMetrics": {
        "predictionAvg": [
            0.43400447427293065
        ], 
        "predictionStd": [
            0.49618077674234373
        ], 
        "targetStd": [
            0.35954468274284723
        ], 
        "targetAvg": [
            0.15212527964205816
        ], 
        "testWeight": 447
    }
}