{
    "resolved": {
        "xgboost": {
            "enable_early_stopping": true, 
            "colsample_bytree": 0.8409101495517417, 
            "colsample_bylevel": 0.9718740392573121, 
            "scale_pos_weight": 1.0, 
            "learning_rate": 0.2748127815197366, 
            "missing": null, 
            "max_delta_step": 0.6976311959272649, 
            "nthread": 4, 
            "min_child_weight": 4.864140804860369, 
            "impute_missing": false, 
            "n_estimators": 10, 
            "subsample": 0.6790760834847624, 
            "seed": 1337, 
            "early_stopping_rounds": 4, 
            "base_score": 0.5, 
            "objective": "binary_logistic", 
            "alpha": 0.6531400357979377, 
            "booster": "gbtree", 
            "max_depth": 3, 
            "gamma": 0.359507900573786, 
            "lambda": 0.5854547925680226
        }, 
        "skipExpensiveReports": false, 
        "algorithm": "XGBOOST_CLASSIFICATION"
    }, 
    "other": {}
}