{
    "gridSize": 24, 
    "nThreads": 4, 
    "metric": "ROC_AUC", 
    "gridPoints": [
        {
            "scoreTimeMean": 17.666666666666668, 
            "best_iteration": 6, 
            "time": 559, 
            "trainScoreMean": 0.8659445411598876, 
            "finishedAt": 1601323090421, 
            "fitTimeStd": 55.715547401261546, 
            "testScoreStd": 0.008687740445074931, 
            "scoreTimeStd": 5.90668171555645, 
            "parameters": {
                "reg_alpha": 0.02021839744032572, 
                "colsample_bytree": 0.9060843643877465, 
                "colsample_bylevel": 0.738832558660675, 
                "learning_rate": 0.25711391844033193, 
                "max_delta_step": 0.8360787635373775, 
                "min_child_weight": 0.8920818486569332, 
                "subsample": 0.8890783754749252, 
                "reg_lambda": 0.916309922773969, 
                "max_depth": 2, 
                "gamma": 0.4799771723750573, 
                "booster": "gbtree"
            }, 
            "testScoreMean": 0.841017554613278, 
            "score": 0.841017554613278, 
            "trainScoreStd": 0.012432149591866115, 
            "testScoreGibMean": 0.841017554613278, 
            "fitTimeMean": 168.66666666666666
        }, 
        {
            "scoreTimeMean": 30.666666666666668, 
            "best_iteration": 7, 
            "time": 764, 
            "trainScoreMean": 0.8865025158550434, 
            "finishedAt": 1601323090435, 
            "fitTimeStd": 83.09432391365048, 
            "testScoreStd": 0.011369617971126027, 
            "scoreTimeStd": 11.115554667022044, 
            "parameters": {
                "reg_alpha": 0.2975346065444723, 
                "colsample_bytree": 0.8575946831862098, 
                "colsample_bylevel": 0.7744067519636624, 
                "learning_rate": 0.31795327319875877, 
                "max_delta_step": 0.4236547993389047, 
                "min_child_weight": 2.2297176828171494, 
                "subsample": 0.6363281472900566, 
                "reg_lambda": 0.5283564886587215, 
                "max_depth": 3, 
                "gamma": 0.6027633760716439, 
                "booster": "gbtree"
            }, 
            "testScoreMean": 0.8394894267176054, 
            "score": 0.8394894267176054, 
            "trainScoreStd": 0.003390859132983422, 
            "testScoreGibMean": 0.8394894267176054, 
            "fitTimeMean": 224.0
        }, 
        {
            "scoreTimeMean": 38.0, 
            "best_iteration": 6, 
            "time": 989, 
            "trainScoreMean": 0.9065826419087218, 
            "finishedAt": 1601323090740, 
            "fitTimeStd": 26.562295750848715, 
            "testScoreStd": 0.00926151249926269, 
            "scoreTimeStd": 14.89966442575134, 
            "parameters": {
                "reg_alpha": 0.5820197920751071, 
                "colsample_bytree": 0.989309171116382, 
                "colsample_bylevel": 0.9350060741234096, 
                "learning_rate": 0.2845917449011728, 
                "max_delta_step": 0.7805291762864555, 
                "min_child_weight": 3.742846946266625, 
                "subsample": 0.8793078121611786, 
                "reg_lambda": 0.7686866147245053, 
                "max_depth": 4, 
                "gamma": 0.7991585642167236, 
                "booster": "gbtree"
            }, 
            "testScoreMean": 0.8381133940567392, 
            "score": 0.8381133940567392, 
            "trainScoreStd": 0.008254458313996701, 
            "testScoreGibMean": 0.8381133940567392, 
            "fitTimeMean": 291.6666666666667
        }, 
        {
            "scoreTimeMean": 44.0, 
            "best_iteration": 9, 
            "time": 1107, 
            "trainScoreMean": 0.8385024000595691, 
            "finishedAt": 1601323091234, 
            "fitTimeStd": 87.78382538941898, 
            "testScoreStd": 0.0197215017190547, 
            "scoreTimeStd": 19.026297590440446, 
            "parameters": {
                "reg_alpha": 0.6176354970758771, 
                "colsample_bytree": 0.7368002096733287, 
                "colsample_bylevel": 0.5529538035938961, 
                "learning_rate": 0.39476727085158325, 
                "max_delta_step": 0.21655035442437187, 
                "min_child_weight": 0.5845541019635981, 
                "subsample": 0.8084669984373785, 
                "reg_lambda": 0.8060478613612108, 
                "max_depth": 2, 
                "gamma": 0.18633234332675996, 
                "booster": "gbtree"
            }, 
            "testScoreMean": 0.8108327938303049, 
            "score": 0.8108327938303049, 
            "trainScoreStd": 0.021210908125241693, 
            "testScoreGibMean": 0.8108327938303049, 
            "fitTimeMean": 325.0
        }, 
        {
            "scoreTimeMean": 19.0, 
            "best_iteration": 9, 
            "time": 1139, 
            "trainScoreMean": 0.8828443288545103, 
            "finishedAt": 1601323091476, 
            "fitTimeStd": 65.18861522962085, 
            "testScoreStd": 0.009114070116154015, 
            "scoreTimeStd": 0.0, 
            "parameters": {
                "reg_alpha": 0.6531400357979377, 
                "colsample_bytree": 0.8409101495517417, 
                "colsample_bylevel": 0.9718740392573121, 
                "learning_rate": 0.2748127815197366, 
                "max_delta_step": 0.6976311959272649, 
                "min_child_weight": 4.864140804860369, 
                "subsample": 0.6790760834847624, 
                "reg_lambda": 0.5854547925680226, 
                "max_depth": 3, 
                "gamma": 0.359507900573786, 
                "booster": "gbtree"
            }, 
            "testScoreMean": 0.846114420191183, 
            "score": 0.846114420191183, 
            "trainScoreStd": 0.003681603164102363, 
            "testScoreGibMean": 0.846114420191183, 
            "fitTimeMean": 360.6666666666667
        }, 
        {
            "scoreTimeMean": 51.0, 
            "best_iteration": 12, 
            "time": 1813, 
            "trainScoreMean": 0.9079466566185512, 
            "finishedAt": 1601323091876, 
            "fitTimeStd": 101.72293524842644, 
            "testScoreStd": 0.012828258462119664, 
            "scoreTimeStd": 18.708286933869708, 
            "parameters": {
                "reg_alpha": 0.2088767560948347, 
                "colsample_bytree": 0.8039153343577339, 
                "colsample_bylevel": 0.8753430706092281, 
                "learning_rate": 0.11537017058909389, 
                "max_delta_step": 0.634274057957335, 
                "min_child_weight": 0.9592016483661263, 
                "subsample": 0.8265541627326992, 
                "reg_lambda": 0.5806547589424982, 
                "max_depth": 4, 
                "gamma": 0.3250472290083525, 
                "booster": "gbtree"
            }, 
            "testScoreMean": 0.8270302765312257, 
            "score": 0.8270302765312257, 
            "trainScoreStd": 0.014495090583311521, 
            "testScoreGibMean": 0.8270302765312257, 
            "fitTimeMean": 553.3333333333334
        }, 
        {
            "scoreTimeMean": 23.666666666666668, 
            "best_iteration": 0, 
            "time": 792, 
            "trainScoreMean": 0.5268698206071917, 
            "finishedAt": 1601323091976, 
            "fitTimeStd": 162.95670863419184, 
            "testScoreStd": 0.007998054798568991, 
            "scoreTimeStd": 6.018490028422596, 
            "parameters": {
                "reg_alpha": 0.778345482025909, 
                "colsample_bytree": 0.7331553864281531, 
                "colsample_bylevel": 0.626645801269891, 
                "learning_rate": 0.16358783345820788, 
                "max_delta_step": 0.11037514116430513, 
                "min_child_weight": 1.9274078393118323, 
                "subsample": 0.8312634334750222, 
                "reg_lambda": 0.9747855267253711, 
                "max_depth": 3, 
                "gamma": 0.24442559200160274, 
                "booster": "gbtree"
            }, 
            "testScoreMean": 0.50565927313487, 
            "score": 0.50565927313487, 
            "trainScoreStd": 0.03797418723614514, 
            "testScoreGibMean": 0.50565927313487, 
            "fitTimeMean": 240.33333333333334
        }, 
        {
            "scoreTimeMean": 20.333333333333332, 
            "best_iteration": 5, 
            "time": 921, 
            "trainScoreMean": 0.872126656108282, 
            "finishedAt": 1601323092259, 
            "fitTimeStd": 46.13265895460852, 
            "testScoreStd": 0.010926163586074823, 
            "scoreTimeStd": 1.8856180831641267, 
            "parameters": {
                "reg_alpha": 0.604845519745046, 
                "colsample_bytree": 0.8114230477733347, 
                "colsample_bylevel": 0.5067858178060549, 
                "learning_rate": 0.48877800099986635, 
                "max_delta_step": 0.878193471347177, 
                "min_child_weight": 4.895424896856517, 
                "subsample": 0.5195938961271603, 
                "reg_lambda": 0.8696317896991508, 
                "max_depth": 4, 
                "gamma": 0.6736596308357894, 
                "booster": "gbtree"
            }, 
            "testScoreMean": 0.8310270227717501, 
            "score": 0.8310270227717501, 
            "trainScoreStd": 0.011772983392346866, 
            "testScoreGibMean": 0.8310270227717501, 
            "fitTimeMean": 286.6666666666667
        }, 
        {
            "scoreTimeMean": 20.0, 
            "best_iteration": 20, 
            "time": 1696, 
            "trainScoreMean": 0.9105523737810646, 
            "finishedAt": 1601323092982, 
            "fitTimeStd": 163.83392675375742, 
            "testScoreStd": 0.010199597376778974, 
            "scoreTimeStd": 4.898979485566356, 
            "parameters": {
                "reg_alpha": 0.21682213762754288, 
                "colsample_bytree": 0.5600982806065844, 
                "colsample_bylevel": 0.6414034812882048, 
                "learning_rate": 0.14749108758169763, 
                "max_delta_step": 0.317983179393976, 
                "min_child_weight": 4.6320595986296516, 
                "subsample": 0.9325512806526925, 
                "reg_lambda": 0.7825944333024377, 
                "max_depth": 5, 
                "gamma": 0.29614019752214493, 
                "booster": "gbtree"
            }, 
            "testScoreMean": 0.8308806426564147, 
            "score": 0.8308806426564147, 
            "trainScoreStd": 0.0025040239204239443, 
            "testScoreGibMean": 0.8308806426564147, 
            "fitTimeMean": 545.3333333333334
        }, 
        {
            "scoreTimeMean": 23.0, 
            "best_iteration": 7, 
            "time": 816, 
            "trainScoreMean": 0.532825008078637, 
            "finishedAt": 1601323093203, 
            "fitTimeStd": 66.2872536767062, 
            "testScoreStd": 0.008215432611654958, 
            "scoreTimeStd": 2.8284271247461903, 
            "parameters": {
                "reg_alpha": 0.7037372792899163, 
                "colsample_bytree": 0.7932564674050415, 
                "colsample_bylevel": 0.5915956810035584, 
                "learning_rate": 0.43157601168694526, 
                "max_delta_step": 0.004695476192547066, 
                "min_child_weight": 3.06328282665488, 
                "subsample": 0.716644030991022, 
                "reg_lambda": 0.6442382185242643, 
                "max_depth": 3, 
                "gamma": 0.020107546187493552, 
                "booster": "gbtree"
            }, 
            "testScoreMean": 0.5116052537274107, 
            "score": 0.5116052537274107, 
            "trainScoreStd": 0.03069964204631009, 
            "testScoreGibMean": 0.5116052537274107, 
            "fitTimeMean": 249.0
        }, 
        {
            "scoreTimeMean": 30.333333333333332, 
            "best_iteration": 0, 
            "time": 1345, 
            "trainScoreMean": 0.6252431722506692, 
            "finishedAt": 1601323093375, 
            "fitTimeStd": 458.5898676013968, 
            "testScoreStd": 0.14827579156599272, 
            "scoreTimeStd": 8.993825042154695, 
            "parameters": {
                "reg_alpha": 0.13179786240439217, 
                "colsample_bytree": 0.9583614770097304, 
                "colsample_bylevel": 0.7544844803335072, 
                "learning_rate": 0.13324499705224097, 
                "max_delta_step": 0.27771856128103245, 
                "min_child_weight": 3.503346709836568, 
                "subsample": 0.6447030464736005, 
                "reg_lambda": 0.8581636020592828, 
                "max_depth": 2, 
                "gamma": 0.9211576102371998, 
                "booster": "gbtree"
            }, 
            "testScoreMean": 0.6049171610966129, 
            "score": 0.6049171610966129, 
            "trainScoreStd": 0.17700183944744072, 
            "testScoreGibMean": 0.6049171610966129, 
            "fitTimeMean": 418.0
        }, 
        {
            "scoreTimeMean": 27.0, 
            "best_iteration": 4, 
            "time": 1109, 
            "trainScoreMean": 0.8755432927004692, 
            "finishedAt": 1601323093632, 
            "fitTimeStd": 57.55770051773167, 
            "testScoreStd": 0.015466099754913318, 
            "scoreTimeStd": 4.242640687119285, 
            "parameters": {
                "reg_alpha": 0.8464086724711278, 
                "colsample_bytree": 0.6980491377116811, 
                "colsample_bylevel": 0.8780533469325205, 
                "learning_rate": 0.3555684304925252, 
                "max_delta_step": 0.8915544372256771, 
                "min_child_weight": 2.5120642037793233, 
                "subsample": 0.6487184754275668, 
                "reg_lambda": 0.8497396376587522, 
                "max_depth": 3, 
                "gamma": 0.896038387509077, 
                "booster": "gbtree"
            }, 
            "testScoreMean": 0.8366719486924152, 
            "score": 0.8366719486924152, 
            "trainScoreStd": 0.006614230055609042, 
            "testScoreGibMean": 0.8366719486924152, 
            "fitTimeMean": 342.6666666666667
        }, 
        {
            "scoreTimeMean": 23.0, 
            "best_iteration": 7, 
            "time": 1195, 
            "trainScoreMean": 0.878818045531172, 
            "finishedAt": 1601323093748, 
            "fitTimeStd": 54.36502143433364, 
            "testScoreStd": 0.0070703852294274885, 
            "scoreTimeStd": 3.559026084010437, 
            "parameters": {
                "reg_alpha": 0.6596684120694128, 
                "colsample_bytree": 0.6982528704234923, 
                "colsample_bylevel": 0.9068989098512386, 
                "learning_rate": 0.3325091490543435, 
                "max_delta_step": 0.8817353618548528, 
                "min_child_weight": 3.1480928828093724, 
                "subsample": 0.6152665117531649, 
                "reg_lambda": 0.7666031269583241, 
                "max_depth": 3, 
                "gamma": 0.8811031971111616, 
                "booster": "gbtree"
            }, 
            "testScoreMean": 0.8382916086677051, 
            "score": 0.8382916086677051, 
            "trainScoreStd": 0.0131537694441261, 
            "testScoreGibMean": 0.8382916086677051, 
            "fitTimeMean": 375.3333333333333
        }, 
        {
            "scoreTimeMean": 31.333333333333332, 
            "best_iteration": 5, 
            "time": 843, 
            "trainScoreMean": 0.902355790722407, 
            "finishedAt": 1601323094025, 
            "fitTimeStd": 17.82008853949821, 
            "testScoreStd": 0.005757423026016752, 
            "scoreTimeStd": 6.182412330330469, 
            "parameters": {
                "reg_alpha": 0.6180154289988415, 
                "colsample_bytree": 0.8094042822956786, 
                "colsample_bylevel": 0.6974346467251146, 
                "learning_rate": 0.2880528757023061, 
                "max_delta_step": 0.7160745312286432, 
                "min_child_weight": 1.8053492324469982, 
                "subsample": 0.5677370321112252, 
                "reg_lambda": 0.7143843504728831, 
                "max_depth": 5, 
                "gamma": 0.474867515408942, 
                "booster": "gbtree"
            }, 
            "testScoreMean": 0.8371958729591402, 
            "score": 0.8371958729591402, 
            "trainScoreStd": 0.007887361166843299, 
            "testScoreGibMean": 0.8371958729591402, 
            "fitTimeMean": 249.66666666666666
        }, 
        {
            "scoreTimeMean": 23.666666666666668, 
            "best_iteration": 0, 
            "time": 350, 
            "trainScoreMean": 0.5, 
            "finishedAt": 1601323094303, 
            "fitTimeStd": 19.6468827043885, 
            "testScoreStd": 0.0, 
            "scoreTimeStd": 7.93025150224688, 
            "parameters": {
                "reg_alpha": 0.9988470065678665, 
                "colsample_bytree": 0.6301704637937023, 
                "colsample_bylevel": 0.9920211206820733, 
                "learning_rate": 0.279170468748292, 
                "max_delta_step": 0.09956908911081108, 
                "min_child_weight": 3.7140858479710013, 
                "subsample": 0.9340630286841072, 
                "reg_lambda": 0.5747241523289969, 
                "max_depth": 2, 
                "gamma": 0.5370225213757797, 
                "booster": "gbtree"
            }, 
            "testScoreMean": 0.5, 
            "score": 0.5, 
            "trainScoreStd": 0.0, 
            "testScoreGibMean": 0.5, 
            "fitTimeMean": 93.0
        }, 
        {
            "scoreTimeMean": 36.333333333333336, 
            "best_iteration": 12, 
            "time": 1097, 
            "trainScoreMean": 0.8809707796069915, 
            "finishedAt": 1601323094333, 
            "fitTimeStd": 58.73291713813946, 
            "testScoreStd": 0.013073678447681095, 
            "scoreTimeStd": 14.70449666674185, 
            "parameters": {
                "reg_alpha": 0.22126268518378278, 
                "colsample_bytree": 0.7849824553506324, 
                "colsample_bylevel": 0.6491411629780154, 
                "learning_rate": 0.32973009953983157, 
                "max_delta_step": 0.6532008198571336, 
                "min_child_weight": 1.9444875861807387, 
                "subsample": 0.548629963531587, 
                "reg_lambda": 0.5706319524629484, 
                "max_depth": 3, 
                "gamma": 0.5908727612481732, 
                "booster": "gbtree"
            }, 
            "testScoreMean": 0.8376650360742354, 
            "score": 0.8376650360742354, 
            "trainScoreStd": 0.01830154752297027, 
            "testScoreGibMean": 0.8376650360742354, 
            "fitTimeMean": 329.3333333333333
        }, 
        {
            "scoreTimeMean": 22.333333333333332, 
            "best_iteration": 11, 
            "time": 1491, 
            "trainScoreMean": 0.9075253145266283, 
            "finishedAt": 1601323094951, 
            "fitTimeStd": 154.9286574165312, 
            "testScoreStd": 0.007766630983131739, 
            "scoreTimeStd": 2.0548046676563256, 
            "parameters": {
                "reg_alpha": 0.03322238526617727, 
                "colsample_bytree": 0.8077797821419221, 
                "colsample_bylevel": 0.5812464673381874, 
                "learning_rate": 0.43920329172889383, 
                "max_delta_step": 0.8073189587250107, 
                "min_child_weight": 1.1298766347194076, 
                "subsample": 0.6866453753916274, 
                "reg_lambda": 0.9912874799125968, 
                "max_depth": 3, 
                "gamma": 0.12381998284944151, 
                "booster": "gbtree"
            }, 
            "testScoreMean": 0.8453115921026715, 
            "score": 0.8453115921026715, 
            "trainScoreStd": 0.01365508504622851, 
            "testScoreGibMean": 0.8453115921026715, 
            "fitTimeMean": 474.6666666666667
        }, 
        {
            "scoreTimeMean": 20.666666666666668, 
            "best_iteration": 0, 
            "time": 1049, 
            "trainScoreMean": 0.6173261284194317, 
            "finishedAt": 1601323095227, 
            "fitTimeStd": 240.2623566021111, 
            "testScoreStd": 0.12417486496778833, 
            "scoreTimeStd": 2.8674417556808756, 
            "parameters": {
                "reg_alpha": 0.729990562424058, 
                "colsample_bytree": 0.5252940575271186, 
                "colsample_bylevel": 0.7100376848953054, 
                "learning_rate": 0.1066511894935469, 
                "max_delta_step": 0.23074233540679567, 
                "min_child_weight": 2.1199012901526375, 
                "subsample": 0.7605183031020646, 
                "reg_lambda": 0.5858148386307203, 
                "max_depth": 5, 
                "gamma": 0.36549610626341034, 
                "booster": "gbtree"
            }, 
            "testScoreMean": 0.5876871091540143, 
            "score": 0.5876871091540143, 
            "trainScoreStd": 0.1661470687565636, 
            "testScoreGibMean": 0.5876871091540143, 
            "fitTimeMean": 329.0
        }, 
        {
            "scoreTimeMean": 24.333333333333332, 
            "best_iteration": 10, 
            "time": 1079, 
            "trainScoreMean": 0.861386288868689, 
            "finishedAt": 1601323095326, 
            "fitTimeStd": 71.65348716023682, 
            "testScoreStd": 0.029304286265011054, 
            "scoreTimeStd": 6.128258770283411, 
            "parameters": {
                "reg_alpha": 0.608252865854013, 
                "colsample_bytree": 0.5999982624482001, 
                "colsample_bylevel": 0.5271689941696268, 
                "learning_rate": 0.4174790813429683, 
                "max_delta_step": 0.22392468806038013, 
                "min_child_weight": 4.748538879129036, 
                "subsample": 0.8918221226509442, 
                "reg_lambda": 0.7983277031475265, 
                "max_depth": 3, 
                "gamma": 0.01852179446061397, 
                "booster": "gbtree"
            }, 
            "testScoreMean": 0.826453555901614, 
            "score": 0.826453555901614, 
            "trainScoreStd": 0.006182989290515027, 
            "testScoreGibMean": 0.826453555901614, 
            "fitTimeMean": 335.3333333333333
        }, 
        {
            "scoreTimeMean": 34.333333333333336, 
            "best_iteration": 9, 
            "time": 1371, 
            "trainScoreMean": 0.9024702163425893, 
            "finishedAt": 1601323095927, 
            "fitTimeStd": 95.93863779636555, 
            "testScoreStd": 0.008706695810128165, 
            "scoreTimeStd": 16.110727964792765, 
            "parameters": {
                "reg_alpha": 0.6805446911927795, 
                "colsample_bytree": 0.6049218744875611, 
                "colsample_bylevel": 0.6991105311080459, 
                "learning_rate": 0.4777489559935735, 
                "max_delta_step": 0.7395507950492876, 
                "min_child_weight": 4.866065073932453, 
                "subsample": 0.5282091663569831, 
                "reg_lambda": 0.5426477829293503, 
                "max_depth": 4, 
                "gamma": 0.18619300588033616, 
                "booster": "gbtree"
            }, 
            "testScoreMean": 0.8442730450294224, 
            "score": 0.8442730450294224, 
            "trainScoreStd": 0.012223995793330179, 
            "testScoreGibMean": 0.8442730450294224, 
            "fitTimeMean": 422.6666666666667
        }, 
        {
            "scoreTimeMean": 48.666666666666664, 
            "best_iteration": 15, 
            "time": 1314, 
            "trainScoreMean": 0.7485779166742978, 
            "finishedAt": 1601323095966, 
            "fitTimeStd": 226.47639072440984, 
            "testScoreStd": 0.1588405999032555, 
            "scoreTimeStd": 30.34615113797611, 
            "parameters": {
                "reg_alpha": 0.589909976354571, 
                "colsample_bytree": 0.5251850283787719, 
                "colsample_bylevel": 0.7500131488646506, 
                "learning_rate": 0.4969585595554531, 
                "max_delta_step": 0.26726253788147825, 
                "min_child_weight": 2.9103476136123123, 
                "subsample": 0.6559724977398009, 
                "reg_lambda": 0.8650610147583848, 
                "max_depth": 2, 
                "gamma": 0.6990980747185112, 
                "booster": "gbtree"
            }, 
            "testScoreMean": 0.72429004998547, 
            "score": 0.72429004998547, 
            "trainScoreStd": 0.17598633975912506, 
            "testScoreGibMean": 0.72429004998547, 
            "fitTimeMean": 389.3333333333333
        }, 
        {
            "scoreTimeMean": 31.0, 
            "best_iteration": 12, 
            "time": 1269, 
            "trainScoreMean": 0.9286568208705858, 
            "finishedAt": 1601323096480, 
            "fitTimeStd": 86.73330771201262, 
            "testScoreStd": 0.012252883147419185, 
            "scoreTimeStd": 4.320493798938574, 
            "parameters": {
                "reg_alpha": 0.6793927734985673, 
                "colsample_bytree": 0.9405022811008374, 
                "colsample_bylevel": 0.7439188521794822, 
                "learning_rate": 0.3470631664383521, 
                "max_delta_step": 0.5424987750103974, 
                "min_child_weight": 0.8026233415846187, 
                "subsample": 0.7682896055543611, 
                "reg_lambda": 0.7268484222780227, 
                "max_depth": 4, 
                "gamma": 0.9764043865930425, 
                "booster": "gbtree"
            }, 
            "testScoreMean": 0.8316473386237195, 
            "score": 0.8316473386237195, 
            "trainScoreStd": 0.01283707096619614, 
            "testScoreGibMean": 0.8316473386237195, 
            "fitTimeMean": 392.0
        }, 
        {
            "scoreTimeMean": 21.0, 
            "best_iteration": 17, 
            "time": 1631, 
            "trainScoreMean": 0.9214398430963803, 
            "finishedAt": 1601323096922, 
            "fitTimeStd": 41.77186719418811, 
            "testScoreStd": 0.011816763319296526, 
            "scoreTimeStd": 3.7416573867739413, 
            "parameters": {
                "reg_alpha": 0.8815853992105808, 
                "colsample_bytree": 0.9951694736983522, 
                "colsample_bylevel": 0.9483356465201711, 
                "learning_rate": 0.36523128124004034, 
                "max_delta_step": 0.26332237673715064, 
                "min_child_weight": 1.5314869538896074, 
                "subsample": 0.8228922992509495, 
                "reg_lambda": 0.9522124878446158, 
                "max_depth": 4, 
                "gamma": 0.21689698439847394, 
                "booster": "gbtree"
            }, 
            "testScoreMean": 0.8341338565611285, 
            "score": 0.8341338565611285, 
            "trainScoreStd": 0.00420798407940583, 
            "testScoreGibMean": 0.8341338565611285, 
            "fitTimeMean": 522.6666666666666
        }, 
        {
            "scoreTimeMean": 21.0, 
            "best_iteration": 17, 
            "time": 1567, 
            "trainScoreMean": 0.9114720907765831, 
            "finishedAt": 1601323097107, 
            "fitTimeStd": 58.516854172299986, 
            "testScoreStd": 0.009955294101437247, 
            "scoreTimeStd": 2.160246899469287, 
            "parameters": {
                "reg_alpha": 0.9527916569719446, 
                "colsample_bytree": 0.7598555968291381, 
                "colsample_bylevel": 0.6623414860332326, 
                "learning_rate": 0.22474408827287565, 
                "max_delta_step": 0.42545153795217594, 
                "min_child_weight": 1.3353617493767849, 
                "subsample": 0.6077538385567792, 
                "reg_lambda": 0.8437441381939077, 
                "max_depth": 4, 
                "gamma": 5.535686500857118e-05, 
                "booster": "gbtree"
            }, 
            "testScoreMean": 0.8433471450548385, 
            "score": 0.8433471450548385, 
            "trainScoreStd": 0.011135581520841951, 
            "testScoreGibMean": 0.8433471450548385, 
            "fitTimeMean": 501.3333333333333
        }
    ], 
    "timeout": null, 
    "startedAt": 1601323090018, 
    "nSplits": 3
}