[
    {
        "fit_time": 244, 
        "best_iteration": 13, 
        "test_score": 0.8346985317931556, 
        "time": 258, 
        "split_id": 0, 
        "parameters": {
            "reg_alpha": 0.02021839744032572, 
            "colsample_bytree": 0.9060843643877465, 
            "colsample_bylevel": 0.738832558660675, 
            "learning_rate": 0.25711391844033193, 
            "max_delta_step": 0.8360787635373775, 
            "min_child_weight": 0.8920818486569332, 
            "subsample": 0.8890783754749252, 
            "reg_lambda": 0.916309922773969, 
            "max_depth": 2, 
            "gamma": 0.4799771723750573, 
            "booster": "gbtree"
        }, 
        "num_samples": 746, 
        "score_time": 14, 
        "train_score": 0.8806374501992033, 
        "done_at": 1601323090339, 
        "test_score_gib": 0.8346985317931556
    }, 
    {
        "fit_time": 111, 
        "best_iteration": 3, 
        "test_score": 0.8532940192162367, 
        "time": 124, 
        "split_id": 1, 
        "parameters": {
            "reg_alpha": 0.02021839744032572, 
            "colsample_bytree": 0.9060843643877465, 
            "colsample_bylevel": 0.738832558660675, 
            "learning_rate": 0.25711391844033193, 
            "max_delta_step": 0.8360787635373775, 
            "min_child_weight": 0.8920818486569332, 
            "subsample": 0.8890783754749252, 
            "reg_lambda": 0.916309922773969, 
            "max_depth": 2, 
            "gamma": 0.4799771723750573, 
            "booster": "gbtree"
        }, 
        "num_samples": 746, 
        "score_time": 13, 
        "train_score": 0.8502483682292108, 
        "done_at": 1601323090375, 
        "test_score_gib": 0.8532940192162367
    }, 
    {
        "fit_time": 151, 
        "best_iteration": 6, 
        "test_score": 0.835044098201993, 
        "time": 177, 
        "split_id": 2, 
        "parameters": {
            "reg_alpha": 0.02021839744032572, 
            "colsample_bytree": 0.9060843643877465, 
            "colsample_bylevel": 0.738832558660675, 
            "learning_rate": 0.25711391844033193, 
            "max_delta_step": 0.8360787635373775, 
            "min_child_weight": 0.8920818486569332, 
            "subsample": 0.8890783754749252, 
            "reg_lambda": 0.916309922773969, 
            "max_depth": 2, 
            "gamma": 0.4799771723750573, 
            "booster": "gbtree"
        }, 
        "num_samples": 744, 
        "score_time": 26, 
        "train_score": 0.8669505019971933, 
        "done_at": 1601323090421, 
        "test_score_gib": 0.835044098201993
    }, 
    {
        "fit_time": 175, 
        "best_iteration": 7, 
        "test_score": 0.8234305840440462, 
        "time": 195, 
        "split_id": 0, 
        "parameters": {
            "reg_alpha": 0.2975346065444723, 
            "colsample_bytree": 0.8575946831862098, 
            "colsample_bylevel": 0.7744067519636624, 
            "learning_rate": 0.31795327319875877, 
            "max_delta_step": 0.4236547993389047, 
            "min_child_weight": 2.2297176828171494, 
            "subsample": 0.6363281472900566, 
            "reg_lambda": 0.5283564886587215, 
            "max_depth": 3, 
            "gamma": 0.6027633760716439, 
            "booster": "gbtree"
        }, 
        "num_samples": 746, 
        "score_time": 20, 
        "train_score": 0.8823599220140714, 
        "done_at": 1601323090239, 
        "test_score_gib": 0.8234305840440462
    }, 
    {
        "fit_time": 341, 
        "best_iteration": 15, 
        "test_score": 0.8470527906725684, 
        "time": 387, 
        "split_id": 1, 
        "parameters": {
            "reg_alpha": 0.2975346065444723, 
            "colsample_bytree": 0.8575946831862098, 
            "colsample_bylevel": 0.7744067519636624, 
            "learning_rate": 0.31795327319875877, 
            "max_delta_step": 0.4236547993389047, 
            "min_child_weight": 2.2297176828171494, 
            "subsample": 0.6363281472900566, 
            "reg_lambda": 0.5283564886587215, 
            "max_depth": 3, 
            "gamma": 0.6027633760716439, 
            "booster": "gbtree"
        }, 
        "num_samples": 746, 
        "score_time": 46, 
        "train_score": 0.8906620327201831, 
        "done_at": 1601323090435, 
        "test_score_gib": 0.8470527906725684
    }, 
    {
        "fit_time": 156, 
        "best_iteration": 7, 
        "test_score": 0.8480077427445849, 
        "time": 182, 
        "split_id": 2, 
        "parameters": {
            "reg_alpha": 0.2975346065444723, 
            "colsample_bytree": 0.8575946831862098, 
            "colsample_bylevel": 0.7744067519636624, 
            "learning_rate": 0.31795327319875877, 
            "max_delta_step": 0.4236547993389047, 
            "min_child_weight": 2.2297176828171494, 
            "subsample": 0.6363281472900566, 
            "reg_lambda": 0.5283564886587215, 
            "max_depth": 3, 
            "gamma": 0.6027633760716439, 
            "booster": "gbtree"
        }, 
        "num_samples": 744, 
        "score_time": 26, 
        "train_score": 0.886485547338875, 
        "done_at": 1601323090237, 
        "test_score_gib": 0.8480077427445849
    }, 
    {
        "fit_time": 325, 
        "best_iteration": 8, 
        "test_score": 0.830940300118752, 
        "time": 375, 
        "split_id": 0, 
        "parameters": {
            "reg_alpha": 0.5820197920751071, 
            "colsample_bytree": 0.989309171116382, 
            "colsample_bylevel": 0.9350060741234096, 
            "learning_rate": 0.2845917449011728, 
            "max_delta_step": 0.7805291762864555, 
            "min_child_weight": 3.742846946266625, 
            "subsample": 0.8793078121611786, 
            "reg_lambda": 0.7686866147245053, 
            "max_depth": 4, 
            "gamma": 0.7991585642167236, 
            "booster": "gbtree"
        }, 
        "num_samples": 746, 
        "score_time": 50, 
        "train_score": 0.9177621429176909, 
        "done_at": 1601323090717, 
        "test_score_gib": 0.830940300118752
    }, 
    {
        "fit_time": 290, 
        "best_iteration": 6, 
        "test_score": 0.8511821224225413, 
        "time": 307, 
        "split_id": 1, 
        "parameters": {
            "reg_alpha": 0.5820197920751071, 
            "colsample_bytree": 0.989309171116382, 
            "colsample_bylevel": 0.9350060741234096, 
            "learning_rate": 0.2845917449011728, 
            "max_delta_step": 0.7805291762864555, 
            "min_child_weight": 3.742846946266625, 
            "subsample": 0.8793078121611786, 
            "reg_lambda": 0.7686866147245053, 
            "max_depth": 4, 
            "gamma": 0.7991585642167236, 
            "booster": "gbtree"
        }, 
        "num_samples": 746, 
        "score_time": 17, 
        "train_score": 0.9038704755446301, 
        "done_at": 1601323090684, 
        "test_score_gib": 0.8511821224225413
    }, 
    {
        "fit_time": 260, 
        "best_iteration": 4, 
        "test_score": 0.8322019111492797, 
        "time": 307, 
        "split_id": 2, 
        "parameters": {
            "reg_alpha": 0.5820197920751071, 
            "colsample_bytree": 0.989309171116382, 
            "colsample_bylevel": 0.9350060741234096, 
            "learning_rate": 0.2845917449011728, 
            "max_delta_step": 0.7805291762864555, 
            "min_child_weight": 3.742846946266625, 
            "subsample": 0.8793078121611786, 
            "reg_lambda": 0.7686866147245053, 
            "max_depth": 4, 
            "gamma": 0.7991585642167236, 
            "booster": "gbtree"
        }, 
        "num_samples": 744, 
        "score_time": 47, 
        "train_score": 0.8980925456115729, 
        "done_at": 1601323090740, 
        "test_score_gib": 0.8322019111492797
    }, 
    {
        "fit_time": 227, 
        "best_iteration": 9, 
        "test_score": 0.7879129331749972, 
        "time": 264, 
        "split_id": 0, 
        "parameters": {
            "reg_alpha": 0.6176354970758771, 
            "colsample_bytree": 0.7368002096733287, 
            "colsample_bylevel": 0.5529538035938961, 
            "learning_rate": 0.39476727085158325, 
            "max_delta_step": 0.21655035442437187, 
            "min_child_weight": 0.5845541019635981, 
            "subsample": 0.8084669984373785, 
            "reg_lambda": 0.8060478613612108, 
            "max_depth": 2, 
            "gamma": 0.18633234332675996, 
            "booster": "gbtree"
        }, 
        "num_samples": 746, 
        "score_time": 37, 
        "train_score": 0.834005255573451, 
        "done_at": 1601323090708, 
        "test_score_gib": 0.7879129331749972
    }, 
    {
        "fit_time": 308, 
        "best_iteration": 9, 
        "test_score": 0.8085798337471661, 
        "time": 333, 
        "split_id": 1, 
        "parameters": {
            "reg_alpha": 0.6176354970758771, 
            "colsample_bytree": 0.7368002096733287, 
            "colsample_bylevel": 0.5529538035938961, 
            "learning_rate": 0.39476727085158325, 
            "max_delta_step": 0.21655035442437187, 
            "min_child_weight": 0.5845541019635981, 
            "subsample": 0.8084669984373785, 
            "reg_lambda": 0.8060478613612108, 
            "max_depth": 2, 
            "gamma": 0.18633234332675996, 
            "booster": "gbtree"
        }, 
        "num_samples": 746, 
        "score_time": 25, 
        "train_score": 0.8150987539204883, 
        "done_at": 1601323091020, 
        "test_score_gib": 0.8085798337471661
    }, 
    {
        "fit_time": 440, 
        "best_iteration": 17, 
        "test_score": 0.8360732834417044, 
        "time": 510, 
        "split_id": 2, 
        "parameters": {
            "reg_alpha": 0.6176354970758771, 
            "colsample_bytree": 0.7368002096733287, 
            "colsample_bylevel": 0.5529538035938961, 
            "learning_rate": 0.39476727085158325, 
            "max_delta_step": 0.21655035442437187, 
            "min_child_weight": 0.5845541019635981, 
            "subsample": 0.8084669984373785, 
            "reg_lambda": 0.8060478613612108, 
            "max_depth": 2, 
            "gamma": 0.18633234332675996, 
            "booster": "gbtree"
        }, 
        "num_samples": 744, 
        "score_time": 70, 
        "train_score": 0.8664781928101046, 
        "done_at": 1601323091234, 
        "test_score_gib": 0.8360732834417044
    }, 
    {
        "fit_time": 275, 
        "best_iteration": 6, 
        "test_score": 0.8354069955737882, 
        "time": 294, 
        "split_id": 0, 
        "parameters": {
            "reg_alpha": 0.6531400357979377, 
            "colsample_bytree": 0.8409101495517417, 
            "colsample_bylevel": 0.9718740392573121, 
            "learning_rate": 0.2748127815197366, 
            "max_delta_step": 0.6976311959272649, 
            "min_child_weight": 4.864140804860369, 
            "subsample": 0.6790760834847624, 
            "reg_lambda": 0.5854547925680226, 
            "max_depth": 3, 
            "gamma": 0.359507900573786, 
            "booster": "gbtree"
        }, 
        "num_samples": 746, 
        "score_time": 19, 
        "train_score": 0.8776756802576928, 
        "done_at": 1601323091018, 
        "test_score_gib": 0.8354069955737882
    }, 
    {
        "fit_time": 374, 
        "best_iteration": 10, 
        "test_score": 0.8576730001079563, 
        "time": 393, 
        "split_id": 1, 
        "parameters": {
            "reg_alpha": 0.6531400357979377, 
            "colsample_bytree": 0.8409101495517417, 
            "colsample_bylevel": 0.9718740392573121, 
            "learning_rate": 0.2748127815197366, 
            "max_delta_step": 0.6976311959272649, 
            "min_child_weight": 4.864140804860369, 
            "subsample": 0.6790760834847624, 
            "reg_lambda": 0.5854547925680226, 
            "max_depth": 3, 
            "gamma": 0.359507900573786, 
            "booster": "gbtree"
        }, 
        "num_samples": 746, 
        "score_time": 19, 
        "train_score": 0.8849148088497074, 
        "done_at": 1601323091142, 
        "test_score_gib": 0.8576730001079563
    }, 
    {
        "fit_time": 433, 
        "best_iteration": 9, 
        "test_score": 0.8452609768399243, 
        "time": 452, 
        "split_id": 2, 
        "parameters": {
            "reg_alpha": 0.6531400357979377, 
            "colsample_bytree": 0.8409101495517417, 
            "colsample_bylevel": 0.9718740392573121, 
            "learning_rate": 0.2748127815197366, 
            "max_delta_step": 0.6976311959272649, 
            "min_child_weight": 4.864140804860369, 
            "subsample": 0.6790760834847624, 
            "reg_lambda": 0.5854547925680226, 
            "max_depth": 3, 
            "gamma": 0.359507900573786, 
            "booster": "gbtree"
        }, 
        "num_samples": 744, 
        "score_time": 19, 
        "train_score": 0.8859508258663499, 
        "done_at": 1601323091476, 
        "test_score_gib": 0.8452609768399243
    }, 
    {
        "fit_time": 654, 
        "best_iteration": 14, 
        "test_score": 0.8107929396523805, 
        "time": 700, 
        "split_id": 0, 
        "parameters": {
            "reg_alpha": 0.2088767560948347, 
            "colsample_bytree": 0.8039153343577339, 
            "colsample_bylevel": 0.8753430706092281, 
            "learning_rate": 0.11537017058909389, 
            "max_delta_step": 0.634274057957335, 
            "min_child_weight": 0.9592016483661263, 
            "subsample": 0.8265541627326992, 
            "reg_lambda": 0.5806547589424982, 
            "max_depth": 4, 
            "gamma": 0.3250472290083525, 
            "booster": "gbtree"
        }, 
        "num_samples": 746, 
        "score_time": 46, 
        "train_score": 0.9199169280325507, 
        "done_at": 1601323091730, 
        "test_score_gib": 0.8107929396523805
    }, 
    {
        "fit_time": 414, 
        "best_iteration": 5, 
        "test_score": 0.8421407751268488, 
        "time": 490, 
        "split_id": 1, 
        "parameters": {
            "reg_alpha": 0.2088767560948347, 
            "colsample_bytree": 0.8039153343577339, 
            "colsample_bylevel": 0.8753430706092281, 
            "learning_rate": 0.11537017058909389, 
            "max_delta_step": 0.634274057957335, 
            "min_child_weight": 0.9592016483661263, 
            "subsample": 0.8265541627326992, 
            "reg_lambda": 0.5806547589424982, 
            "max_depth": 4, 
            "gamma": 0.3250472290083525, 
            "booster": "gbtree"
        }, 
        "num_samples": 746, 
        "score_time": 76, 
        "train_score": 0.8875629397304399, 
        "done_at": 1601323091635, 
        "test_score_gib": 0.8421407751268488
    }, 
    {
        "fit_time": 592, 
        "best_iteration": 12, 
        "test_score": 0.8281601439496177, 
        "time": 623, 
        "split_id": 2, 
        "parameters": {
            "reg_alpha": 0.2088767560948347, 
            "colsample_bytree": 0.8039153343577339, 
            "colsample_bylevel": 0.8753430706092281, 
            "learning_rate": 0.11537017058909389, 
            "max_delta_step": 0.634274057957335, 
            "min_child_weight": 0.9592016483661263, 
            "subsample": 0.8265541627326992, 
            "reg_lambda": 0.5806547589424982, 
            "max_depth": 4, 
            "gamma": 0.3250472290083525, 
            "booster": "gbtree"
        }, 
        "num_samples": 744, 
        "score_time": 31, 
        "train_score": 0.916382718881572, 
        "done_at": 1601323091876, 
        "test_score_gib": 0.8281601439496177
    }, 
    {
        "fit_time": 470, 
        "best_iteration": 11, 
        "test_score": 0.5169626470905754, 
        "time": 491, 
        "split_id": 0, 
        "parameters": {
            "reg_alpha": 0.778345482025909, 
            "colsample_bytree": 0.7331553864281531, 
            "colsample_bylevel": 0.626645801269891, 
            "learning_rate": 0.16358783345820788, 
            "max_delta_step": 0.11037514116430513, 
            "min_child_weight": 1.9274078393118323, 
            "subsample": 0.8312634334750222, 
            "reg_lambda": 0.9747855267253711, 
            "max_depth": 3, 
            "gamma": 0.24442559200160274, 
            "booster": "gbtree"
        }, 
        "num_samples": 746, 
        "score_time": 21, 
        "train_score": 0.580537424769009, 
        "done_at": 1601323091976, 
        "test_score_gib": 0.5169626470905754
    }, 
    {
        "fit_time": 109, 
        "best_iteration": 0, 
        "test_score": 0.5, 
        "time": 127, 
        "split_id": 1, 
        "parameters": {
            "reg_alpha": 0.778345482025909, 
            "colsample_bytree": 0.7331553864281531, 
            "colsample_bylevel": 0.626645801269891, 
            "learning_rate": 0.16358783345820788, 
            "max_delta_step": 0.11037514116430513, 
            "min_child_weight": 1.9274078393118323, 
            "subsample": 0.8312634334750222, 
            "reg_lambda": 0.9747855267253711, 
            "max_depth": 3, 
            "gamma": 0.24442559200160274, 
            "booster": "gbtree"
        }, 
        "num_samples": 746, 
        "score_time": 18, 
        "train_score": 0.5, 
        "done_at": 1601323091774, 
        "test_score_gib": 0.5
    }, 
    {
        "fit_time": 142, 
        "best_iteration": 0, 
        "test_score": 0.5, 
        "time": 174, 
        "split_id": 2, 
        "parameters": {
            "reg_alpha": 0.778345482025909, 
            "colsample_bytree": 0.7331553864281531, 
            "colsample_bylevel": 0.626645801269891, 
            "learning_rate": 0.16358783345820788, 
            "max_delta_step": 0.11037514116430513, 
            "min_child_weight": 1.9274078393118323, 
            "subsample": 0.8312634334750222, 
            "reg_lambda": 0.9747855267253711, 
            "max_depth": 3, 
            "gamma": 0.24442559200160274, 
            "booster": "gbtree"
        }, 
        "num_samples": 744, 
        "score_time": 32, 
        "train_score": 0.5, 
        "done_at": 1601323091917, 
        "test_score_gib": 0.5
    }, 
    {
        "fit_time": 287, 
        "best_iteration": 6, 
        "test_score": 0.8244696642556408, 
        "time": 306, 
        "split_id": 0, 
        "parameters": {
            "reg_alpha": 0.604845519745046, 
            "colsample_bytree": 0.8114230477733347, 
            "colsample_bylevel": 0.5067858178060549, 
            "learning_rate": 0.48877800099986635, 
            "max_delta_step": 0.878193471347177, 
            "min_child_weight": 4.895424896856517, 
            "subsample": 0.5195938961271603, 
            "reg_lambda": 0.8696317896991508, 
            "max_depth": 4, 
            "gamma": 0.6736596308357894, 
            "booster": "gbtree"
        }, 
        "num_samples": 746, 
        "score_time": 19, 
        "train_score": 0.8817851996270238, 
        "done_at": 1601323092085, 
        "test_score_gib": 0.8244696642556408
    }, 
    {
        "fit_time": 343, 
        "best_iteration": 5, 
        "test_score": 0.8464117996329484, 
        "time": 362, 
        "split_id": 1, 
        "parameters": {
            "reg_alpha": 0.604845519745046, 
            "colsample_bytree": 0.8114230477733347, 
            "colsample_bylevel": 0.5067858178060549, 
            "learning_rate": 0.48877800099986635, 
            "max_delta_step": 0.878193471347177, 
            "min_child_weight": 4.895424896856517, 
            "subsample": 0.5195938961271603, 
            "reg_lambda": 0.8696317896991508, 
            "max_depth": 4, 
            "gamma": 0.6736596308357894, 
            "booster": "gbtree"
        }, 
        "num_samples": 746, 
        "score_time": 19, 
        "train_score": 0.8555632787996947, 
        "done_at": 1601323092259, 
        "test_score_gib": 0.8464117996329484
    }, 
    {
        "fit_time": 230, 
        "best_iteration": 5, 
        "test_score": 0.8221758748074537, 
        "time": 253, 
        "split_id": 2, 
        "parameters": {
            "reg_alpha": 0.604845519745046, 
            "colsample_bytree": 0.8114230477733347, 
            "colsample_bylevel": 0.5067858178060549, 
            "learning_rate": 0.48877800099986635, 
            "max_delta_step": 0.878193471347177, 
            "min_child_weight": 4.895424896856517, 
            "subsample": 0.5195938961271603, 
            "reg_lambda": 0.8696317896991508, 
            "max_depth": 4, 
            "gamma": 0.6736596308357894, 
            "booster": "gbtree"
        }, 
        "num_samples": 744, 
        "score_time": 23, 
        "train_score": 0.8790500512792832, 
        "done_at": 1601323092176, 
        "test_score_gib": 0.8221758748074537
    }, 
    {
        "fit_time": 457, 
        "best_iteration": 20, 
        "test_score": 0.8186467667062506, 
        "time": 471, 
        "split_id": 0, 
        "parameters": {
            "reg_alpha": 0.21682213762754288, 
            "colsample_bytree": 0.5600982806065844, 
            "colsample_bylevel": 0.6414034812882048, 
            "learning_rate": 0.14749108758169763, 
            "max_delta_step": 0.317983179393976, 
            "min_child_weight": 4.6320595986296516, 
            "subsample": 0.9325512806526925, 
            "reg_lambda": 0.7825944333024377, 
            "max_depth": 5, 
            "gamma": 0.29614019752214493, 
            "booster": "gbtree"
        }, 
        "num_samples": 746, 
        "score_time": 14, 
        "train_score": 0.9070882427735865, 
        "done_at": 1601323092460, 
        "test_score_gib": 0.8186467667062506
    }, 
    {
        "fit_time": 404, 
        "best_iteration": 16, 
        "test_score": 0.8436049336068229, 
        "time": 424, 
        "split_id": 1, 
        "parameters": {
            "reg_alpha": 0.21682213762754288, 
            "colsample_bytree": 0.5600982806065844, 
            "colsample_bylevel": 0.6414034812882048, 
            "learning_rate": 0.14749108758169763, 
            "max_delta_step": 0.317983179393976, 
            "min_child_weight": 4.6320595986296516, 
            "subsample": 0.9325512806526925, 
            "reg_lambda": 0.7825944333024377, 
            "max_depth": 5, 
            "gamma": 0.29614019752214493, 
            "booster": "gbtree"
        }, 
        "num_samples": 746, 
        "score_time": 20, 
        "train_score": 0.9116605916758498, 
        "done_at": 1601323092513, 
        "test_score_gib": 0.8436049336068229
    }, 
    {
        "fit_time": 775, 
        "best_iteration": 30, 
        "test_score": 0.8303889093362778, 
        "time": 801, 
        "split_id": 2, 
        "parameters": {
            "reg_alpha": 0.21682213762754288, 
            "colsample_bytree": 0.5600982806065844, 
            "colsample_bylevel": 0.6414034812882048, 
            "learning_rate": 0.14749108758169763, 
            "max_delta_step": 0.317983179393976, 
            "min_child_weight": 4.6320595986296516, 
            "subsample": 0.9325512806526925, 
            "reg_lambda": 0.7825944333024377, 
            "max_depth": 5, 
            "gamma": 0.29614019752214493, 
            "booster": "gbtree"
        }, 
        "num_samples": 744, 
        "score_time": 26, 
        "train_score": 0.9129146199935226, 
        "done_at": 1601323092982, 
        "test_score_gib": 0.8303889093362778
    }, 
    {
        "fit_time": 275, 
        "best_iteration": 7, 
        "test_score": 0.5171110871208032, 
        "time": 300, 
        "split_id": 0, 
        "parameters": {
            "reg_alpha": 0.7037372792899163, 
            "colsample_bytree": 0.7932564674050415, 
            "colsample_bylevel": 0.5915956810035584, 
            "learning_rate": 0.43157601168694526, 
            "max_delta_step": 0.004695476192547066, 
            "min_child_weight": 3.06328282665488, 
            "subsample": 0.716644030991022, 
            "reg_lambda": 0.6442382185242643, 
            "max_depth": 3, 
            "gamma": 0.020107546187493552, 
            "booster": "gbtree"
        }, 
        "num_samples": 746, 
        "score_time": 25, 
        "train_score": 0.5738187674832584, 
        "done_at": 1601323092858, 
        "test_score_gib": 0.5171110871208032
    }, 
    {
        "fit_time": 158, 
        "best_iteration": 0, 
        "test_score": 0.5, 
        "time": 183, 
        "split_id": 1, 
        "parameters": {
            "reg_alpha": 0.7037372792899163, 
            "colsample_bytree": 0.7932564674050415, 
            "colsample_bylevel": 0.5915956810035584, 
            "learning_rate": 0.43157601168694526, 
            "max_delta_step": 0.004695476192547066, 
            "min_child_weight": 3.06328282665488, 
            "subsample": 0.716644030991022, 
            "reg_lambda": 0.6442382185242643, 
            "max_depth": 3, 
            "gamma": 0.020107546187493552, 
            "booster": "gbtree"
        }, 
        "num_samples": 746, 
        "score_time": 25, 
        "train_score": 0.5, 
        "done_at": 1601323092856, 
        "test_score_gib": 0.5
    }, 
    {
        "fit_time": 314, 
        "best_iteration": 8, 
        "test_score": 0.5177210703526492, 
        "time": 333, 
        "split_id": 2, 
        "parameters": {
            "reg_alpha": 0.7037372792899163, 
            "colsample_bytree": 0.7932564674050415, 
            "colsample_bylevel": 0.5915956810035584, 
            "learning_rate": 0.43157601168694526, 
            "max_delta_step": 0.004695476192547066, 
            "min_child_weight": 3.06328282665488, 
            "subsample": 0.716644030991022, 
            "reg_lambda": 0.6442382185242643, 
            "max_depth": 3, 
            "gamma": 0.020107546187493552, 
            "booster": "gbtree"
        }, 
        "num_samples": 744, 
        "score_time": 19, 
        "train_score": 0.5246342977437115, 
        "done_at": 1601323093203, 
        "test_score_gib": 0.5177210703526492
    }, 
    {
        "fit_time": 1066, 
        "best_iteration": 37, 
        "test_score": 0.8144702040375689, 
        "time": 1107, 
        "split_id": 0, 
        "parameters": {
            "reg_alpha": 0.13179786240439217, 
            "colsample_bytree": 0.9583614770097304, 
            "colsample_bylevel": 0.7544844803335072, 
            "learning_rate": 0.13324499705224097, 
            "max_delta_step": 0.27771856128103245, 
            "min_child_weight": 3.503346709836568, 
            "subsample": 0.6447030464736005, 
            "reg_lambda": 0.8581636020592828, 
            "max_depth": 2, 
            "gamma": 0.9211576102371998, 
            "booster": "gbtree"
        }, 
        "num_samples": 746, 
        "score_time": 41, 
        "train_score": 0.875393744172247, 
        "done_at": 1601323093375, 
        "test_score_gib": 0.8144702040375689
    }, 
    {
        "fit_time": 71, 
        "best_iteration": 0, 
        "test_score": 0.5, 
        "time": 90, 
        "split_id": 1, 
        "parameters": {
            "reg_alpha": 0.13179786240439217, 
            "colsample_bytree": 0.9583614770097304, 
            "colsample_bylevel": 0.7544844803335072, 
            "learning_rate": 0.13324499705224097, 
            "max_delta_step": 0.27771856128103245, 
            "min_child_weight": 3.503346709836568, 
            "subsample": 0.6447030464736005, 
            "reg_lambda": 0.8581636020592828, 
            "max_depth": 2, 
            "gamma": 0.9211576102371998, 
            "booster": "gbtree"
        }, 
        "num_samples": 746, 
        "score_time": 19, 
        "train_score": 0.5, 
        "done_at": 1601323092553, 
        "test_score_gib": 0.5
    }, 
    {
        "fit_time": 117, 
        "best_iteration": 0, 
        "test_score": 0.5, 
        "time": 148, 
        "split_id": 2, 
        "parameters": {
            "reg_alpha": 0.13179786240439217, 
            "colsample_bytree": 0.9583614770097304, 
            "colsample_bylevel": 0.7544844803335072, 
            "learning_rate": 0.13324499705224097, 
            "max_delta_step": 0.27771856128103245, 
            "min_child_weight": 3.503346709836568, 
            "subsample": 0.6447030464736005, 
            "reg_lambda": 0.8581636020592828, 
            "max_depth": 2, 
            "gamma": 0.9211576102371998, 
            "booster": "gbtree"
        }, 
        "num_samples": 744, 
        "score_time": 31, 
        "train_score": 0.5, 
        "done_at": 1601323092666, 
        "test_score_gib": 0.5
    }, 
    {
        "fit_time": 282, 
        "best_iteration": 4, 
        "test_score": 0.8183161502752887, 
        "time": 306, 
        "split_id": 0, 
        "parameters": {
            "reg_alpha": 0.8464086724711278, 
            "colsample_bytree": 0.6980491377116811, 
            "colsample_bylevel": 0.8780533469325205, 
            "learning_rate": 0.3555684304925252, 
            "max_delta_step": 0.8915544372256771, 
            "min_child_weight": 2.5120642037793233, 
            "subsample": 0.6487184754275668, 
            "reg_lambda": 0.8497396376587522, 
            "max_depth": 3, 
            "gamma": 0.896038387509077, 
            "booster": "gbtree"
        }, 
        "num_samples": 746, 
        "score_time": 24, 
        "train_score": 0.8737085699754175, 
        "done_at": 1601323093172, 
        "test_score_gib": 0.8183161502752887
    }, 
    {
        "fit_time": 326, 
        "best_iteration": 4, 
        "test_score": 0.8561346216128685, 
        "time": 350, 
        "split_id": 1, 
        "parameters": {
            "reg_alpha": 0.8464086724711278, 
            "colsample_bytree": 0.6980491377116811, 
            "colsample_bylevel": 0.8780533469325205, 
            "learning_rate": 0.3555684304925252, 
            "max_delta_step": 0.8915544372256771, 
            "min_child_weight": 2.5120642037793233, 
            "subsample": 0.6487184754275668, 
            "reg_lambda": 0.8497396376587522, 
            "max_depth": 3, 
            "gamma": 0.896038387509077, 
            "booster": "gbtree"
        }, 
        "num_samples": 746, 
        "score_time": 24, 
        "train_score": 0.8685275917606171, 
        "done_at": 1601323093344, 
        "test_score_gib": 0.8561346216128685
    }, 
    {
        "fit_time": 420, 
        "best_iteration": 5, 
        "test_score": 0.8355620987199934, 
        "time": 453, 
        "split_id": 2, 
        "parameters": {
            "reg_alpha": 0.8464086724711278, 
            "colsample_bytree": 0.6980491377116811, 
            "colsample_bylevel": 0.8780533469325205, 
            "learning_rate": 0.3555684304925252, 
            "max_delta_step": 0.8915544372256771, 
            "min_child_weight": 2.5120642037793233, 
            "subsample": 0.6487184754275668, 
            "reg_lambda": 0.8497396376587522, 
            "max_depth": 3, 
            "gamma": 0.896038387509077, 
            "booster": "gbtree"
        }, 
        "num_samples": 744, 
        "score_time": 33, 
        "train_score": 0.8844175078268379, 
        "done_at": 1601323093632, 
        "test_score_gib": 0.8355620987199934
    }, 
    {
        "fit_time": 452, 
        "best_iteration": 8, 
        "test_score": 0.8287204469394364, 
        "time": 477, 
        "split_id": 0, 
        "parameters": {
            "reg_alpha": 0.6596684120694128, 
            "colsample_bytree": 0.6982528704234923, 
            "colsample_bylevel": 0.9068989098512386, 
            "learning_rate": 0.3325091490543435, 
            "max_delta_step": 0.8817353618548528, 
            "min_child_weight": 3.1480928828093724, 
            "subsample": 0.6152665117531649, 
            "reg_lambda": 0.7666031269583241, 
            "max_depth": 3, 
            "gamma": 0.8811031971111616, 
            "booster": "gbtree"
        }, 
        "num_samples": 746, 
        "score_time": 25, 
        "train_score": 0.8943595829448164, 
        "done_at": 1601323093716, 
        "test_score_gib": 0.8287204469394364
    }, 
    {
        "fit_time": 332, 
        "best_iteration": 4, 
        "test_score": 0.8455683903702904, 
        "time": 358, 
        "split_id": 1, 
        "parameters": {
            "reg_alpha": 0.6596684120694128, 
            "colsample_bytree": 0.6982528704234923, 
            "colsample_bylevel": 0.9068989098512386, 
            "learning_rate": 0.3325091490543435, 
            "max_delta_step": 0.8817353618548528, 
            "min_child_weight": 3.1480928828093724, 
            "subsample": 0.6152665117531649, 
            "reg_lambda": 0.7666031269583241, 
            "max_depth": 3, 
            "gamma": 0.8811031971111616, 
            "booster": "gbtree"
        }, 
        "num_samples": 746, 
        "score_time": 26, 
        "train_score": 0.8622073408493685, 
        "done_at": 1601323093707, 
        "test_score_gib": 0.8455683903702904
    }, 
    {
        "fit_time": 342, 
        "best_iteration": 7, 
        "test_score": 0.8405921563816301, 
        "time": 360, 
        "split_id": 2, 
        "parameters": {
            "reg_alpha": 0.6596684120694128, 
            "colsample_bytree": 0.6982528704234923, 
            "colsample_bylevel": 0.9068989098512386, 
            "learning_rate": 0.3325091490543435, 
            "max_delta_step": 0.8817353618548528, 
            "min_child_weight": 3.1480928828093724, 
            "subsample": 0.6152665117531649, 
            "reg_lambda": 0.7666031269583241, 
            "max_depth": 3, 
            "gamma": 0.8811031971111616, 
            "booster": "gbtree"
        }, 
        "num_samples": 744, 
        "score_time": 18, 
        "train_score": 0.8798900869048905, 
        "done_at": 1601323093748, 
        "test_score_gib": 0.8405921563816301
    }, 
    {
        "fit_time": 226, 
        "best_iteration": 5, 
        "test_score": 0.8303937709165496, 
        "time": 252, 
        "split_id": 0, 
        "parameters": {
            "reg_alpha": 0.6180154289988415, 
            "colsample_bytree": 0.8094042822956786, 
            "colsample_bylevel": 0.6974346467251146, 
            "learning_rate": 0.2880528757023061, 
            "max_delta_step": 0.7160745312286432, 
            "min_child_weight": 1.8053492324469982, 
            "subsample": 0.5677370321112252, 
            "reg_lambda": 0.7143843504728831, 
            "max_depth": 5, 
            "gamma": 0.474867515408942, 
            "booster": "gbtree"
        }, 
        "num_samples": 746, 
        "score_time": 26, 
        "train_score": 0.9041468169873697, 
        "done_at": 1601323093892, 
        "test_score_gib": 0.8303937709165496
    }, 
    {
        "fit_time": 269, 
        "best_iteration": 5, 
        "test_score": 0.836736208571737, 
        "time": 309, 
        "split_id": 1, 
        "parameters": {
            "reg_alpha": 0.6180154289988415, 
            "colsample_bytree": 0.8094042822956786, 
            "colsample_bylevel": 0.6974346467251146, 
            "learning_rate": 0.2880528757023061, 
            "max_delta_step": 0.7160745312286432, 
            "min_child_weight": 1.8053492324469982, 
            "subsample": 0.5677370321112252, 
            "reg_lambda": 0.7143843504728831, 
            "max_depth": 5, 
            "gamma": 0.474867515408942, 
            "booster": "gbtree"
        }, 
        "num_samples": 746, 
        "score_time": 40, 
        "train_score": 0.891935237772315, 
        "done_at": 1601323094025, 
        "test_score_gib": 0.836736208571737
    }, 
    {
        "fit_time": 254, 
        "best_iteration": 8, 
        "test_score": 0.844477160266634, 
        "time": 282, 
        "split_id": 2, 
        "parameters": {
            "reg_alpha": 0.6180154289988415, 
            "colsample_bytree": 0.8094042822956786, 
            "colsample_bylevel": 0.6974346467251146, 
            "learning_rate": 0.2880528757023061, 
            "max_delta_step": 0.7160745312286432, 
            "min_child_weight": 1.8053492324469982, 
            "subsample": 0.5677370321112252, 
            "reg_lambda": 0.7143843504728831, 
            "max_depth": 5, 
            "gamma": 0.474867515408942, 
            "booster": "gbtree"
        }, 
        "num_samples": 744, 
        "score_time": 28, 
        "train_score": 0.9110085150599158, 
        "done_at": 1601323094002, 
        "test_score_gib": 0.844477160266634
    }, 
    {
        "fit_time": 91, 
        "best_iteration": 0, 
        "test_score": 0.5, 
        "time": 117, 
        "split_id": 0, 
        "parameters": {
            "reg_alpha": 0.9988470065678665, 
            "colsample_bytree": 0.6301704637937023, 
            "colsample_bylevel": 0.9920211206820733, 
            "learning_rate": 0.279170468748292, 
            "max_delta_step": 0.09956908911081108, 
            "min_child_weight": 3.7140858479710013, 
            "subsample": 0.9340630286841072, 
            "reg_lambda": 0.5747241523289969, 
            "max_depth": 2, 
            "gamma": 0.5370225213757797, 
            "booster": "gbtree"
        }, 
        "num_samples": 746, 
        "score_time": 26, 
        "train_score": 0.5, 
        "done_at": 1601323094156, 
        "test_score_gib": 0.5
    }, 
    {
        "fit_time": 118, 
        "best_iteration": 0, 
        "test_score": 0.5, 
        "time": 150, 
        "split_id": 1, 
        "parameters": {
            "reg_alpha": 0.9988470065678665, 
            "colsample_bytree": 0.6301704637937023, 
            "colsample_bylevel": 0.9920211206820733, 
            "learning_rate": 0.279170468748292, 
            "max_delta_step": 0.09956908911081108, 
            "min_child_weight": 3.7140858479710013, 
            "subsample": 0.9340630286841072, 
            "reg_lambda": 0.5747241523289969, 
            "max_depth": 2, 
            "gamma": 0.5370225213757797, 
            "booster": "gbtree"
        }, 
        "num_samples": 746, 
        "score_time": 32, 
        "train_score": 0.5, 
        "done_at": 1601323094303, 
        "test_score_gib": 0.5
    }, 
    {
        "fit_time": 70, 
        "best_iteration": 0, 
        "test_score": 0.5, 
        "time": 83, 
        "split_id": 2, 
        "parameters": {
            "reg_alpha": 0.9988470065678665, 
            "colsample_bytree": 0.6301704637937023, 
            "colsample_bylevel": 0.9920211206820733, 
            "learning_rate": 0.279170468748292, 
            "max_delta_step": 0.09956908911081108, 
            "min_child_weight": 3.7140858479710013, 
            "subsample": 0.9340630286841072, 
            "reg_lambda": 0.5747241523289969, 
            "max_depth": 2, 
            "gamma": 0.5370225213757797, 
            "booster": "gbtree"
        }, 
        "num_samples": 744, 
        "score_time": 13, 
        "train_score": 0.5, 
        "done_at": 1601323094245, 
        "test_score_gib": 0.5
    }, 
    {
        "fit_time": 361, 
        "best_iteration": 15, 
        "test_score": 0.8275599157940192, 
        "time": 385, 
        "split_id": 0, 
        "parameters": {
            "reg_alpha": 0.22126268518378278, 
            "colsample_bytree": 0.7849824553506324, 
            "colsample_bylevel": 0.6491411629780154, 
            "learning_rate": 0.32973009953983157, 
            "max_delta_step": 0.6532008198571336, 
            "min_child_weight": 1.9444875861807387, 
            "subsample": 0.548629963531587, 
            "reg_lambda": 0.5706319524629484, 
            "max_depth": 3, 
            "gamma": 0.5908727612481732, 
            "booster": "gbtree"
        }, 
        "num_samples": 746, 
        "score_time": 24, 
        "train_score": 0.9034788505552258, 
        "done_at": 1601323094145, 
        "test_score_gib": 0.8275599157940192
    }, 
    {
        "fit_time": 380, 
        "best_iteration": 12, 
        "test_score": 0.8561143797905646, 
        "time": 437, 
        "split_id": 1, 
        "parameters": {
            "reg_alpha": 0.22126268518378278, 
            "colsample_bytree": 0.7849824553506324, 
            "colsample_bylevel": 0.6491411629780154, 
            "learning_rate": 0.32973009953983157, 
            "max_delta_step": 0.6532008198571336, 
            "min_child_weight": 1.9444875861807387, 
            "subsample": 0.548629963531587, 
            "reg_lambda": 0.5706319524629484, 
            "max_depth": 3, 
            "gamma": 0.5908727612481732, 
            "booster": "gbtree"
        }, 
        "num_samples": 746, 
        "score_time": 57, 
        "train_score": 0.8807323895905739, 
        "done_at": 1601323094333, 
        "test_score_gib": 0.8561143797905646
    }, 
    {
        "fit_time": 247, 
        "best_iteration": 4, 
        "test_score": 0.8292983819299609, 
        "time": 275, 
        "split_id": 2, 
        "parameters": {
            "reg_alpha": 0.22126268518378278, 
            "colsample_bytree": 0.7849824553506324, 
            "colsample_bylevel": 0.6491411629780154, 
            "learning_rate": 0.32973009953983157, 
            "max_delta_step": 0.6532008198571336, 
            "min_child_weight": 1.9444875861807387, 
            "subsample": 0.548629963531587, 
            "reg_lambda": 0.5706319524629484, 
            "max_depth": 3, 
            "gamma": 0.5908727612481732, 
            "booster": "gbtree"
        }, 
        "num_samples": 744, 
        "score_time": 28, 
        "train_score": 0.8586412339414876, 
        "done_at": 1601323094284, 
        "test_score_gib": 0.8292983819299609
    }, 
    {
        "fit_time": 267, 
        "best_iteration": 5, 
        "test_score": 0.8395363273237613, 
        "time": 289, 
        "split_id": 0, 
        "parameters": {
            "reg_alpha": 0.03322238526617727, 
            "colsample_bytree": 0.8077797821419221, 
            "colsample_bylevel": 0.5812464673381874, 
            "learning_rate": 0.43920329172889383, 
            "max_delta_step": 0.8073189587250107, 
            "min_child_weight": 1.1298766347194076, 
            "subsample": 0.6866453753916274, 
            "reg_lambda": 0.9912874799125968, 
            "max_depth": 3, 
            "gamma": 0.12381998284944151, 
            "booster": "gbtree"
        }, 
        "num_samples": 746, 
        "score_time": 22, 
        "train_score": 0.8883461897092481, 
        "done_at": 1601323094538, 
        "test_score_gib": 0.8395363273237613
    }, 
    {
        "fit_time": 639, 
        "best_iteration": 15, 
        "test_score": 0.8562830616430962, 
        "time": 659, 
        "split_id": 1, 
        "parameters": {
            "reg_alpha": 0.03322238526617727, 
            "colsample_bytree": 0.8077797821419221, 
            "colsample_bylevel": 0.5812464673381874, 
            "learning_rate": 0.43920329172889383, 
            "max_delta_step": 0.8073189587250107, 
            "min_child_weight": 1.1298766347194076, 
            "subsample": 0.6866453753916274, 
            "reg_lambda": 0.9912874799125968, 
            "max_depth": 3, 
            "gamma": 0.12381998284944151, 
            "booster": "gbtree"
        }, 
        "num_samples": 746, 
        "score_time": 20, 
        "train_score": 0.9189810968890396, 
        "done_at": 1601323094951, 
        "test_score_gib": 0.8562830616430962
    }, 
    {
        "fit_time": 518, 
        "best_iteration": 11, 
        "test_score": 0.8401014190487874, 
        "time": 543, 
        "split_id": 2, 
        "parameters": {
            "reg_alpha": 0.03322238526617727, 
            "colsample_bytree": 0.8077797821419221, 
            "colsample_bylevel": 0.5812464673381874, 
            "learning_rate": 0.43920329172889383, 
            "max_delta_step": 0.8073189587250107, 
            "min_child_weight": 1.1298766347194076, 
            "subsample": 0.6866453753916274, 
            "reg_lambda": 0.9912874799125968, 
            "max_depth": 3, 
            "gamma": 0.12381998284944151, 
            "booster": "gbtree"
        }, 
        "num_samples": 744, 
        "score_time": 25, 
        "train_score": 0.9152694186548634, 
        "done_at": 1601323094864, 
        "test_score_gib": 0.8401014190487874
    }, 
    {
        "fit_time": 104, 
        "best_iteration": 0, 
        "test_score": 0.5, 
        "time": 121, 
        "split_id": 0, 
        "parameters": {
            "reg_alpha": 0.729990562424058, 
            "colsample_bytree": 0.5252940575271186, 
            "colsample_bylevel": 0.7100376848953054, 
            "learning_rate": 0.1066511894935469, 
            "max_delta_step": 0.23074233540679567, 
            "min_child_weight": 2.1199012901526375, 
            "subsample": 0.7605183031020646, 
            "reg_lambda": 0.5858148386307203, 
            "max_depth": 5, 
            "gamma": 0.36549610626341034, 
            "booster": "gbtree"
        }, 
        "num_samples": 746, 
        "score_time": 17, 
        "train_score": 0.5, 
        "done_at": 1601323094471, 
        "test_score_gib": 0.5
    }, 
    {
        "fit_time": 221, 
        "best_iteration": 0, 
        "test_score": 0.5, 
        "time": 245, 
        "split_id": 1, 
        "parameters": {
            "reg_alpha": 0.729990562424058, 
            "colsample_bytree": 0.5252940575271186, 
            "colsample_bylevel": 0.7100376848953054, 
            "learning_rate": 0.1066511894935469, 
            "max_delta_step": 0.23074233540679567, 
            "min_child_weight": 2.1199012901526375, 
            "subsample": 0.7605183031020646, 
            "reg_lambda": 0.5858148386307203, 
            "max_depth": 5, 
            "gamma": 0.36549610626341034, 
            "booster": "gbtree"
        }, 
        "num_samples": 746, 
        "score_time": 24, 
        "train_score": 0.5, 
        "done_at": 1601323094720, 
        "test_score_gib": 0.5
    }, 
    {
        "fit_time": 662, 
        "best_iteration": 23, 
        "test_score": 0.7635327635327636, 
        "time": 683, 
        "split_id": 2, 
        "parameters": {
            "reg_alpha": 0.729990562424058, 
            "colsample_bytree": 0.5252940575271186, 
            "colsample_bylevel": 0.7100376848953054, 
            "learning_rate": 0.1066511894935469, 
            "max_delta_step": 0.23074233540679567, 
            "min_child_weight": 2.1199012901526375, 
            "subsample": 0.7605183031020646, 
            "reg_lambda": 0.5858148386307203, 
            "max_depth": 5, 
            "gamma": 0.36549610626341034, 
            "booster": "gbtree"
        }, 
        "num_samples": 744, 
        "score_time": 21, 
        "train_score": 0.8526091708949586, 
        "done_at": 1601323095227, 
        "test_score_gib": 0.7635327635327636
    }, 
    {
        "fit_time": 306, 
        "best_iteration": 9, 
        "test_score": 0.7854839144985425, 
        "time": 323, 
        "split_id": 0, 
        "parameters": {
            "reg_alpha": 0.608252865854013, 
            "colsample_bytree": 0.5999982624482001, 
            "colsample_bylevel": 0.5271689941696268, 
            "learning_rate": 0.4174790813429683, 
            "max_delta_step": 0.22392468806038013, 
            "min_child_weight": 4.748538879129036, 
            "subsample": 0.8918221226509442, 
            "reg_lambda": 0.7983277031475265, 
            "max_depth": 3, 
            "gamma": 0.01852179446061397, 
            "booster": "gbtree"
        }, 
        "num_samples": 746, 
        "score_time": 17, 
        "train_score": 0.8533966262609138, 
        "done_at": 1601323095046, 
        "test_score_gib": 0.7854839144985425
    }, 
    {
        "fit_time": 434, 
        "best_iteration": 12, 
        "test_score": 0.8522077080859333, 
        "time": 458, 
        "split_id": 1, 
        "parameters": {
            "reg_alpha": 0.608252865854013, 
            "colsample_bytree": 0.5999982624482001, 
            "colsample_bylevel": 0.5271689941696268, 
            "learning_rate": 0.4174790813429683, 
            "max_delta_step": 0.22392468806038013, 
            "min_child_weight": 4.748538879129036, 
            "subsample": 0.8918221226509442, 
            "reg_lambda": 0.7983277031475265, 
            "max_depth": 3, 
            "gamma": 0.01852179446061397, 
            "booster": "gbtree"
        }, 
        "num_samples": 746, 
        "score_time": 24, 
        "train_score": 0.868449605831991, 
        "done_at": 1601323095326, 
        "test_score_gib": 0.8522077080859333
    }, 
    {
        "fit_time": 266, 
        "best_iteration": 10, 
        "test_score": 0.8417099469731049, 
        "time": 298, 
        "split_id": 2, 
        "parameters": {
            "reg_alpha": 0.608252865854013, 
            "colsample_bytree": 0.5999982624482001, 
            "colsample_bylevel": 0.5271689941696268, 
            "learning_rate": 0.4174790813429683, 
            "max_delta_step": 0.22392468806038013, 
            "min_child_weight": 4.748538879129036, 
            "subsample": 0.8918221226509442, 
            "reg_lambda": 0.7983277031475265, 
            "max_depth": 3, 
            "gamma": 0.01852179446061397, 
            "booster": "gbtree"
        }, 
        "num_samples": 744, 
        "score_time": 32, 
        "train_score": 0.8623151246896255, 
        "done_at": 1601323095264, 
        "test_score_gib": 0.8417099469731049
    }, 
    {
        "fit_time": 423, 
        "best_iteration": 9, 
        "test_score": 0.8319861276044478, 
        "time": 444, 
        "split_id": 0, 
        "parameters": {
            "reg_alpha": 0.6805446911927795, 
            "colsample_bytree": 0.6049218744875611, 
            "colsample_bylevel": 0.6991105311080459, 
            "learning_rate": 0.4777489559935735, 
            "max_delta_step": 0.7395507950492876, 
            "min_child_weight": 4.866065073932453, 
            "subsample": 0.5282091663569831, 
            "reg_lambda": 0.5426477829293503, 
            "max_depth": 4, 
            "gamma": 0.18619300588033616, 
            "booster": "gbtree"
        }, 
        "num_samples": 746, 
        "score_time": 21, 
        "train_score": 0.8969805882851571, 
        "done_at": 1601323095787, 
        "test_score_gib": 0.8319861276044478
    }, 
    {
        "fit_time": 540, 
        "best_iteration": 13, 
        "test_score": 0.8509999460218072, 
        "time": 565, 
        "split_id": 1, 
        "parameters": {
            "reg_alpha": 0.6805446911927795, 
            "colsample_bytree": 0.6049218744875611, 
            "colsample_bylevel": 0.6991105311080459, 
            "learning_rate": 0.4777489559935735, 
            "max_delta_step": 0.7395507950492876, 
            "min_child_weight": 4.866065073932453, 
            "subsample": 0.5282091663569831, 
            "reg_lambda": 0.5426477829293503, 
            "max_depth": 4, 
            "gamma": 0.18619300588033616, 
            "booster": "gbtree"
        }, 
        "num_samples": 746, 
        "score_time": 25, 
        "train_score": 0.9193981520725608, 
        "done_at": 1601323095927, 
        "test_score_gib": 0.8509999460218072
    }, 
    {
        "fit_time": 305, 
        "best_iteration": 6, 
        "test_score": 0.8498480077427446, 
        "time": 362, 
        "split_id": 2, 
        "parameters": {
            "reg_alpha": 0.6805446911927795, 
            "colsample_bytree": 0.6049218744875611, 
            "colsample_bylevel": 0.6991105311080459, 
            "learning_rate": 0.4777489559935735, 
            "max_delta_step": 0.7395507950492876, 
            "min_child_weight": 4.866065073932453, 
            "subsample": 0.5282091663569831, 
            "reg_lambda": 0.5426477829293503, 
            "max_depth": 4, 
            "gamma": 0.18619300588033616, 
            "booster": "gbtree"
        }, 
        "num_samples": 744, 
        "score_time": 57, 
        "train_score": 0.8910011605311454, 
        "done_at": 1601323095914, 
        "test_score_gib": 0.8498480077427446
    }, 
    {
        "fit_time": 406, 
        "best_iteration": 15, 
        "test_score": 0.8285112814422975, 
        "time": 496, 
        "split_id": 0, 
        "parameters": {
            "reg_alpha": 0.589909976354571, 
            "colsample_bytree": 0.5251850283787719, 
            "colsample_bylevel": 0.7500131488646506, 
            "learning_rate": 0.4969585595554531, 
            "max_delta_step": 0.26726253788147825, 
            "min_child_weight": 2.9103476136123123, 
            "subsample": 0.6559724977398009, 
            "reg_lambda": 0.8650610147583848, 
            "max_depth": 2, 
            "gamma": 0.6990980747185112, 
            "booster": "gbtree"
        }, 
        "num_samples": 746, 
        "score_time": 90, 
        "train_score": 0.8658760701873358, 
        "done_at": 1601323095545, 
        "test_score_gib": 0.8285112814422975
    }, 
    {
        "fit_time": 104, 
        "best_iteration": 0, 
        "test_score": 0.5, 
        "time": 122, 
        "split_id": 1, 
        "parameters": {
            "reg_alpha": 0.589909976354571, 
            "colsample_bytree": 0.5251850283787719, 
            "colsample_bylevel": 0.7500131488646506, 
            "learning_rate": 0.4969585595554531, 
            "max_delta_step": 0.26726253788147825, 
            "min_child_weight": 2.9103476136123123, 
            "subsample": 0.6559724977398009, 
            "reg_lambda": 0.8650610147583848, 
            "max_depth": 2, 
            "gamma": 0.6990980747185112, 
            "booster": "gbtree"
        }, 
        "num_samples": 746, 
        "score_time": 18, 
        "train_score": 0.5, 
        "done_at": 1601323095359, 
        "test_score_gib": 0.5
    }, 
    {
        "fit_time": 658, 
        "best_iteration": 21, 
        "test_score": 0.8446816341553184, 
        "time": 696, 
        "split_id": 2, 
        "parameters": {
            "reg_alpha": 0.589909976354571, 
            "colsample_bytree": 0.5251850283787719, 
            "colsample_bylevel": 0.7500131488646506, 
            "learning_rate": 0.4969585595554531, 
            "max_delta_step": 0.26726253788147825, 
            "min_child_weight": 2.9103476136123123, 
            "subsample": 0.6559724977398009, 
            "reg_lambda": 0.8650610147583848, 
            "max_depth": 2, 
            "gamma": 0.6990980747185112, 
            "booster": "gbtree"
        }, 
        "num_samples": 744, 
        "score_time": 38, 
        "train_score": 0.8802105824247005, 
        "done_at": 1601323095966, 
        "test_score_gib": 0.8446816341553184
    }, 
    {
        "fit_time": 282, 
        "best_iteration": 6, 
        "test_score": 0.8144836985857713, 
        "time": 317, 
        "split_id": 0, 
        "parameters": {
            "reg_alpha": 0.6793927734985673, 
            "colsample_bytree": 0.9405022811008374, 
            "colsample_bylevel": 0.7439188521794822, 
            "learning_rate": 0.3470631664383521, 
            "max_delta_step": 0.5424987750103974, 
            "min_child_weight": 0.8026233415846187, 
            "subsample": 0.7682896055543611, 
            "reg_lambda": 0.7268484222780227, 
            "max_depth": 4, 
            "gamma": 0.9764043865930425, 
            "booster": "gbtree"
        }, 
        "num_samples": 746, 
        "score_time": 35, 
        "train_score": 0.9127846062558279, 
        "done_at": 1601323096111, 
        "test_score_gib": 0.8144836985857713
    }, 
    {
        "fit_time": 400, 
        "best_iteration": 12, 
        "test_score": 0.8422284896901652, 
        "time": 425, 
        "split_id": 1, 
        "parameters": {
            "reg_alpha": 0.6793927734985673, 
            "colsample_bytree": 0.9405022811008374, 
            "colsample_bylevel": 0.7439188521794822, 
            "learning_rate": 0.3470631664383521, 
            "max_delta_step": 0.5424987750103974, 
            "min_child_weight": 0.8026233415846187, 
            "subsample": 0.7682896055543611, 
            "reg_lambda": 0.7268484222780227, 
            "max_depth": 4, 
            "gamma": 0.9764043865930425, 
            "booster": "gbtree"
        }, 
        "num_samples": 746, 
        "score_time": 25, 
        "train_score": 0.9289972026786472, 
        "done_at": 1601323096343, 
        "test_score_gib": 0.8422284896901652
    }, 
    {
        "fit_time": 494, 
        "best_iteration": 17, 
        "test_score": 0.8382475224580489, 
        "time": 527, 
        "split_id": 2, 
        "parameters": {
            "reg_alpha": 0.6793927734985673, 
            "colsample_bytree": 0.9405022811008374, 
            "colsample_bylevel": 0.7439188521794822, 
            "learning_rate": 0.3470631664383521, 
            "max_delta_step": 0.5424987750103974, 
            "min_child_weight": 0.8026233415846187, 
            "subsample": 0.7682896055543611, 
            "reg_lambda": 0.7268484222780227, 
            "max_depth": 4, 
            "gamma": 0.9764043865930425, 
            "booster": "gbtree"
        }, 
        "num_samples": 744, 
        "score_time": 33, 
        "train_score": 0.9442304059160098, 
        "done_at": 1601323096480, 
        "test_score_gib": 0.8382475224580489
    }, 
    {
        "fit_time": 546, 
        "best_iteration": 18, 
        "test_score": 0.8184713375796179, 
        "time": 572, 
        "split_id": 0, 
        "parameters": {
            "reg_alpha": 0.8815853992105808, 
            "colsample_bytree": 0.9951694736983522, 
            "colsample_bylevel": 0.9483356465201711, 
            "learning_rate": 0.36523128124004034, 
            "max_delta_step": 0.26332237673715064, 
            "min_child_weight": 1.5314869538896074, 
            "subsample": 0.8228922992509495, 
            "reg_lambda": 0.9522124878446158, 
            "max_depth": 4, 
            "gamma": 0.21689698439847394, 
            "booster": "gbtree"
        }, 
        "num_samples": 746, 
        "score_time": 26, 
        "train_score": 0.9267729083665338, 
        "done_at": 1601323096556, 
        "test_score_gib": 0.8184713375796179
    }, 
    {
        "fit_time": 464, 
        "best_iteration": 15, 
        "test_score": 0.846992065205657, 
        "time": 484, 
        "split_id": 1, 
        "parameters": {
            "reg_alpha": 0.8815853992105808, 
            "colsample_bytree": 0.9951694736983522, 
            "colsample_bylevel": 0.9483356465201711, 
            "learning_rate": 0.36523128124004034, 
            "max_delta_step": 0.26332237673715064, 
            "min_child_weight": 1.5314869538896074, 
            "subsample": 0.8228922992509495, 
            "reg_lambda": 0.9522124878446158, 
            "max_depth": 4, 
            "gamma": 0.21689698439847394, 
            "booster": "gbtree"
        }, 
        "num_samples": 746, 
        "score_time": 20, 
        "train_score": 0.9210477239976266, 
        "done_at": 1601323096598, 
        "test_score_gib": 0.846992065205657
    }, 
    {
        "fit_time": 558, 
        "best_iteration": 17, 
        "test_score": 0.8369457053667582, 
        "time": 575, 
        "split_id": 2, 
        "parameters": {
            "reg_alpha": 0.8815853992105808, 
            "colsample_bytree": 0.9951694736983522, 
            "colsample_bylevel": 0.9483356465201711, 
            "learning_rate": 0.36523128124004034, 
            "max_delta_step": 0.26332237673715064, 
            "min_child_weight": 1.5314869538896074, 
            "subsample": 0.8228922992509495, 
            "reg_lambda": 0.9522124878446158, 
            "max_depth": 4, 
            "gamma": 0.21689698439847394, 
            "booster": "gbtree"
        }, 
        "num_samples": 744, 
        "score_time": 17, 
        "train_score": 0.9164856148116161, 
        "done_at": 1601323096922, 
        "test_score_gib": 0.8369457053667582
    }, 
    {
        "fit_time": 582, 
        "best_iteration": 27, 
        "test_score": 0.8293277016085502, 
        "time": 605, 
        "split_id": 0, 
        "parameters": {
            "reg_alpha": 0.9527916569719446, 
            "colsample_bytree": 0.7598555968291381, 
            "colsample_bylevel": 0.6623414860332326, 
            "learning_rate": 0.22474408827287565, 
            "max_delta_step": 0.42545153795217594, 
            "min_child_weight": 1.3353617493767849, 
            "subsample": 0.6077538385567792, 
            "reg_lambda": 0.8437441381939077, 
            "max_depth": 4, 
            "gamma": 5.535686500857118e-05, 
            "booster": "gbtree"
        }, 
        "num_samples": 746, 
        "score_time": 23, 
        "train_score": 0.9271967449351529, 
        "done_at": 1601323097107, 
        "test_score_gib": 0.8293277016085502
    }, 
    {
        "fit_time": 445, 
        "best_iteration": 17, 
        "test_score": 0.8493401165928967, 
        "time": 463, 
        "split_id": 1, 
        "parameters": {
            "reg_alpha": 0.9527916569719446, 
            "colsample_bytree": 0.7598555968291381, 
            "colsample_bylevel": 0.6623414860332326, 
            "learning_rate": 0.22474408827287565, 
            "max_delta_step": 0.42545153795217594, 
            "min_child_weight": 1.3353617493767849, 
            "subsample": 0.6077538385567792, 
            "reg_lambda": 0.8437441381939077, 
            "max_depth": 4, 
            "gamma": 5.535686500857118e-05, 
            "booster": "gbtree"
        }, 
        "num_samples": 746, 
        "score_time": 18, 
        "train_score": 0.9041502076799187, 
        "done_at": 1601323097024, 
        "test_score_gib": 0.8493401165928967
    }, 
    {
        "fit_time": 477, 
        "best_iteration": 15, 
        "test_score": 0.8513951935004567, 
        "time": 499, 
        "split_id": 2, 
        "parameters": {
            "reg_alpha": 0.9527916569719446, 
            "colsample_bytree": 0.7598555968291381, 
            "colsample_bylevel": 0.6623414860332326, 
            "learning_rate": 0.22474408827287565, 
            "max_delta_step": 0.42545153795217594, 
            "min_child_weight": 1.3353617493767849, 
            "subsample": 0.6077538385567792, 
            "reg_lambda": 0.8437441381939077, 
            "max_depth": 4, 
            "gamma": 5.535686500857118e-05, 
            "booster": "gbtree"
        }, 
        "num_samples": 744, 
        "score_time": 22, 
        "train_score": 0.9030467316204254, 
        "done_at": 1601323097106, 
        "test_score_gib": 0.8513951935004567
    }
]