{
    "usedGridSearch": true, 
    "probaAware": true, 
    "gridSize": 24, 
    "rawImportance": {
        "variables": [
            "Age", 
            "Amount_Requested", 
            "Debt_To_Income_Ratio", 
            "Employment_Duration", 
            "FICO_Avg", 
            "Inquiries_in_the_Last_6_Months", 
            "Interest_Rate", 
            "Monthly_Income", 
            "Open_CREDIT_Lines", 
            "Revolving_CREDIT_Balance", 
            "dummy:Loan_Purpose:debt_consolidation", 
            "dummy:Loan_Purpose:other", 
            "dummy:Loan_Purpose:home_improvement"
        ], 
        "importances": [
            0.0625, 
            0.1458333283662796, 
            0.0416666679084301, 
            0.0416666679084301, 
            0.2083333283662796, 
            0.0416666679084301, 
            0.1041666641831398, 
            0.125, 
            0.0416666679084301, 
            0.125, 
            0.02083333395421505, 
            0.02083333395421505, 
            0.02083333395421505
        ]
    }, 
    "modelInputNRows": 2236, 
    "modelInputNCols": 80, 
    "modelInputMemory": 1431040, 
    "gridCells": [
        {
            "scoreTimeStd": 0.011115554667022045, 
            "scoreTime": 0.03066666666666667, 
            "fitTime": 0.224, 
            "score": 0.8394894267176054, 
            "params": {
                "reg_alpha": 0.2975346065444723, 
                "colsample_bytree": 0.8575946831862098, 
                "colsample_bylevel": 0.7744067519636624, 
                "learning_rate": 0.31795327319875877, 
                "max_delta_step": 0.4236547993389047, 
                "min_child_weight": 2.2297176828171494, 
                "subsample": 0.6363281472900566, 
                "reg_lambda": 0.5283564886587215, 
                "max_depth": 3, 
                "gamma": 0.6027633760716439, 
                "booster": "gbtree"
            }, 
            "fitTimeStd": 0.08309432391365049, 
            "scoreStd": 0.011369617971126027
        }, 
        {
            "scoreTimeStd": 0.0059066817155564505, 
            "scoreTime": 0.017666666666666667, 
            "fitTime": 0.16866666666666666, 
            "score": 0.841017554613278, 
            "params": {
                "reg_alpha": 0.02021839744032572, 
                "colsample_bytree": 0.9060843643877465, 
                "colsample_bylevel": 0.738832558660675, 
                "learning_rate": 0.25711391844033193, 
                "max_delta_step": 0.8360787635373775, 
                "min_child_weight": 0.8920818486569332, 
                "subsample": 0.8890783754749252, 
                "reg_lambda": 0.916309922773969, 
                "max_depth": 2, 
                "gamma": 0.4799771723750573, 
                "booster": "gbtree"
            }, 
            "fitTimeStd": 0.05571554740126155, 
            "scoreStd": 0.008687740445074931
        }, 
        {
            "scoreTimeStd": 0.01489966442575134, 
            "scoreTime": 0.038, 
            "fitTime": 0.2916666666666667, 
            "score": 0.8381133940567392, 
            "params": {
                "reg_alpha": 0.5820197920751071, 
                "colsample_bytree": 0.989309171116382, 
                "colsample_bylevel": 0.9350060741234096, 
                "learning_rate": 0.2845917449011728, 
                "max_delta_step": 0.7805291762864555, 
                "min_child_weight": 3.742846946266625, 
                "subsample": 0.8793078121611786, 
                "reg_lambda": 0.7686866147245053, 
                "max_depth": 4, 
                "gamma": 0.7991585642167236, 
                "booster": "gbtree"
            }, 
            "fitTimeStd": 0.026562295750848716, 
            "scoreStd": 0.00926151249926269
        }, 
        {
            "scoreTimeStd": 0.019026297590440448, 
            "scoreTime": 0.044, 
            "fitTime": 0.325, 
            "score": 0.8108327938303049, 
            "params": {
                "reg_alpha": 0.6176354970758771, 
                "colsample_bytree": 0.7368002096733287, 
                "colsample_bylevel": 0.5529538035938961, 
                "learning_rate": 0.39476727085158325, 
                "max_delta_step": 0.21655035442437187, 
                "min_child_weight": 0.5845541019635981, 
                "subsample": 0.8084669984373785, 
                "reg_lambda": 0.8060478613612108, 
                "max_depth": 2, 
                "gamma": 0.18633234332675996, 
                "booster": "gbtree"
            }, 
            "fitTimeStd": 0.08778382538941898, 
            "scoreStd": 0.0197215017190547
        }, 
        {
            "scoreTimeStd": 0.0, 
            "scoreTime": 0.019, 
            "fitTime": 0.3606666666666667, 
            "score": 0.846114420191183, 
            "params": {
                "reg_alpha": 0.6531400357979377, 
                "colsample_bytree": 0.8409101495517417, 
                "colsample_bylevel": 0.9718740392573121, 
                "learning_rate": 0.2748127815197366, 
                "max_delta_step": 0.6976311959272649, 
                "min_child_weight": 4.864140804860369, 
                "n_estimators": 10, 
                "subsample": 0.6790760834847624, 
                "reg_lambda": 0.5854547925680226, 
                "max_depth": 3, 
                "gamma": 0.359507900573786, 
                "booster": "gbtree"
            }, 
            "fitTimeStd": 0.06518861522962086, 
            "scoreStd": 0.009114070116154015
        }, 
        {
            "scoreTimeStd": 0.01870828693386971, 
            "scoreTime": 0.051, 
            "fitTime": 0.5533333333333333, 
            "score": 0.8270302765312257, 
            "params": {
                "reg_alpha": 0.2088767560948347, 
                "colsample_bytree": 0.8039153343577339, 
                "colsample_bylevel": 0.8753430706092281, 
                "learning_rate": 0.11537017058909389, 
                "max_delta_step": 0.634274057957335, 
                "min_child_weight": 0.9592016483661263, 
                "subsample": 0.8265541627326992, 
                "reg_lambda": 0.5806547589424982, 
                "max_depth": 4, 
                "gamma": 0.3250472290083525, 
                "booster": "gbtree"
            }, 
            "fitTimeStd": 0.10172293524842643, 
            "scoreStd": 0.012828258462119664
        }, 
        {
            "scoreTimeStd": 0.0060184900284225955, 
            "scoreTime": 0.02366666666666667, 
            "fitTime": 0.24033333333333334, 
            "score": 0.50565927313487, 
            "params": {
                "reg_alpha": 0.778345482025909, 
                "colsample_bytree": 0.7331553864281531, 
                "colsample_bylevel": 0.626645801269891, 
                "learning_rate": 0.16358783345820788, 
                "max_delta_step": 0.11037514116430513, 
                "min_child_weight": 1.9274078393118323, 
                "subsample": 0.8312634334750222, 
                "reg_lambda": 0.9747855267253711, 
                "max_depth": 3, 
                "gamma": 0.24442559200160274, 
                "booster": "gbtree"
            }, 
            "fitTimeStd": 0.16295670863419184, 
            "scoreStd": 0.007998054798568991
        }, 
        {
            "scoreTimeStd": 0.0018856180831641268, 
            "scoreTime": 0.02033333333333333, 
            "fitTime": 0.2866666666666667, 
            "score": 0.8310270227717501, 
            "params": {
                "reg_alpha": 0.604845519745046, 
                "colsample_bytree": 0.8114230477733347, 
                "colsample_bylevel": 0.5067858178060549, 
                "learning_rate": 0.48877800099986635, 
                "max_delta_step": 0.878193471347177, 
                "min_child_weight": 4.895424896856517, 
                "subsample": 0.5195938961271603, 
                "reg_lambda": 0.8696317896991508, 
                "max_depth": 4, 
                "gamma": 0.6736596308357894, 
                "booster": "gbtree"
            }, 
            "fitTimeStd": 0.046132658954608524, 
            "scoreStd": 0.010926163586074823
        }, 
        {
            "scoreTimeStd": 0.004898979485566356, 
            "scoreTime": 0.02, 
            "fitTime": 0.5453333333333333, 
            "score": 0.8308806426564147, 
            "params": {
                "reg_alpha": 0.21682213762754288, 
                "colsample_bytree": 0.5600982806065844, 
                "colsample_bylevel": 0.6414034812882048, 
                "learning_rate": 0.14749108758169763, 
                "max_delta_step": 0.317983179393976, 
                "min_child_weight": 4.6320595986296516, 
                "subsample": 0.9325512806526925, 
                "reg_lambda": 0.7825944333024377, 
                "max_depth": 5, 
                "gamma": 0.29614019752214493, 
                "booster": "gbtree"
            }, 
            "fitTimeStd": 0.16383392675375744, 
            "scoreStd": 0.010199597376778974
        }, 
        {
            "scoreTimeStd": 0.008993825042154695, 
            "scoreTime": 0.030333333333333334, 
            "fitTime": 0.418, 
            "score": 0.6049171610966129, 
            "params": {
                "reg_alpha": 0.13179786240439217, 
                "colsample_bytree": 0.9583614770097304, 
                "colsample_bylevel": 0.7544844803335072, 
                "learning_rate": 0.13324499705224097, 
                "max_delta_step": 0.27771856128103245, 
                "min_child_weight": 3.503346709836568, 
                "subsample": 0.6447030464736005, 
                "reg_lambda": 0.8581636020592828, 
                "max_depth": 2, 
                "gamma": 0.9211576102371998, 
                "booster": "gbtree"
            }, 
            "fitTimeStd": 0.4585898676013968, 
            "scoreStd": 0.14827579156599272
        }, 
        {
            "scoreTimeStd": 0.0028284271247461905, 
            "scoreTime": 0.023, 
            "fitTime": 0.249, 
            "score": 0.5116052537274107, 
            "params": {
                "reg_alpha": 0.7037372792899163, 
                "colsample_bytree": 0.7932564674050415, 
                "colsample_bylevel": 0.5915956810035584, 
                "learning_rate": 0.43157601168694526, 
                "max_delta_step": 0.004695476192547066, 
                "min_child_weight": 3.06328282665488, 
                "subsample": 0.716644030991022, 
                "reg_lambda": 0.6442382185242643, 
                "max_depth": 3, 
                "gamma": 0.020107546187493552, 
                "booster": "gbtree"
            }, 
            "fitTimeStd": 0.0662872536767062, 
            "scoreStd": 0.008215432611654958
        }, 
        {
            "scoreTimeStd": 0.004242640687119285, 
            "scoreTime": 0.027, 
            "fitTime": 0.3426666666666667, 
            "score": 0.8366719486924152, 
            "params": {
                "reg_alpha": 0.8464086724711278, 
                "colsample_bytree": 0.6980491377116811, 
                "colsample_bylevel": 0.8780533469325205, 
                "learning_rate": 0.3555684304925252, 
                "max_delta_step": 0.8915544372256771, 
                "min_child_weight": 2.5120642037793233, 
                "subsample": 0.6487184754275668, 
                "reg_lambda": 0.8497396376587522, 
                "max_depth": 3, 
                "gamma": 0.896038387509077, 
                "booster": "gbtree"
            }, 
            "fitTimeStd": 0.057557700517731666, 
            "scoreStd": 0.015466099754913318
        }, 
        {
            "scoreTimeStd": 0.003559026084010437, 
            "scoreTime": 0.023, 
            "fitTime": 0.3753333333333333, 
            "score": 0.8382916086677051, 
            "params": {
                "reg_alpha": 0.6596684120694128, 
                "colsample_bytree": 0.6982528704234923, 
                "colsample_bylevel": 0.9068989098512386, 
                "learning_rate": 0.3325091490543435, 
                "max_delta_step": 0.8817353618548528, 
                "min_child_weight": 3.1480928828093724, 
                "subsample": 0.6152665117531649, 
                "reg_lambda": 0.7666031269583241, 
                "max_depth": 3, 
                "gamma": 0.8811031971111616, 
                "booster": "gbtree"
            }, 
            "fitTimeStd": 0.054365021434333645, 
            "scoreStd": 0.0070703852294274885
        }, 
        {
            "scoreTimeStd": 0.006182412330330469, 
            "scoreTime": 0.03133333333333333, 
            "fitTime": 0.24966666666666665, 
            "score": 0.8371958729591402, 
            "params": {
                "reg_alpha": 0.6180154289988415, 
                "colsample_bytree": 0.8094042822956786, 
                "colsample_bylevel": 0.6974346467251146, 
                "learning_rate": 0.2880528757023061, 
                "max_delta_step": 0.7160745312286432, 
                "min_child_weight": 1.8053492324469982, 
                "subsample": 0.5677370321112252, 
                "reg_lambda": 0.7143843504728831, 
                "max_depth": 5, 
                "gamma": 0.474867515408942, 
                "booster": "gbtree"
            }, 
            "fitTimeStd": 0.01782008853949821, 
            "scoreStd": 0.005757423026016752
        }, 
        {
            "scoreTimeStd": 0.01470449666674185, 
            "scoreTime": 0.036333333333333336, 
            "fitTime": 0.3293333333333333, 
            "score": 0.8376650360742354, 
            "params": {
                "reg_alpha": 0.22126268518378278, 
                "colsample_bytree": 0.7849824553506324, 
                "colsample_bylevel": 0.6491411629780154, 
                "learning_rate": 0.32973009953983157, 
                "max_delta_step": 0.6532008198571336, 
                "min_child_weight": 1.9444875861807387, 
                "subsample": 0.548629963531587, 
                "reg_lambda": 0.5706319524629484, 
                "max_depth": 3, 
                "gamma": 0.5908727612481732, 
                "booster": "gbtree"
            }, 
            "fitTimeStd": 0.05873291713813946, 
            "scoreStd": 0.013073678447681095
        }, 
        {
            "scoreTimeStd": 0.00793025150224688, 
            "scoreTime": 0.02366666666666667, 
            "fitTime": 0.093, 
            "score": 0.5, 
            "params": {
                "reg_alpha": 0.9988470065678665, 
                "colsample_bytree": 0.6301704637937023, 
                "colsample_bylevel": 0.9920211206820733, 
                "learning_rate": 0.279170468748292, 
                "max_delta_step": 0.09956908911081108, 
                "min_child_weight": 3.7140858479710013, 
                "subsample": 0.9340630286841072, 
                "reg_lambda": 0.5747241523289969, 
                "max_depth": 2, 
                "gamma": 0.5370225213757797, 
                "booster": "gbtree"
            }, 
            "fitTimeStd": 0.0196468827043885, 
            "scoreStd": 0.0
        }, 
        {
            "scoreTimeStd": 0.0020548046676563255, 
            "scoreTime": 0.022333333333333334, 
            "fitTime": 0.4746666666666667, 
            "score": 0.8453115921026715, 
            "params": {
                "reg_alpha": 0.03322238526617727, 
                "colsample_bytree": 0.8077797821419221, 
                "colsample_bylevel": 0.5812464673381874, 
                "learning_rate": 0.43920329172889383, 
                "max_delta_step": 0.8073189587250107, 
                "min_child_weight": 1.1298766347194076, 
                "subsample": 0.6866453753916274, 
                "reg_lambda": 0.9912874799125968, 
                "max_depth": 3, 
                "gamma": 0.12381998284944151, 
                "booster": "gbtree"
            }, 
            "fitTimeStd": 0.1549286574165312, 
            "scoreStd": 0.007766630983131739
        }, 
        {
            "scoreTimeStd": 0.0028674417556808756, 
            "scoreTime": 0.020666666666666667, 
            "fitTime": 0.329, 
            "score": 0.5876871091540143, 
            "params": {
                "reg_alpha": 0.729990562424058, 
                "colsample_bytree": 0.5252940575271186, 
                "colsample_bylevel": 0.7100376848953054, 
                "learning_rate": 0.1066511894935469, 
                "max_delta_step": 0.23074233540679567, 
                "min_child_weight": 2.1199012901526375, 
                "subsample": 0.7605183031020646, 
                "reg_lambda": 0.5858148386307203, 
                "max_depth": 5, 
                "gamma": 0.36549610626341034, 
                "booster": "gbtree"
            }, 
            "fitTimeStd": 0.24026235660211112, 
            "scoreStd": 0.12417486496778833
        }, 
        {
            "scoreTimeStd": 0.006128258770283411, 
            "scoreTime": 0.024333333333333332, 
            "fitTime": 0.3353333333333333, 
            "score": 0.826453555901614, 
            "params": {
                "reg_alpha": 0.608252865854013, 
                "colsample_bytree": 0.5999982624482001, 
                "colsample_bylevel": 0.5271689941696268, 
                "learning_rate": 0.4174790813429683, 
                "max_delta_step": 0.22392468806038013, 
                "min_child_weight": 4.748538879129036, 
                "subsample": 0.8918221226509442, 
                "reg_lambda": 0.7983277031475265, 
                "max_depth": 3, 
                "gamma": 0.01852179446061397, 
                "booster": "gbtree"
            }, 
            "fitTimeStd": 0.07165348716023683, 
            "scoreStd": 0.029304286265011054
        }, 
        {
            "scoreTimeStd": 0.03034615113797611, 
            "scoreTime": 0.048666666666666664, 
            "fitTime": 0.3893333333333333, 
            "score": 0.72429004998547, 
            "params": {
                "reg_alpha": 0.589909976354571, 
                "colsample_bytree": 0.5251850283787719, 
                "colsample_bylevel": 0.7500131488646506, 
                "learning_rate": 0.4969585595554531, 
                "max_delta_step": 0.26726253788147825, 
                "min_child_weight": 2.9103476136123123, 
                "subsample": 0.6559724977398009, 
                "reg_lambda": 0.8650610147583848, 
                "max_depth": 2, 
                "gamma": 0.6990980747185112, 
                "booster": "gbtree"
            }, 
            "fitTimeStd": 0.22647639072440984, 
            "scoreStd": 0.1588405999032555
        }, 
        {
            "scoreTimeStd": 0.016110727964792765, 
            "scoreTime": 0.034333333333333334, 
            "fitTime": 0.4226666666666667, 
            "score": 0.8442730450294224, 
            "params": {
                "reg_alpha": 0.6805446911927795, 
                "colsample_bytree": 0.6049218744875611, 
                "colsample_bylevel": 0.6991105311080459, 
                "learning_rate": 0.4777489559935735, 
                "max_delta_step": 0.7395507950492876, 
                "min_child_weight": 4.866065073932453, 
                "subsample": 0.5282091663569831, 
                "reg_lambda": 0.5426477829293503, 
                "max_depth": 4, 
                "gamma": 0.18619300588033616, 
                "booster": "gbtree"
            }, 
            "fitTimeStd": 0.09593863779636555, 
            "scoreStd": 0.008706695810128165
        }, 
        {
            "scoreTimeStd": 0.004320493798938574, 
            "scoreTime": 0.031, 
            "fitTime": 0.392, 
            "score": 0.8316473386237195, 
            "params": {
                "reg_alpha": 0.6793927734985673, 
                "colsample_bytree": 0.9405022811008374, 
                "colsample_bylevel": 0.7439188521794822, 
                "learning_rate": 0.3470631664383521, 
                "max_delta_step": 0.5424987750103974, 
                "min_child_weight": 0.8026233415846187, 
                "subsample": 0.7682896055543611, 
                "reg_lambda": 0.7268484222780227, 
                "max_depth": 4, 
                "gamma": 0.9764043865930425, 
                "booster": "gbtree"
            }, 
            "fitTimeStd": 0.08673330771201261, 
            "scoreStd": 0.012252883147419185
        }, 
        {
            "scoreTimeStd": 0.0037416573867739412, 
            "scoreTime": 0.021, 
            "fitTime": 0.5226666666666666, 
            "score": 0.8341338565611285, 
            "params": {
                "reg_alpha": 0.8815853992105808, 
                "colsample_bytree": 0.9951694736983522, 
                "colsample_bylevel": 0.9483356465201711, 
                "learning_rate": 0.36523128124004034, 
                "max_delta_step": 0.26332237673715064, 
                "min_child_weight": 1.5314869538896074, 
                "subsample": 0.8228922992509495, 
                "reg_lambda": 0.9522124878446158, 
                "max_depth": 4, 
                "gamma": 0.21689698439847394, 
                "booster": "gbtree"
            }, 
            "fitTimeStd": 0.041771867194188114, 
            "scoreStd": 0.011816763319296526
        }, 
        {
            "scoreTimeStd": 0.002160246899469287, 
            "scoreTime": 0.021, 
            "fitTime": 0.5013333333333333, 
            "score": 0.8433471450548385, 
            "params": {
                "reg_alpha": 0.9527916569719446, 
                "colsample_bytree": 0.7598555968291381, 
                "colsample_bylevel": 0.6623414860332326, 
                "learning_rate": 0.22474408827287565, 
                "max_delta_step": 0.42545153795217594, 
                "min_child_weight": 1.3353617493767849, 
                "subsample": 0.6077538385567792, 
                "reg_lambda": 0.8437441381939077, 
                "max_depth": 4, 
                "gamma": 5.535686500857118e-05, 
                "booster": "gbtree"
            }, 
            "fitTimeStd": 0.05851685417229999, 
            "scoreStd": 0.009955294101437247
        }
    ], 
    "gridBestScore": 0.846114420191183, 
    "modelInputIsSparse": false, 
    "nBoostedEstimators": 13
}