{
  "state": "DONE",
  "preSearchDescription": {
    "gridLength": 24,
    "searchStrategy": "RANDOM",
    "importantParams": [
      {
        "name": "trees",
        "val": "300"
      },
      {
        "name": "max_depth",
        "min": "2",
        "max": "5"
      }
    ]
  },
  "postSearchDescription": {
    "importantParams": [
      {
        "name": "trees",
        "val": "10"
      },
      {
        "name": "max_depth",
        "val": "3"
      }
    ]
  },
  "resumed": false,
  "timeOrderingEnabled": false,
  "sampleWeightsEnabled": false,
  "modelId": "m1",
  "progress": {
    "top_level_todo": [],
    "stack": [],
    "top_level_done": [
      {
        "name": "Loading source dataset",
        "time": 23
      },
      {
        "name": "Collecting statistics",
        "time": 47
      },
      {
        "name": "Preprocessing input",
        "time": 134
      },
      {
        "name": "Fitting global model",
        "time": 8315
      },
      {
        "name": "Saving model",
        "time": 4
      },
      {
        "name": "Computing global stats",
        "time": 11
      },
      {
        "name": "Fitting folds",
        "time": 9010
      }
    ]
  },
  "startTime": 1601323089745,
  "endTime": 1601323107495,
  "preprocessingTime": 211,
  "trainingTime": 17539,
  "hyperparamsSearchTime": 0
}