{
    "gridSize": 24, 
    "nThreads": 4, 
    "metric": "ROC_AUC", 
    "gridPoints": [
        {
            "scoreTimeMean": 602.3333333333334, 
            "best_iteration": null, 
            "time": 9408, 
            "trainScoreMean": 0.979809047765862, 
            "finishedAt": 1601323079498, 
            "fitTimeStd": 230.77020797513896, 
            "testScoreStd": 0.0049573167807718576, 
            "scoreTimeStd": 447.63179313161197, 
            "parameters": {
                "max_features": 0.455706770935011, 
                "n_estimators": 147, 
                "min_samples_split": 3, 
                "max_depth": 9, 
                "min_samples_leaf": 1
            }, 
            "testScoreMean": 0.8464830877632943, 
            "score": 0.8464830877632943, 
            "trainScoreStd": 0.004143094329988402, 
            "testScoreGibMean": 0.8464830877632943, 
            "fitTimeMean": 2533.6666666666665
        }, 
        {
            "scoreTimeMean": 444.6666666666667, 
            "best_iteration": null, 
            "time": 9765, 
            "trainScoreMean": 0.9560928508238827, 
            "finishedAt": 1601323081660, 
            "fitTimeStd": 442.4939422058667, 
            "testScoreStd": 0.004272642462304998, 
            "scoreTimeStd": 213.73243917467363, 
            "parameters": {
                "max_features": 0.42692990979813816, 
                "n_estimators": 163, 
                "min_samples_split": 30, 
                "max_depth": 8, 
                "min_samples_leaf": 10
            }, 
            "testScoreMean": 0.8391900855425458, 
            "score": 0.8391900855425458, 
            "trainScoreStd": 0.00454035104780458, 
            "testScoreGibMean": 0.8391900855425458, 
            "fitTimeMean": 2810.3333333333335
        }, 
        {
            "scoreTimeMean": 568.6666666666666, 
            "best_iteration": null, 
            "time": 11150, 
            "trainScoreMean": 0.9737656214893042, 
            "finishedAt": 1601323085239, 
            "fitTimeStd": 37.66519171153476, 
            "testScoreStd": 0.0065883558318926205, 
            "scoreTimeStd": 137.8219463252819, 
            "parameters": {
                "max_features": 0.3306290243756199, 
                "n_estimators": 168, 
                "min_samples_split": 21, 
                "max_depth": 10, 
                "min_samples_leaf": 7
            }, 
            "testScoreMean": 0.8383098938492943, 
            "score": 0.8383098938492943, 
            "trainScoreStd": 0.0015160367976951039, 
            "testScoreGibMean": 0.8383098938492943, 
            "fitTimeMean": 3148.0
        }, 
        {
            "scoreTimeMean": 468.6666666666667, 
            "best_iteration": null, 
            "time": 9904, 
            "trainScoreMean": 0.9325175329565065, 
            "finishedAt": 1601323085992, 
            "fitTimeStd": 344.18438211064847, 
            "testScoreStd": 0.0077551049064794935, 
            "scoreTimeStd": 62.956775295082856, 
            "parameters": {
                "max_features": 0.26359377674806794, 
                "n_estimators": 182, 
                "min_samples_split": 6, 
                "max_depth": 5, 
                "min_samples_leaf": 2
            }, 
            "testScoreMean": 0.8393406158044832, 
            "score": 0.8393406158044832, 
            "trainScoreStd": 0.0028662189993790897, 
            "testScoreGibMean": 0.8393406158044832, 
            "fitTimeMean": 2832.6666666666665
        }, 
        {
            "scoreTimeMean": 681.6666666666666, 
            "best_iteration": null, 
            "time": 9738, 
            "trainScoreMean": 0.9192733976093503, 
            "finishedAt": 1601323088928, 
            "fitTimeStd": 227.40468088605581, 
            "testScoreStd": 0.010636993085767547, 
            "scoreTimeStd": 33.9050963065371, 
            "parameters": {
                "max_features": 0.33567087766049786, 
                "n_estimators": 152, 
                "min_samples_split": 42, 
                "max_depth": 5, 
                "min_samples_leaf": 14
            }, 
            "testScoreMean": 0.8389309913591732, 
            "score": 0.8389309913591732, 
            "trainScoreStd": 0.0008699825085257, 
            "testScoreGibMean": 0.8389309913591732, 
            "fitTimeMean": 2564.3333333333335
        }, 
        {
            "scoreTimeMean": 924.6666666666666, 
            "best_iteration": null, 
            "time": 13116, 
            "trainScoreMean": 0.9317561905907303, 
            "finishedAt": 1601323093181, 
            "fitTimeStd": 205.68962594701324, 
            "testScoreStd": 0.009399402097559153, 
            "scoreTimeStd": 62.887907334311016, 
            "parameters": {
                "max_features": 0.4889031232307183, 
                "n_estimators": 195, 
                "min_samples_split": 51, 
                "max_depth": 6, 
                "min_samples_leaf": 17
            }, 
            "testScoreMean": 0.8372800957014759, 
            "score": 0.8372800957014759, 
            "trainScoreStd": 0.001430333557201101, 
            "testScoreGibMean": 0.8372800957014759, 
            "fitTimeMean": 3447.3333333333335
        }, 
        {
            "scoreTimeMean": 665.6666666666666, 
            "best_iteration": null, 
            "time": 11063, 
            "trainScoreMean": 0.9503476149278721, 
            "finishedAt": 1601323095821, 
            "fitTimeStd": 124.58731877683218, 
            "testScoreStd": 0.008715164233317706, 
            "scoreTimeStd": 114.69767022723502, 
            "parameters": {
                "max_features": 0.5668940505699103, 
                "n_estimators": 144, 
                "min_samples_split": 48, 
                "max_depth": 10, 
                "min_samples_leaf": 16
            }, 
            "testScoreMean": 0.8385060276987625, 
            "score": 0.8385060276987625, 
            "trainScoreStd": 0.0015737919609513705, 
            "testScoreGibMean": 0.8385060276987625, 
            "fitTimeMean": 3022.0
        }, 
        {
            "scoreTimeMean": 598.6666666666666, 
            "best_iteration": null, 
            "time": 13789, 
            "trainScoreMean": 0.9370279009792127, 
            "finishedAt": 1601323099542, 
            "fitTimeStd": 173.07480720454058, 
            "testScoreStd": 0.010362130163450447, 
            "scoreTimeStd": 244.1875417697544, 
            "parameters": {
                "max_features": 0.3841648271642263, 
                "n_estimators": 195, 
                "min_samples_split": 54, 
                "max_depth": 7, 
                "min_samples_leaf": 18
            }, 
            "testScoreMean": 0.8402454216301182, 
            "score": 0.8402454216301182, 
            "trainScoreStd": 0.0006537228215513674, 
            "testScoreGibMean": 0.8402454216301182, 
            "fitTimeMean": 3997.6666666666665
        }, 
        {
            "scoreTimeMean": 534.6666666666666, 
            "best_iteration": null, 
            "time": 7694, 
            "trainScoreMean": 0.9525049961569946, 
            "finishedAt": 1601323099760, 
            "fitTimeStd": 491.98848225000825, 
            "testScoreStd": 0.006895834779158125, 
            "scoreTimeStd": 160.3253636272883, 
            "parameters": {
                "max_features": 0.5683175057718732, 
                "n_estimators": 119, 
                "min_samples_split": 45, 
                "max_depth": 10, 
                "min_samples_leaf": 15
            }, 
            "testScoreMean": 0.8372206859992828, 
            "score": 0.8372206859992828, 
            "trainScoreStd": 0.0028234456954606803, 
            "testScoreGibMean": 0.8372206859992828, 
            "fitTimeMean": 2030.0
        }, 
        {
            "scoreTimeMean": 568.3333333333334, 
            "best_iteration": null, 
            "time": 5468, 
            "trainScoreMean": 0.9270547698436543, 
            "finishedAt": 1601323101350, 
            "fitTimeStd": 130.57905225911577, 
            "testScoreStd": 0.011463876452381441, 
            "scoreTimeStd": 126.7920432133745, 
            "parameters": {
                "max_features": 0.44921187524506423, 
                "n_estimators": 111, 
                "min_samples_split": 3, 
                "max_depth": 5, 
                "min_samples_leaf": 1
            }, 
            "testScoreMean": 0.8442958648120821, 
            "score": 0.8442958648120821, 
            "trainScoreStd": 0.004882340169313405, 
            "testScoreGibMean": 0.8442958648120821, 
            "fitTimeMean": 1254.3333333333333
        }, 
        {
            "scoreTimeMean": 557.0, 
            "best_iteration": null, 
            "time": 7026, 
            "trainScoreMean": 0.9532253104022069, 
            "finishedAt": 1601323103894, 
            "fitTimeStd": 313.7865516557394, 
            "testScoreStd": 0.009415496700497482, 
            "scoreTimeStd": 101.28507622876465, 
            "parameters": {
                "max_features": 0.34879716399431415, 
                "n_estimators": 155, 
                "min_samples_split": 12, 
                "max_depth": 7, 
                "min_samples_leaf": 4
            }, 
            "testScoreMean": 0.8422078655527008, 
            "score": 0.8422078655527008, 
            "trainScoreStd": 0.004402483440441574, 
            "testScoreGibMean": 0.8422078655527008, 
            "fitTimeMean": 1785.0
        }, 
        {
            "scoreTimeMean": 285.3333333333333, 
            "best_iteration": null, 
            "time": 5176, 
            "trainScoreMean": 0.9514432001528439, 
            "finishedAt": 1601323105086, 
            "fitTimeStd": 180.235031740965, 
            "testScoreStd": 0.00880388968922449, 
            "scoreTimeStd": 89.35820549277435, 
            "parameters": {
                "max_features": 0.3736901993299291, 
                "n_estimators": 80, 
                "min_samples_split": 9, 
                "max_depth": 7, 
                "min_samples_leaf": 3
            }, 
            "testScoreMean": 0.8412030827564749, 
            "score": 0.8412030827564749, 
            "trainScoreStd": 0.004044127965111974, 
            "testScoreGibMean": 0.8412030827564749, 
            "fitTimeMean": 1440.0
        }, 
        {
            "scoreTimeMean": 401.0, 
            "best_iteration": null, 
            "time": 6186, 
            "trainScoreMean": 0.9255614525021428, 
            "finishedAt": 1601323105610, 
            "fitTimeStd": 272.04043817050433, 
            "testScoreStd": 0.0102459599755894, 
            "scoreTimeStd": 195.1887974927523, 
            "parameters": {
                "max_features": 0.29448460467592846, 
                "n_estimators": 118, 
                "min_samples_split": 18, 
                "max_depth": 5, 
                "min_samples_leaf": 6
            }, 
            "testScoreMean": 0.8396299640596215, 
            "score": 0.8396299640596215, 
            "trainScoreStd": 0.001580723165423723, 
            "testScoreGibMean": 0.8396299640596215, 
            "fitTimeMean": 1661.0
        }, 
        {
            "scoreTimeMean": 281.3333333333333, 
            "best_iteration": null, 
            "time": 4229, 
            "trainScoreMean": 0.9191198978128414, 
            "finishedAt": 1601323106965, 
            "fitTimeStd": 65.73346855969864, 
            "testScoreStd": 0.01133281874561319, 
            "scoreTimeStd": 50.08215472822852, 
            "parameters": {
                "max_features": 0.4701603981248541, 
                "n_estimators": 84, 
                "min_samples_split": 48, 
                "max_depth": 5, 
                "min_samples_leaf": 16
            }, 
            "testScoreMean": 0.8439783112768047, 
            "score": 0.8439783112768047, 
            "trainScoreStd": 0.0005554666659333317, 
            "testScoreGibMean": 0.8439783112768047, 
            "fitTimeMean": 1128.3333333333333
        }, 
        {
            "scoreTimeMean": 739.3333333333334, 
            "best_iteration": null, 
            "time": 9718, 
            "trainScoreMean": 0.943954038744539, 
            "finishedAt": 1601323109874, 
            "fitTimeStd": 112.0446339634344, 
            "testScoreStd": 0.00922961412560729, 
            "scoreTimeStd": 54.901932773102104, 
            "parameters": {
                "max_features": 0.3699699939467366, 
                "n_estimators": 145, 
                "min_samples_split": 6, 
                "max_depth": 6, 
                "min_samples_leaf": 2
            }, 
            "testScoreMean": 0.8415518938892323, 
            "score": 0.8415518938892323, 
            "trainScoreStd": 0.0021205519024918708, 
            "testScoreGibMean": 0.8415518938892323, 
            "fitTimeMean": 2500.0
        }, 
        {
            "scoreTimeMean": 640.0, 
            "best_iteration": null, 
            "time": 9956, 
            "trainScoreMean": 0.9350807581151367, 
            "finishedAt": 1601323112996, 
            "fitTimeStd": 487.01905050578415, 
            "testScoreStd": 0.007846210330088633, 
            "scoreTimeStd": 285.5217446477005, 
            "parameters": {
                "max_features": 0.6818854406480492, 
                "n_estimators": 199, 
                "min_samples_split": 21, 
                "max_depth": 6, 
                "min_samples_leaf": 7
            }, 
            "testScoreMean": 0.8375778009185263, 
            "score": 0.8375778009185263, 
            "trainScoreStd": 0.004957779261063328, 
            "testScoreGibMean": 0.8375778009185263, 
            "fitTimeMean": 2678.6666666666665
        }, 
        {
            "scoreTimeMean": 368.6666666666667, 
            "best_iteration": null, 
            "time": 5831, 
            "trainScoreMean": 0.9746657646676438, 
            "finishedAt": 1601323114217, 
            "fitTimeStd": 379.09453526352326, 
            "testScoreStd": 0.011458276214691915, 
            "scoreTimeStd": 267.90338225230045, 
            "parameters": {
                "max_features": 0.22622953664430454, 
                "n_estimators": 94, 
                "min_samples_split": 3, 
                "max_depth": 8, 
                "min_samples_leaf": 1
            }, 
            "testScoreMean": 0.8414370679863746, 
            "score": 0.8414370679863746, 
            "trainScoreStd": 0.003528358407395254, 
            "testScoreGibMean": 0.8414370679863746, 
            "fitTimeMean": 1575.0
        }, 
        {
            "scoreTimeMean": 561.6666666666666, 
            "best_iteration": null, 
            "time": 8957, 
            "trainScoreMean": 0.9528139873259712, 
            "finishedAt": 1601323116241, 
            "fitTimeStd": 126.36455199145051, 
            "testScoreStd": 0.006086995481881591, 
            "scoreTimeStd": 299.3819559618708, 
            "parameters": {
                "max_features": 0.3182264625655736, 
                "n_estimators": 164, 
                "min_samples_split": 33, 
                "max_depth": 8, 
                "min_samples_leaf": 11
            }, 
            "testScoreMean": 0.8403498869233266, 
            "score": 0.8403498869233266, 
            "trainScoreStd": 0.003890991816115474, 
            "testScoreGibMean": 0.8403498869233266, 
            "fitTimeMean": 2424.0
        }, 
        {
            "scoreTimeMean": 439.0, 
            "best_iteration": null, 
            "time": 6908, 
            "trainScoreMean": 0.9576144250173549, 
            "finishedAt": 1601323117447, 
            "fitTimeStd": 367.23229100333145, 
            "testScoreStd": 0.007452272068239756, 
            "scoreTimeStd": 286.2877340485734, 
            "parameters": {
                "max_features": 0.6930243028355356, 
                "n_estimators": 127, 
                "min_samples_split": 15, 
                "max_depth": 8, 
                "min_samples_leaf": 5
            }, 
            "testScoreMean": 0.83905270757039, 
            "score": 0.83905270757039, 
            "trainScoreStd": 0.004041917422725586, 
            "testScoreGibMean": 0.83905270757039, 
            "fitTimeMean": 1863.6666666666667
        }, 
        {
            "scoreTimeMean": 287.6666666666667, 
            "best_iteration": null, 
            "time": 7221, 
            "trainScoreMean": 0.9684807224402292, 
            "finishedAt": 1601323119089, 
            "fitTimeStd": 295.75815946291135, 
            "testScoreStd": 0.007930936501451104, 
            "scoreTimeStd": 11.2644968324772, 
            "parameters": {
                "max_features": 0.19678571073099776, 
                "n_estimators": 132, 
                "min_samples_split": 15, 
                "max_depth": 9, 
                "min_samples_leaf": 5
            }, 
            "testScoreMean": 0.8433075773859767, 
            "score": 0.8433075773859767, 
            "trainScoreStd": 0.0017216327096239341, 
            "testScoreGibMean": 0.8433075773859767, 
            "fitTimeMean": 2119.3333333333335
        }, 
        {
            "scoreTimeMean": 300.3333333333333, 
            "best_iteration": null, 
            "time": 6559, 
            "trainScoreMean": 0.9269438893752329, 
            "finishedAt": 1601323121400, 
            "fitTimeStd": 336.3777638310832, 
            "testScoreStd": 0.010623379600681203, 
            "scoreTimeStd": 146.36332266733433, 
            "parameters": {
                "max_features": 0.3486211529358213, 
                "n_estimators": 138, 
                "min_samples_split": 12, 
                "max_depth": 5, 
                "min_samples_leaf": 4
            }, 
            "testScoreMean": 0.8382376273377536, 
            "score": 0.8382376273377536, 
            "trainScoreStd": 0.002646841356081452, 
            "testScoreGibMean": 0.8382376273377536, 
            "fitTimeMean": 1886.0
        }, 
        {
            "scoreTimeMean": 617.0, 
            "best_iteration": null, 
            "time": 7359, 
            "trainScoreMean": 0.9462271580458192, 
            "finishedAt": 1601323123718, 
            "fitTimeStd": 235.27147440067327, 
            "testScoreStd": 0.009989158127413918, 
            "scoreTimeStd": 225.16364419387662, 
            "parameters": {
                "max_features": 0.5048513933554124, 
                "n_estimators": 129, 
                "min_samples_split": 51, 
                "max_depth": 10, 
                "min_samples_leaf": 17
            }, 
            "testScoreMean": 0.8414017995105488, 
            "score": 0.8414017995105488, 
            "trainScoreStd": 0.0009420168895206363, 
            "testScoreGibMean": 0.8414017995105488, 
            "fitTimeMean": 1836.0
        }, 
        {
            "scoreTimeMean": 731.0, 
            "best_iteration": null, 
            "time": 9433, 
            "trainScoreMean": 0.9905020546588569, 
            "finishedAt": 1601323124973, 
            "fitTimeStd": 226.74557450048624, 
            "testScoreStd": 0.005306136390732503, 
            "scoreTimeStd": 86.1278120005379, 
            "parameters": {
                "max_features": 0.2179494170080321, 
                "n_estimators": 175, 
                "min_samples_split": 3, 
                "max_depth": 10, 
                "min_samples_leaf": 1
            }, 
            "testScoreMean": 0.8394319872232585, 
            "score": 0.8394319872232585, 
            "trainScoreStd": 0.002011743854246566, 
            "testScoreGibMean": 0.8394319872232585, 
            "fitTimeMean": 2413.3333333333335
        }, 
        {
            "scoreTimeMean": 122.0, 
            "best_iteration": null, 
            "time": 3913, 
            "trainScoreMean": 0.9188074360966512, 
            "finishedAt": 1601323125972, 
            "fitTimeStd": 73.63574011458174, 
            "testScoreStd": 0.011979542180855703, 
            "scoreTimeStd": 29.017236257093817, 
            "parameters": {
                "max_features": 0.10814298136726591, 
                "n_estimators": 130, 
                "min_samples_split": 54, 
                "max_depth": 10, 
                "min_samples_leaf": 18
            }, 
            "testScoreMean": 0.8405886079311835, 
            "score": 0.8405886079311835, 
            "trainScoreStd": 0.001911320604689572, 
            "testScoreGibMean": 0.8405886079311835, 
            "fitTimeMean": 1182.3333333333333
        }
    ], 
    "timeout": null, 
    "startedAt": 1601323075323, 
    "nSplits": 3
}