[
    {
        "fit_time": 2374, 
        "best_iteration": null, 
        "test_score": 0.8463375796178344, 
        "time": 2641, 
        "split_id": 0, 
        "parameters": {
            "max_features": 0.455706770935011, 
            "n_estimators": 147, 
            "min_samples_split": 3, 
            "max_depth": 9, 
            "min_samples_leaf": 1
        }, 
        "num_samples": 746, 
        "score_time": 267, 
        "train_score": 0.9854674917351868, 
        "done_at": 1601323077980, 
        "test_score_gib": 0.8463375796178344
    }, 
    {
        "fit_time": 2367, 
        "best_iteration": null, 
        "test_score": 0.8526192918061104, 
        "time": 2672, 
        "split_id": 1, 
        "parameters": {
            "max_features": 0.455706770935011, 
            "n_estimators": 147, 
            "min_samples_split": 3, 
            "max_depth": 9, 
            "min_samples_leaf": 1
        }, 
        "num_samples": 746, 
        "score_time": 305, 
        "train_score": 0.9782792235314063, 
        "done_at": 1601323078015, 
        "test_score_gib": 0.8526192918061104
    }, 
    {
        "fit_time": 2860, 
        "best_iteration": null, 
        "test_score": 0.8404762878447088, 
        "time": 4095, 
        "split_id": 2, 
        "parameters": {
            "max_features": 0.455706770935011, 
            "n_estimators": 147, 
            "min_samples_split": 3, 
            "max_depth": 9, 
            "min_samples_leaf": 1
        }, 
        "num_samples": 744, 
        "score_time": 1235, 
        "train_score": 0.9756693295908453, 
        "done_at": 1601323079498, 
        "test_score_gib": 0.8404762878447088
    }, 
    {
        "fit_time": 2209, 
        "best_iteration": null, 
        "test_score": 0.8353665119291807, 
        "time": 2640, 
        "split_id": 0, 
        "parameters": {
            "max_features": 0.42692990979813816, 
            "n_estimators": 163, 
            "min_samples_split": 30, 
            "max_depth": 8, 
            "min_samples_leaf": 10
        }, 
        "num_samples": 746, 
        "score_time": 431, 
        "train_score": 0.9620344155293719, 
        "done_at": 1601323078083, 
        "test_score_gib": 0.8353665119291807
    }, 
    {
        "fit_time": 2961, 
        "best_iteration": null, 
        "test_score": 0.8451500593760122, 
        "time": 3674, 
        "split_id": 1, 
        "parameters": {
            "max_features": 0.42692990979813816, 
            "n_estimators": 163, 
            "min_samples_split": 30, 
            "max_depth": 8, 
            "min_samples_leaf": 10
        }, 
        "num_samples": 746, 
        "score_time": 713, 
        "train_score": 0.9552157328134272, 
        "done_at": 1601323081660, 
        "test_score_gib": 0.8451500593760122
    }, 
    {
        "fit_time": 3261, 
        "best_iteration": null, 
        "test_score": 0.8370479423111002, 
        "time": 3451, 
        "split_id": 2, 
        "parameters": {
            "max_features": 0.42692990979813816, 
            "n_estimators": 163, 
            "min_samples_split": 30, 
            "max_depth": 8, 
            "min_samples_leaf": 10
        }, 
        "num_samples": 744, 
        "score_time": 190, 
        "train_score": 0.95101479002483, 
        "done_at": 1601323081474, 
        "test_score_gib": 0.8370479423111002
    }, 
    {
        "fit_time": 3100, 
        "best_iteration": null, 
        "test_score": 0.8349346863866998, 
        "time": 3815, 
        "split_id": 0, 
        "parameters": {
            "max_features": 0.3306290243756199, 
            "n_estimators": 168, 
            "min_samples_split": 21, 
            "max_depth": 10, 
            "min_samples_leaf": 7
        }, 
        "num_samples": 746, 
        "score_time": 715, 
        "train_score": 0.9755632787996948, 
        "done_at": 1601323081909, 
        "test_score_gib": 0.8349346863866998
    }, 
    {
        "fit_time": 3192, 
        "best_iteration": null, 
        "test_score": 0.8475116053114541, 
        "time": 3576, 
        "split_id": 1, 
        "parameters": {
            "max_features": 0.3306290243756199, 
            "n_estimators": 168, 
            "min_samples_split": 21, 
            "max_depth": 10, 
            "min_samples_leaf": 7
        }, 
        "num_samples": 746, 
        "score_time": 384, 
        "train_score": 0.973874713910316, 
        "done_at": 1601323083159, 
        "test_score_gib": 0.8475116053114541
    }, 
    {
        "fit_time": 3152, 
        "best_iteration": null, 
        "test_score": 0.8324677272045693, 
        "time": 3759, 
        "split_id": 2, 
        "parameters": {
            "max_features": 0.3306290243756199, 
            "n_estimators": 168, 
            "min_samples_split": 21, 
            "max_depth": 10, 
            "min_samples_leaf": 7
        }, 
        "num_samples": 744, 
        "score_time": 607, 
        "train_score": 0.9718537460865809, 
        "done_at": 1601323085239, 
        "test_score_gib": 0.8324677272045693
    }, 
    {
        "fit_time": 3222, 
        "best_iteration": null, 
        "test_score": 0.8423296988016842, 
        "time": 3778, 
        "split_id": 0, 
        "parameters": {
            "max_features": 0.26359377674806794, 
            "n_estimators": 182, 
            "min_samples_split": 6, 
            "max_depth": 5, 
            "min_samples_leaf": 2
        }, 
        "num_samples": 746, 
        "score_time": 556, 
        "train_score": 0.9353767907095024, 
        "done_at": 1601323085451, 
        "test_score_gib": 0.8423296988016842
    }, 
    {
        "fit_time": 2891, 
        "best_iteration": null, 
        "test_score": 0.8469718233833531, 
        "time": 3301, 
        "split_id": 1, 
        "parameters": {
            "max_features": 0.26359377674806794, 
            "n_estimators": 182, 
            "min_samples_split": 6, 
            "max_depth": 5, 
            "min_samples_leaf": 2
        }, 
        "num_samples": 746, 
        "score_time": 410, 
        "train_score": 0.9286021869966942, 
        "done_at": 1601323085220, 
        "test_score_gib": 0.8469718233833531
    }, 
    {
        "fit_time": 2385, 
        "best_iteration": null, 
        "test_score": 0.8286917760601971, 
        "time": 2825, 
        "split_id": 2, 
        "parameters": {
            "max_features": 0.26359377674806794, 
            "n_estimators": 182, 
            "min_samples_split": 6, 
            "max_depth": 5, 
            "min_samples_leaf": 2
        }, 
        "num_samples": 744, 
        "score_time": 440, 
        "train_score": 0.9335764601101155, 
        "done_at": 1601323085992, 
        "test_score_gib": 0.8286917760601971
    }, 
    {
        "fit_time": 2691, 
        "best_iteration": null, 
        "test_score": 0.8371073086473065, 
        "time": 3401, 
        "split_id": 0, 
        "parameters": {
            "max_features": 0.33567087766049786, 
            "n_estimators": 152, 
            "min_samples_split": 42, 
            "max_depth": 5, 
            "min_samples_leaf": 14
        }, 
        "num_samples": 746, 
        "score_time": 710, 
        "train_score": 0.9184131558870899, 
        "done_at": 1601323088631, 
        "test_score_gib": 0.8371073086473065
    }, 
    {
        "fit_time": 2245, 
        "best_iteration": null, 
        "test_score": 0.8527609845622369, 
        "time": 2879, 
        "split_id": 1, 
        "parameters": {
            "max_features": 0.33567087766049786, 
            "n_estimators": 152, 
            "min_samples_split": 42, 
            "max_depth": 5, 
            "min_samples_leaf": 14
        }, 
        "num_samples": 746, 
        "score_time": 634, 
        "train_score": 0.9204645248792065, 
        "done_at": 1601323088135, 
        "test_score_gib": 0.8527609845622369
    }, 
    {
        "fit_time": 2757, 
        "best_iteration": null, 
        "test_score": 0.8268924058397742, 
        "time": 3458, 
        "split_id": 2, 
        "parameters": {
            "max_features": 0.33567087766049786, 
            "n_estimators": 152, 
            "min_samples_split": 42, 
            "max_depth": 5, 
            "min_samples_leaf": 14
        }, 
        "num_samples": 744, 
        "score_time": 701, 
        "train_score": 0.918941622584476, 
        "done_at": 1601323088928, 
        "test_score_gib": 0.8268924058397742
    }, 
    {
        "fit_time": 3541, 
        "best_iteration": null, 
        "test_score": 0.828551765086905, 
        "time": 4552, 
        "split_id": 0, 
        "parameters": {
            "max_features": 0.4889031232307183, 
            "n_estimators": 195, 
            "min_samples_split": 51, 
            "max_depth": 6, 
            "min_samples_leaf": 17
        }, 
        "num_samples": 746, 
        "score_time": 1011, 
        "train_score": 0.9323387301856404, 
        "done_at": 1601323090560, 
        "test_score_gib": 0.828551765086905
    }, 
    {
        "fit_time": 3162, 
        "best_iteration": null, 
        "test_score": 0.8503184713375797, 
        "time": 4025, 
        "split_id": 1, 
        "parameters": {
            "max_features": 0.4889031232307183, 
            "n_estimators": 195, 
            "min_samples_split": 51, 
            "max_depth": 6, 
            "min_samples_leaf": 17
        }, 
        "num_samples": 746, 
        "score_time": 863, 
        "train_score": 0.9297889293888276, 
        "done_at": 1601323092171, 
        "test_score_gib": 0.8503184713375797
    }, 
    {
        "fit_time": 3639, 
        "best_iteration": null, 
        "test_score": 0.8329584645374118, 
        "time": 4539, 
        "split_id": 2, 
        "parameters": {
            "max_features": 0.4889031232307183, 
            "n_estimators": 195, 
            "min_samples_split": 51, 
            "max_depth": 6, 
            "min_samples_leaf": 17
        }, 
        "num_samples": 744, 
        "score_time": 900, 
        "train_score": 0.9331446345676346, 
        "done_at": 1601323093181, 
        "test_score_gib": 0.8329584645374118
    }, 
    {
        "fit_time": 2911, 
        "best_iteration": null, 
        "test_score": 0.8297797689733348, 
        "time": 3430, 
        "split_id": 0, 
        "parameters": {
            "max_features": 0.5668940505699103, 
            "n_estimators": 144, 
            "min_samples_split": 48, 
            "max_depth": 10, 
            "min_samples_leaf": 16
        }, 
        "num_samples": 746, 
        "score_time": 519, 
        "train_score": 0.9524218021530897, 
        "done_at": 1601323092379, 
        "test_score_gib": 0.8297797689733348
    }, 
    {
        "fit_time": 3196, 
        "best_iteration": null, 
        "test_score": 0.8503994386267947, 
        "time": 3995, 
        "split_id": 1, 
        "parameters": {
            "max_features": 0.5668940505699103, 
            "n_estimators": 144, 
            "min_samples_split": 48, 
            "max_depth": 10, 
            "min_samples_leaf": 16
        }, 
        "num_samples": 746, 
        "score_time": 799, 
        "train_score": 0.9486140544206153, 
        "done_at": 1601323094562, 
        "test_score_gib": 0.8503994386267947
    }, 
    {
        "fit_time": 2959, 
        "best_iteration": null, 
        "test_score": 0.8353303616461512, 
        "time": 3638, 
        "split_id": 2, 
        "parameters": {
            "max_features": 0.5668940505699103, 
            "n_estimators": 144, 
            "min_samples_split": 48, 
            "max_depth": 10, 
            "min_samples_leaf": 16
        }, 
        "num_samples": 744, 
        "score_time": 679, 
        "train_score": 0.9500060725466911, 
        "done_at": 1601323095821, 
        "test_score_gib": 0.8353303616461512
    }, 
    {
        "fit_time": 3778, 
        "best_iteration": null, 
        "test_score": 0.8302520781604232, 
        "time": 4596, 
        "split_id": 0, 
        "parameters": {
            "max_features": 0.3841648271642263, 
            "n_estimators": 195, 
            "min_samples_split": 54, 
            "max_depth": 7, 
            "min_samples_leaf": 18
        }, 
        "num_samples": 746, 
        "score_time": 818, 
        "train_score": 0.9378214800372975, 
        "done_at": 1601323096997, 
        "test_score_gib": 0.8302520781604232
    }, 
    {
        "fit_time": 4014, 
        "best_iteration": null, 
        "test_score": 0.8545152758285653, 
        "time": 4272, 
        "split_id": 1, 
        "parameters": {
            "max_features": 0.3841648271642263, 
            "n_estimators": 195, 
            "min_samples_split": 54, 
            "max_depth": 7, 
            "min_samples_leaf": 18
        }, 
        "num_samples": 746, 
        "score_time": 258, 
        "train_score": 0.9362210731541917, 
        "done_at": 1601323097467, 
        "test_score_gib": 0.8545152758285653
    }, 
    {
        "fit_time": 4201, 
        "best_iteration": null, 
        "test_score": 0.8359574149047834, 
        "time": 4921, 
        "split_id": 2, 
        "parameters": {
            "max_features": 0.3841648271642263, 
            "n_estimators": 195, 
            "min_samples_split": 54, 
            "max_depth": 7, 
            "min_samples_leaf": 18
        }, 
        "num_samples": 744, 
        "score_time": 720, 
        "train_score": 0.937041185361114, 
        "done_at": 1601323099542, 
        "test_score_gib": 0.8359574149047834
    }, 
    {
        "fit_time": 2697, 
        "best_iteration": null, 
        "test_score": 0.8305219691244737, 
        "time": 3091, 
        "split_id": 0, 
        "parameters": {
            "max_features": 0.5683175057718732, 
            "n_estimators": 119, 
            "min_samples_split": 45, 
            "max_depth": 10, 
            "min_samples_leaf": 15
        }, 
        "num_samples": 746, 
        "score_time": 394, 
        "train_score": 0.953049080274646, 
        "done_at": 1601323098927, 
        "test_score_gib": 0.8305219691244737
    }, 
    {
        "fit_time": 1868, 
        "best_iteration": null, 
        "test_score": 0.8467019324193027, 
        "time": 2319, 
        "split_id": 1, 
        "parameters": {
            "max_features": 0.5683175057718732, 
            "n_estimators": 119, 
            "min_samples_split": 45, 
            "max_depth": 10, 
            "min_samples_leaf": 15
        }, 
        "num_samples": 746, 
        "score_time": 451, 
        "train_score": 0.9488107145884548, 
        "done_at": 1601323099336, 
        "test_score_gib": 0.8467019324193027
    }, 
    {
        "fit_time": 1525, 
        "best_iteration": null, 
        "test_score": 0.8344306765359396, 
        "time": 2284, 
        "split_id": 2, 
        "parameters": {
            "max_features": 0.5683175057718732, 
            "n_estimators": 119, 
            "min_samples_split": 45, 
            "max_depth": 10, 
            "min_samples_leaf": 15
        }, 
        "num_samples": 744, 
        "score_time": 759, 
        "train_score": 0.9556636618806004, 
        "done_at": 1601323099760, 
        "test_score_gib": 0.8344306765359396
    }, 
    {
        "fit_time": 1078, 
        "best_iteration": null, 
        "test_score": 0.8370668250026989, 
        "time": 1784, 
        "split_id": 0, 
        "parameters": {
            "max_features": 0.44921187524506423, 
            "n_estimators": 111, 
            "min_samples_split": 3, 
            "max_depth": 5, 
            "min_samples_leaf": 1
        }, 
        "num_samples": 746, 
        "score_time": 706, 
        "train_score": 0.9335288632703229, 
        "done_at": 1601323100714, 
        "test_score_gib": 0.8370668250026989
    }, 
    {
        "fit_time": 1295, 
        "best_iteration": null, 
        "test_score": 0.8604663715858792, 
        "time": 1894, 
        "split_id": 1, 
        "parameters": {
            "max_features": 0.44921187524506423, 
            "n_estimators": 111, 
            "min_samples_split": 3, 
            "max_depth": 5, 
            "min_samples_leaf": 1
        }, 
        "num_samples": 746, 
        "score_time": 599, 
        "train_score": 0.9258794608798847, 
        "done_at": 1601323101235, 
        "test_score_gib": 0.8604663715858792
    }, 
    {
        "fit_time": 1390, 
        "best_iteration": null, 
        "test_score": 0.835330361646151, 
        "time": 1790, 
        "split_id": 2, 
        "parameters": {
            "max_features": 0.44921187524506423, 
            "n_estimators": 111, 
            "min_samples_split": 3, 
            "max_depth": 5, 
            "min_samples_leaf": 1
        }, 
        "num_samples": 744, 
        "score_time": 400, 
        "train_score": 0.9217417413365001, 
        "done_at": 1601323101350, 
        "test_score_gib": 0.835330361646151
    }, 
    {
        "fit_time": 1478, 
        "best_iteration": null, 
        "test_score": 0.8397522400950016, 
        "time": 2031, 
        "split_id": 0, 
        "parameters": {
            "max_features": 0.34879716399431415, 
            "n_estimators": 155, 
            "min_samples_split": 12, 
            "max_depth": 7, 
            "min_samples_leaf": 4
        }, 
        "num_samples": 746, 
        "score_time": 553, 
        "train_score": 0.9594303636517758, 
        "done_at": 1601323101808, 
        "test_score_gib": 0.8397522400950016
    }, 
    {
        "fit_time": 1661, 
        "best_iteration": null, 
        "test_score": 0.8547581776962107, 
        "time": 2344, 
        "split_id": 1, 
        "parameters": {
            "max_features": 0.34879716399431415, 
            "n_estimators": 155, 
            "min_samples_split": 12, 
            "max_depth": 7, 
            "min_samples_leaf": 4
        }, 
        "num_samples": 746, 
        "score_time": 683, 
        "train_score": 0.949722810884123, 
        "done_at": 1601323103062, 
        "test_score_gib": 0.8547581776962107
    }, 
    {
        "fit_time": 2216, 
        "best_iteration": null, 
        "test_score": 0.8320860426123584, 
        "time": 2651, 
        "split_id": 2, 
        "parameters": {
            "max_features": 0.34879716399431415, 
            "n_estimators": 155, 
            "min_samples_split": 12, 
            "max_depth": 7, 
            "min_samples_leaf": 4
        }, 
        "num_samples": 744, 
        "score_time": 435, 
        "train_score": 0.9505154917413365, 
        "done_at": 1601323103894, 
        "test_score_gib": 0.8320860426123584
    }, 
    {
        "fit_time": 1413, 
        "best_iteration": null, 
        "test_score": 0.844994872071683, 
        "time": 1775, 
        "split_id": 0, 
        "parameters": {
            "max_features": 0.3736901993299291, 
            "n_estimators": 80, 
            "min_samples_split": 9, 
            "max_depth": 7, 
            "min_samples_leaf": 3
        }, 
        "num_samples": 746, 
        "score_time": 362, 
        "train_score": 0.9555310672204796, 
        "done_at": 1601323103134, 
        "test_score_gib": 0.844994872071683
    }, 
    {
        "fit_time": 1234, 
        "best_iteration": null, 
        "test_score": 0.8495627766382382, 
        "time": 1394, 
        "split_id": 1, 
        "parameters": {
            "max_features": 0.3736901993299291, 
            "n_estimators": 80, 
            "min_samples_split": 9, 
            "max_depth": 7, 
            "min_samples_leaf": 3
        }, 
        "num_samples": 746, 
        "score_time": 160, 
        "train_score": 0.9459387979994914, 
        "done_at": 1601323103226, 
        "test_score_gib": 0.8495627766382382
    }, 
    {
        "fit_time": 1673, 
        "best_iteration": null, 
        "test_score": 0.8290189342820922, 
        "time": 2007, 
        "split_id": 2, 
        "parameters": {
            "max_features": 0.3736901993299291, 
            "n_estimators": 80, 
            "min_samples_split": 9, 
            "max_depth": 7, 
            "min_samples_leaf": 3
        }, 
        "num_samples": 744, 
        "score_time": 334, 
        "train_score": 0.9528635431285761, 
        "done_at": 1601323105086, 
        "test_score_gib": 0.8290189342820922
    }, 
    {
        "fit_time": 1884, 
        "best_iteration": null, 
        "test_score": 0.8361357011767246, 
        "time": 2451, 
        "split_id": 0, 
        "parameters": {
            "max_features": 0.29448460467592846, 
            "n_estimators": 118, 
            "min_samples_split": 18, 
            "max_depth": 5, 
            "min_samples_leaf": 6
        }, 
        "num_samples": 746, 
        "score_time": 567, 
        "train_score": 0.9267644316351614, 
        "done_at": 1601323105610, 
        "test_score_gib": 0.8361357011767246
    }, 
    {
        "fit_time": 1821, 
        "best_iteration": null, 
        "test_score": 0.8535436683579833, 
        "time": 2330, 
        "split_id": 1, 
        "parameters": {
            "max_features": 0.29448460467592846, 
            "n_estimators": 118, 
            "min_samples_split": 18, 
            "max_depth": 5, 
            "min_samples_leaf": 6
        }, 
        "num_samples": 746, 
        "score_time": 509, 
        "train_score": 0.9233296600830719, 
        "done_at": 1601323105581, 
        "test_score_gib": 0.8535436683579833
    }, 
    {
        "fit_time": 1278, 
        "best_iteration": null, 
        "test_score": 0.8291825133930397, 
        "time": 1405, 
        "split_id": 2, 
        "parameters": {
            "max_features": 0.29448460467592846, 
            "n_estimators": 118, 
            "min_samples_split": 18, 
            "max_depth": 5, 
            "min_samples_leaf": 6
        }, 
        "num_samples": 744, 
        "score_time": 127, 
        "train_score": 0.9265930314153082, 
        "done_at": 1601323105310, 
        "test_score_gib": 0.8291825133930397
    }, 
    {
        "fit_time": 1189, 
        "best_iteration": null, 
        "test_score": 0.8340710353017381, 
        "time": 1482, 
        "split_id": 0, 
        "parameters": {
            "max_features": 0.4701603981248541, 
            "n_estimators": 84, 
            "min_samples_split": 48, 
            "max_depth": 5, 
            "min_samples_leaf": 16
        }, 
        "num_samples": 746, 
        "score_time": 293, 
        "train_score": 0.9196948376705941, 
        "done_at": 1601323106582, 
        "test_score_gib": 0.8340710353017381
    }, 
    {
        "fit_time": 1037, 
        "best_iteration": null, 
        "test_score": 0.8598321278203606, 
        "time": 1373, 
        "split_id": 1, 
        "parameters": {
            "max_features": 0.4701603981248541, 
            "n_estimators": 84, 
            "min_samples_split": 48, 
            "max_depth": 5, 
            "min_samples_leaf": 16
        }, 
        "num_samples": 746, 
        "score_time": 336, 
        "train_score": 0.9192947359498177, 
        "done_at": 1601323106689, 
        "test_score_gib": 0.8598321278203606
    }, 
    {
        "fit_time": 1159, 
        "best_iteration": null, 
        "test_score": 0.8380157853842064, 
        "time": 1374, 
        "split_id": 2, 
        "parameters": {
            "max_features": 0.4701603981248541, 
            "n_estimators": 84, 
            "min_samples_split": 48, 
            "max_depth": 5, 
            "min_samples_leaf": 16
        }, 
        "num_samples": 744, 
        "score_time": 215, 
        "train_score": 0.9183681042858685, 
        "done_at": 1601323106965, 
        "test_score_gib": 0.8380157853842064
    }, 
    {
        "fit_time": 2655, 
        "best_iteration": null, 
        "test_score": 0.8404809456979381, 
        "time": 3317, 
        "split_id": 0, 
        "parameters": {
            "max_features": 0.3699699939467366, 
            "n_estimators": 145, 
            "min_samples_split": 6, 
            "max_depth": 6, 
            "min_samples_leaf": 2
        }, 
        "num_samples": 746, 
        "score_time": 662, 
        "train_score": 0.9466271085869288, 
        "done_at": 1601323108953, 
        "test_score_gib": 0.8404809456979381
    }, 
    {
        "fit_time": 2451, 
        "best_iteration": null, 
        "test_score": 0.8533412501349456, 
        "time": 3223, 
        "split_id": 1, 
        "parameters": {
            "max_features": 0.3699699939467366, 
            "n_estimators": 145, 
            "min_samples_split": 6, 
            "max_depth": 6, 
            "min_samples_leaf": 2
        }, 
        "num_samples": 746, 
        "score_time": 772, 
        "train_score": 0.9414427396795795, 
        "done_at": 1601323109825, 
        "test_score_gib": 0.8533412501349456
    }, 
    {
        "fit_time": 2394, 
        "best_iteration": null, 
        "test_score": 0.8308046729099361, 
        "time": 3178, 
        "split_id": 2, 
        "parameters": {
            "max_features": 0.3699699939467366, 
            "n_estimators": 145, 
            "min_samples_split": 6, 
            "max_depth": 6, 
            "min_samples_leaf": 2
        }, 
        "num_samples": 744, 
        "score_time": 784, 
        "train_score": 0.9437918330994278, 
        "done_at": 1601323109874, 
        "test_score_gib": 0.8308046729099361
    }, 
    {
        "fit_time": 3136, 
        "best_iteration": null, 
        "test_score": 0.83637860304437, 
        "time": 3826, 
        "split_id": 0, 
        "parameters": {
            "max_features": 0.6818854406480492, 
            "n_estimators": 199, 
            "min_samples_split": 21, 
            "max_depth": 6, 
            "min_samples_leaf": 7
        }, 
        "num_samples": 746, 
        "score_time": 690, 
        "train_score": 0.9419818597948632, 
        "done_at": 1601323110799, 
        "test_score_gib": 0.83637860304437
    }, 
    {
        "fit_time": 2004, 
        "best_iteration": null, 
        "test_score": 0.8477207708085934, 
        "time": 2966, 
        "split_id": 1, 
        "parameters": {
            "max_features": 0.6818854406480492, 
            "n_estimators": 199, 
            "min_samples_split": 21, 
            "max_depth": 6, 
            "min_samples_leaf": 7
        }, 
        "num_samples": 746, 
        "score_time": 962, 
        "train_score": 0.9326744087479868, 
        "done_at": 1601323111924, 
        "test_score_gib": 0.8477207708085934
    }, 
    {
        "fit_time": 2896, 
        "best_iteration": null, 
        "test_score": 0.8286099865047233, 
        "time": 3164, 
        "split_id": 2, 
        "parameters": {
            "max_features": 0.6818854406480492, 
            "n_estimators": 199, 
            "min_samples_split": 21, 
            "max_depth": 6, 
            "min_samples_leaf": 7
        }, 
        "num_samples": 744, 
        "score_time": 268, 
        "train_score": 0.9305739231350535, 
        "done_at": 1601323112996, 
        "test_score_gib": 0.8286099865047233
    }, 
    {
        "fit_time": 2058, 
        "best_iteration": null, 
        "test_score": 0.8401840656374825, 
        "time": 2255, 
        "split_id": 0, 
        "parameters": {
            "max_features": 0.22622953664430454, 
            "n_estimators": 94, 
            "min_samples_split": 3, 
            "max_depth": 8, 
            "min_samples_leaf": 1
        }, 
        "num_samples": 746, 
        "score_time": 197, 
        "train_score": 0.9793744172247182, 
        "done_at": 1601323112150, 
        "test_score_gib": 0.8401840656374825
    }, 
    {
        "fit_time": 1132, 
        "best_iteration": null, 
        "test_score": 0.8560401597754507, 
        "time": 1294, 
        "split_id": 1, 
        "parameters": {
            "max_features": 0.22622953664430454, 
            "n_estimators": 94, 
            "min_samples_split": 3, 
            "max_depth": 8, 
            "min_samples_leaf": 1
        }, 
        "num_samples": 746, 
        "score_time": 162, 
        "train_score": 0.9708875137746884, 
        "done_at": 1601323112101, 
        "test_score_gib": 0.8560401597754507
    }, 
    {
        "fit_time": 1535, 
        "best_iteration": null, 
        "test_score": 0.8280510912089858, 
        "time": 2282, 
        "split_id": 2, 
        "parameters": {
            "max_features": 0.22622953664430454, 
            "n_estimators": 94, 
            "min_samples_split": 3, 
            "max_depth": 8, 
            "min_samples_leaf": 1
        }, 
        "num_samples": 744, 
        "score_time": 747, 
        "train_score": 0.9737328619237827, 
        "done_at": 1601323114217, 
        "test_score_gib": 0.8280510912089858
    }, 
    {
        "fit_time": 2552, 
        "best_iteration": null, 
        "test_score": 0.8377955306056353, 
        "time": 2896, 
        "split_id": 0, 
        "parameters": {
            "max_features": 0.3182264625655736, 
            "n_estimators": 164, 
            "min_samples_split": 33, 
            "max_depth": 8, 
            "min_samples_leaf": 11
        }, 
        "num_samples": 746, 
        "score_time": 344, 
        "train_score": 0.9577112825294566, 
        "done_at": 1601323115004, 
        "test_score_gib": 0.8377955306056353
    }, 
    {
        "fit_time": 2468, 
        "best_iteration": null, 
        "test_score": 0.848739609197884, 
        "time": 2824, 
        "split_id": 1, 
        "parameters": {
            "max_features": 0.3182264625655736, 
            "n_estimators": 164, 
            "min_samples_split": 33, 
            "max_depth": 8, 
            "min_samples_leaf": 11
        }, 
        "num_samples": 746, 
        "score_time": 356, 
        "train_score": 0.9481969992370942, 
        "done_at": 1601323114982, 
        "test_score_gib": 0.848739609197884
    }, 
    {
        "fit_time": 2252, 
        "best_iteration": null, 
        "test_score": 0.8344988344988344, 
        "time": 3237, 
        "split_id": 2, 
        "parameters": {
            "max_features": 0.3182264625655736, 
            "n_estimators": 164, 
            "min_samples_split": 33, 
            "max_depth": 8, 
            "min_samples_leaf": 11
        }, 
        "num_samples": 744, 
        "score_time": 985, 
        "train_score": 0.9525329266976141, 
        "done_at": 1601323116241, 
        "test_score_gib": 0.8344988344988344
    }, 
    {
        "fit_time": 2383, 
        "best_iteration": null, 
        "test_score": 0.8352315664471555, 
        "time": 2511, 
        "split_id": 0, 
        "parameters": {
            "max_features": 0.6930243028355356, 
            "n_estimators": 127, 
            "min_samples_split": 15, 
            "max_depth": 8, 
            "min_samples_leaf": 5
        }, 
        "num_samples": 746, 
        "score_time": 128, 
        "train_score": 0.9633228786979741, 
        "done_at": 1601323116753, 
        "test_score_gib": 0.8352315664471555
    }, 
    {
        "fit_time": 1601, 
        "best_iteration": null, 
        "test_score": 0.8494615675267192, 
        "time": 1971, 
        "split_id": 1, 
        "parameters": {
            "max_features": 0.6930243028355356, 
            "n_estimators": 127, 
            "min_samples_split": 15, 
            "max_depth": 8, 
            "min_samples_leaf": 5
        }, 
        "num_samples": 746, 
        "score_time": 370, 
        "train_score": 0.954574891921675, 
        "done_at": 1601323116967, 
        "test_score_gib": 0.8494615675267192
    }, 
    {
        "fit_time": 1607, 
        "best_iteration": null, 
        "test_score": 0.8324472798157009, 
        "time": 2426, 
        "split_id": 2, 
        "parameters": {
            "max_features": 0.6930243028355356, 
            "n_estimators": 127, 
            "min_samples_split": 15, 
            "max_depth": 8, 
            "min_samples_leaf": 5
        }, 
        "num_samples": 744, 
        "score_time": 819, 
        "train_score": 0.9549383299147145, 
        "done_at": 1601323117447, 
        "test_score_gib": 0.8324472798157009
    }, 
    {
        "fit_time": 2522, 
        "best_iteration": null, 
        "test_score": 0.8458382813343409, 
        "time": 2794, 
        "split_id": 0, 
        "parameters": {
            "max_features": 0.19678571073099776, 
            "n_estimators": 132, 
            "min_samples_split": 15, 
            "max_depth": 9, 
            "min_samples_leaf": 5
        }, 
        "num_samples": 746, 
        "score_time": 272, 
        "train_score": 0.9698974315503941, 
        "done_at": 1601323119042, 
        "test_score_gib": 0.8458382813343409
    }, 
    {
        "fit_time": 2016, 
        "best_iteration": null, 
        "test_score": 0.8514924970311993, 
        "time": 2314, 
        "split_id": 1, 
        "parameters": {
            "max_features": 0.19678571073099776, 
            "n_estimators": 132, 
            "min_samples_split": 15, 
            "max_depth": 9, 
            "min_samples_leaf": 5
        }, 
        "num_samples": 746, 
        "score_time": 298, 
        "train_score": 0.9694837670594219, 
        "done_at": 1601323119070, 
        "test_score_gib": 0.8514924970311993
    }, 
    {
        "fit_time": 1820, 
        "best_iteration": null, 
        "test_score": 0.832563148352622, 
        "time": 2113, 
        "split_id": 2, 
        "parameters": {
            "max_features": 0.19678571073099776, 
            "n_estimators": 132, 
            "min_samples_split": 15, 
            "max_depth": 9, 
            "min_samples_leaf": 5
        }, 
        "num_samples": 744, 
        "score_time": 293, 
        "train_score": 0.9660544639965454, 
        "done_at": 1601323119089, 
        "test_score_gib": 0.832563148352622
    }, 
    {
        "fit_time": 1411, 
        "best_iteration": null, 
        "test_score": 0.8385512253049768, 
        "time": 1918, 
        "split_id": 0, 
        "parameters": {
            "max_features": 0.3486211529358213, 
            "n_estimators": 138, 
            "min_samples_split": 12, 
            "max_depth": 5, 
            "min_samples_leaf": 4
        }, 
        "num_samples": 746, 
        "score_time": 507, 
        "train_score": 0.9299042129354921, 
        "done_at": 1601323119372, 
        "test_score_gib": 0.8385512253049768
    }, 
    {
        "fit_time": 2146, 
        "best_iteration": null, 
        "test_score": 0.851074166036921, 
        "time": 2353, 
        "split_id": 1, 
        "parameters": {
            "max_features": 0.3486211529358213, 
            "n_estimators": 138, 
            "min_samples_split": 12, 
            "max_depth": 5, 
            "min_samples_leaf": 4
        }, 
        "num_samples": 746, 
        "score_time": 207, 
        "train_score": 0.9234822412477748, 
        "done_at": 1601323121400, 
        "test_score_gib": 0.851074166036921
    }, 
    {
        "fit_time": 2101, 
        "best_iteration": null, 
        "test_score": 0.8250521408416146, 
        "time": 2288, 
        "split_id": 2, 
        "parameters": {
            "max_features": 0.3486211529358213, 
            "n_estimators": 138, 
            "min_samples_split": 12, 
            "max_depth": 5, 
            "min_samples_leaf": 4
        }, 
        "num_samples": 744, 
        "score_time": 187, 
        "train_score": 0.927446561589118, 
        "done_at": 1601323121375, 
        "test_score_gib": 0.8250521408416146
    }, 
    {
        "fit_time": 2099, 
        "best_iteration": null, 
        "test_score": 0.8303330454496384, 
        "time": 2400, 
        "split_id": 0, 
        "parameters": {
            "max_features": 0.5048513933554124, 
            "n_estimators": 129, 
            "min_samples_split": 51, 
            "max_depth": 10, 
            "min_samples_leaf": 17
        }, 
        "num_samples": 746, 
        "score_time": 301, 
        "train_score": 0.945606510129694, 
        "done_at": 1601323121507, 
        "test_score_gib": 0.8303330454496384
    }, 
    {
        "fit_time": 1881, 
        "best_iteration": null, 
        "test_score": 0.8545287703767678, 
        "time": 2622, 
        "split_id": 1, 
        "parameters": {
            "max_features": 0.5048513933554124, 
            "n_estimators": 129, 
            "min_samples_split": 51, 
            "max_depth": 10, 
            "min_samples_leaf": 17
        }, 
        "num_samples": 746, 
        "score_time": 741, 
        "train_score": 0.9455183521234213, 
        "done_at": 1601323122012, 
        "test_score_gib": 0.8545287703767678
    }, 
    {
        "fit_time": 1528, 
        "best_iteration": null, 
        "test_score": 0.8393380498643657, 
        "time": 2337, 
        "split_id": 2, 
        "parameters": {
            "max_features": 0.5048513933554124, 
            "n_estimators": 129, 
            "min_samples_split": 51, 
            "max_depth": 10, 
            "min_samples_leaf": 17
        }, 
        "num_samples": 744, 
        "score_time": 809, 
        "train_score": 0.9475601856849832, 
        "done_at": 1601323123718, 
        "test_score_gib": 0.8393380498643657
    }, 
    {
        "fit_time": 2617, 
        "best_iteration": null, 
        "test_score": 0.8423364460757854, 
        "time": 3266, 
        "split_id": 0, 
        "parameters": {
            "max_features": 0.2179494170080321, 
            "n_estimators": 175, 
            "min_samples_split": 3, 
            "max_depth": 10, 
            "min_samples_leaf": 1
        }, 
        "num_samples": 746, 
        "score_time": 649, 
        "train_score": 0.9924930066966178, 
        "done_at": 1601323124679, 
        "test_score_gib": 0.8423364460757854
    }, 
    {
        "fit_time": 2526, 
        "best_iteration": null, 
        "test_score": 0.8439625391341898, 
        "time": 3220, 
        "split_id": 1, 
        "parameters": {
            "max_features": 0.2179494170080321, 
            "n_estimators": 175, 
            "min_samples_split": 3, 
            "max_depth": 10, 
            "min_samples_leaf": 1
        }, 
        "num_samples": 746, 
        "score_time": 694, 
        "train_score": 0.9912621853013479, 
        "done_at": 1601323124746, 
        "test_score_gib": 0.8439625391341898
    }, 
    {
        "fit_time": 2097, 
        "best_iteration": null, 
        "test_score": 0.8319769898717266, 
        "time": 2947, 
        "split_id": 2, 
        "parameters": {
            "max_features": 0.2179494170080321, 
            "n_estimators": 175, 
            "min_samples_split": 3, 
            "max_depth": 10, 
            "min_samples_leaf": 1
        }, 
        "num_samples": 744, 
        "score_time": 850, 
        "train_score": 0.9877435765950556, 
        "done_at": 1601323124973, 
        "test_score_gib": 0.8319769898717266
    }, 
    {
        "fit_time": 1269, 
        "best_iteration": null, 
        "test_score": 0.8382273561481163, 
        "time": 1432, 
        "split_id": 0, 
        "parameters": {
            "max_features": 0.10814298136726591, 
            "n_estimators": 130, 
            "min_samples_split": 54, 
            "max_depth": 10, 
            "min_samples_leaf": 18
        }, 
        "num_samples": 746, 
        "score_time": 163, 
        "train_score": 0.9195998982792235, 
        "done_at": 1601323125157, 
        "test_score_gib": 0.8382273561481163
    }, 
    {
        "fit_time": 1189, 
        "best_iteration": null, 
        "test_score": 0.8562830616430961, 
        "time": 1289, 
        "split_id": 1, 
        "parameters": {
            "max_features": 0.10814298136726591, 
            "n_estimators": 130, 
            "min_samples_split": 54, 
            "max_depth": 10, 
            "min_samples_leaf": 18
        }, 
        "num_samples": 746, 
        "score_time": 100, 
        "train_score": 0.9161752988047809, 
        "done_at": 1601323125972, 
        "test_score_gib": 0.8562830616430961
    }, 
    {
        "fit_time": 1089, 
        "best_iteration": null, 
        "test_score": 0.8272195640616693, 
        "time": 1192, 
        "split_id": 2, 
        "parameters": {
            "max_features": 0.10814298136726591, 
            "n_estimators": 130, 
            "min_samples_split": 54, 
            "max_depth": 10, 
            "min_samples_leaf": 18
        }, 
        "num_samples": 744, 
        "score_time": 103, 
        "train_score": 0.920652056569146, 
        "done_at": 1601323125950, 
        "test_score_gib": 0.8272195640616693
    }
]