{
    "usedGridSearch": true, 
    "probaAware": true, 
    "gridSize": 24, 
    "rawImportance": {
        "variables": [
            "Age", 
            "Amount_Requested", 
            "Debt_To_Income_Ratio", 
            "Employment_Duration", 
            "FICO_Avg", 
            "Inquiries_in_the_Last_6_Months", 
            "Interest_Rate", 
            "Monthly_Income", 
            "Open_CREDIT_Lines", 
            "Revolving_CREDIT_Balance", 
            "dummy:Loan_Purpose:debt_consolidation", 
            "dummy:Loan_Purpose:credit_card", 
            "dummy:Loan_Purpose:other", 
            "dummy:Loan_Purpose:home_improvement", 
            "dummy:Loan_Purpose:major_purchase", 
            "dummy:Loan_Purpose:small_business", 
            "dummy:Loan_Purpose:car", 
            "dummy:Loan_Purpose:wedding", 
            "dummy:Loan_Purpose:medical", 
            "dummy:Loan_Purpose:moving", 
            "dummy:Loan_Purpose:house", 
            "dummy:Loan_Purpose:vacation", 
            "dummy:Loan_Purpose:educational", 
            "dummy:Loan_Purpose:renewable_energy", 
            "dummy:State:CA", 
            "dummy:State:NY", 
            "dummy:State:TX", 
            "dummy:State:FL", 
            "dummy:State:IL", 
            "dummy:State:GA", 
            "dummy:State:PA", 
            "dummy:State:NJ", 
            "dummy:State:VA", 
            "dummy:State:OH", 
            "dummy:State:MD", 
            "dummy:State:MA", 
            "dummy:State:NC", 
            "dummy:State:CO", 
            "dummy:State:WA", 
            "dummy:State:MI", 
            "dummy:State:AZ", 
            "dummy:State:CT", 
            "dummy:State:AL", 
            "dummy:State:MN", 
            "dummy:State:MO", 
            "dummy:State:NV", 
            "dummy:State:OR", 
            "dummy:State:SC", 
            "dummy:State:WI", 
            "dummy:State:KY", 
            "dummy:State:LA", 
            "dummy:State:OK", 
            "dummy:State:KS", 
            "dummy:State:UT", 
            "dummy:State:RI", 
            "dummy:State:NM", 
            "dummy:State:WV", 
            "dummy:State:HI", 
            "dummy:State:DC", 
            "dummy:State:AR", 
            "dummy:State:NH", 
            "dummy:State:AK", 
            "dummy:State:MT", 
            "dummy:State:VT", 
            "dummy:State:WY", 
            "dummy:State:SD", 
            "dummy:State:IN", 
            "dummy:Home_Ownership:MORTGAGE", 
            "dummy:Home_Ownership:RENT", 
            "dummy:Home_Ownership:OWN", 
            "dummy:Loan_Length:36", 
            "dummy:Loan_Length:__Others__"
        ], 
        "importances": [
            0.02640009862958562, 
            0.022000606089248864, 
            0.03323558385152844, 
            0.025489429738846155, 
            0.6251624313448907, 
            0.010808116178216936, 
            0.11179857116271597, 
            0.01878588185420689, 
            0.016436675496165475, 
            0.03600847528975537, 
            0.0012828035200876439, 
            0.001721476922404524, 
            0.002722689180333148, 
            0.0021177008950476425, 
            0.006922701283019889, 
            0.0013020097259828197, 
            0.0003201964694523975, 
            0.0011050667108895896, 
            0.0007202566159616198, 
            0.0010729335233006139, 
            0.00043587136743005497, 
            0.0002489916160688286, 
            0.0019318599815417396, 
            3.094056019718497e-05, 
            0.0013165483287792255, 
            0.0005602034937981776, 
            0.0031411732176505926, 
            0.0019832344335107828, 
            0.0009382958521208077, 
            0.002713887362110849, 
            0.00036569278203974555, 
            0.0025661924540148436, 
            0.0022399630170009746, 
            0.0005020808851465802, 
            0.0005961801799522482, 
            0.0042761084864014216, 
            0.0013092977221425572, 
            0.005952266639222614, 
            0.00032768340465481714, 
            0.0005985239087723317, 
            0.0004605152549773621, 
            0.0008518529200888451, 
            0.0007668286818663669, 
            0.0009805649918151907, 
            0.001224075991425858, 
            0.00047131684999107877, 
            0.0006609927574512173, 
            0.0005472961384399216, 
            0.00013684996796575793, 
            0.0007796477811169433, 
            0.00037116282175928347, 
            0.0007235958790930121, 
            0.00010406046275094436, 
            0.0006447811935526488, 
            0.0002898392559564061, 
            3.3150581696761126e-05, 
            0.0003241245807277442, 
            0.0003719070954712524, 
            0.0008704042531549214, 
            0.001164511628993151, 
            0.00023606455179845542, 
            3.8315052841225124e-05, 
            7.143914984210487e-05, 
            3.7177805382209735e-05, 
            0.00020975546487988735, 
            6.678541864146049e-05, 
            9.965709455252248e-05, 
            0.002167395055407914, 
            0.0016210609647294059, 
            0.0009557179083451542, 
            0.0027666987052561067, 
            0.002503753565832304
        ]
    }, 
    "modelInputNRows": 2236, 
    "modelInputNCols": 80, 
    "modelInputMemory": 1431040, 
    "gridCells": [
        {
            "scoreTimeStd": 0.44763179313161194, 
            "scoreTime": 0.6023333333333334, 
            "fitTime": 2.5336666666666665, 
            "score": 0.8464830877632943, 
            "params": {
                "max_features": 0.455706770935011, 
                "n_estimators": 147, 
                "min_samples_split": 3, 
                "max_depth": 9, 
                "min_samples_leaf": 1
            }, 
            "fitTimeStd": 0.23077020797513895, 
            "scoreStd": 0.0049573167807718576
        }, 
        {
            "scoreTimeStd": 0.21373243917467363, 
            "scoreTime": 0.4446666666666667, 
            "fitTime": 2.8103333333333333, 
            "score": 0.8391900855425458, 
            "params": {
                "max_features": 0.42692990979813816, 
                "n_estimators": 163, 
                "min_samples_split": 30, 
                "max_depth": 8, 
                "min_samples_leaf": 10
            }, 
            "fitTimeStd": 0.4424939422058667, 
            "scoreStd": 0.004272642462304998
        }, 
        {
            "scoreTimeStd": 0.1378219463252819, 
            "scoreTime": 0.5686666666666667, 
            "fitTime": 3.148, 
            "score": 0.8383098938492943, 
            "params": {
                "max_features": 0.3306290243756199, 
                "n_estimators": 168, 
                "min_samples_split": 21, 
                "max_depth": 10, 
                "min_samples_leaf": 7
            }, 
            "fitTimeStd": 0.03766519171153476, 
            "scoreStd": 0.0065883558318926205
        }, 
        {
            "scoreTimeStd": 0.06295677529508285, 
            "scoreTime": 0.4686666666666667, 
            "fitTime": 2.8326666666666664, 
            "score": 0.8393406158044832, 
            "params": {
                "max_features": 0.26359377674806794, 
                "n_estimators": 182, 
                "min_samples_split": 6, 
                "max_depth": 5, 
                "min_samples_leaf": 2
            }, 
            "fitTimeStd": 0.34418438211064845, 
            "scoreStd": 0.0077551049064794935
        }, 
        {
            "scoreTimeStd": 0.0339050963065371, 
            "scoreTime": 0.6816666666666666, 
            "fitTime": 2.5643333333333334, 
            "score": 0.8389309913591732, 
            "params": {
                "max_features": 0.33567087766049786, 
                "n_estimators": 152, 
                "min_samples_split": 42, 
                "max_depth": 5, 
                "min_samples_leaf": 14
            }, 
            "fitTimeStd": 0.2274046808860558, 
            "scoreStd": 0.010636993085767547
        }, 
        {
            "scoreTimeStd": 0.06288790733431102, 
            "scoreTime": 0.9246666666666666, 
            "fitTime": 3.4473333333333334, 
            "score": 0.8372800957014759, 
            "params": {
                "max_features": 0.4889031232307183, 
                "n_estimators": 195, 
                "min_samples_split": 51, 
                "max_depth": 6, 
                "min_samples_leaf": 17
            }, 
            "fitTimeStd": 0.20568962594701323, 
            "scoreStd": 0.009399402097559153
        }, 
        {
            "scoreTimeStd": 0.11469767022723502, 
            "scoreTime": 0.6656666666666666, 
            "fitTime": 3.022, 
            "score": 0.8385060276987625, 
            "params": {
                "max_features": 0.5668940505699103, 
                "n_estimators": 144, 
                "min_samples_split": 48, 
                "max_depth": 10, 
                "min_samples_leaf": 16
            }, 
            "fitTimeStd": 0.12458731877683217, 
            "scoreStd": 0.008715164233317706
        }, 
        {
            "scoreTimeStd": 0.2441875417697544, 
            "scoreTime": 0.5986666666666667, 
            "fitTime": 3.9976666666666665, 
            "score": 0.8402454216301182, 
            "params": {
                "max_features": 0.3841648271642263, 
                "n_estimators": 195, 
                "min_samples_split": 54, 
                "max_depth": 7, 
                "min_samples_leaf": 18
            }, 
            "fitTimeStd": 0.17307480720454058, 
            "scoreStd": 0.010362130163450447
        }, 
        {
            "scoreTimeStd": 0.1603253636272883, 
            "scoreTime": 0.5346666666666666, 
            "fitTime": 2.03, 
            "score": 0.8372206859992828, 
            "params": {
                "max_features": 0.5683175057718732, 
                "n_estimators": 119, 
                "min_samples_split": 45, 
                "max_depth": 10, 
                "min_samples_leaf": 15
            }, 
            "fitTimeStd": 0.49198848225000824, 
            "scoreStd": 0.006895834779158125
        }, 
        {
            "scoreTimeStd": 0.1267920432133745, 
            "scoreTime": 0.5683333333333334, 
            "fitTime": 1.2543333333333333, 
            "score": 0.8442958648120821, 
            "params": {
                "max_features": 0.44921187524506423, 
                "n_estimators": 111, 
                "min_samples_split": 3, 
                "max_depth": 5, 
                "min_samples_leaf": 1
            }, 
            "fitTimeStd": 0.13057905225911576, 
            "scoreStd": 0.011463876452381441
        }, 
        {
            "scoreTimeStd": 0.10128507622876465, 
            "scoreTime": 0.557, 
            "fitTime": 1.785, 
            "score": 0.8422078655527008, 
            "params": {
                "max_features": 0.34879716399431415, 
                "n_estimators": 155, 
                "min_samples_split": 12, 
                "max_depth": 7, 
                "min_samples_leaf": 4
            }, 
            "fitTimeStd": 0.3137865516557394, 
            "scoreStd": 0.009415496700497482
        }, 
        {
            "scoreTimeStd": 0.08935820549277435, 
            "scoreTime": 0.2853333333333333, 
            "fitTime": 1.44, 
            "score": 0.8412030827564749, 
            "params": {
                "max_features": 0.3736901993299291, 
                "n_estimators": 80, 
                "min_samples_split": 9, 
                "max_depth": 7, 
                "min_samples_leaf": 3
            }, 
            "fitTimeStd": 0.180235031740965, 
            "scoreStd": 0.00880388968922449
        }, 
        {
            "scoreTimeStd": 0.19518879749275228, 
            "scoreTime": 0.401, 
            "fitTime": 1.661, 
            "score": 0.8396299640596215, 
            "params": {
                "max_features": 0.29448460467592846, 
                "n_estimators": 118, 
                "min_samples_split": 18, 
                "max_depth": 5, 
                "min_samples_leaf": 6
            }, 
            "fitTimeStd": 0.27204043817050433, 
            "scoreStd": 0.0102459599755894
        }, 
        {
            "scoreTimeStd": 0.050082154728228516, 
            "scoreTime": 0.2813333333333333, 
            "fitTime": 1.1283333333333332, 
            "score": 0.8439783112768047, 
            "params": {
                "max_features": 0.4701603981248541, 
                "n_estimators": 84, 
                "min_samples_split": 48, 
                "max_depth": 5, 
                "min_samples_leaf": 16
            }, 
            "fitTimeStd": 0.06573346855969864, 
            "scoreStd": 0.01133281874561319
        }, 
        {
            "scoreTimeStd": 0.054901932773102104, 
            "scoreTime": 0.7393333333333334, 
            "fitTime": 2.5, 
            "score": 0.8415518938892323, 
            "params": {
                "max_features": 0.3699699939467366, 
                "n_estimators": 145, 
                "min_samples_split": 6, 
                "max_depth": 6, 
                "min_samples_leaf": 2
            }, 
            "fitTimeStd": 0.1120446339634344, 
            "scoreStd": 0.00922961412560729
        }, 
        {
            "scoreTimeStd": 0.28552174464770047, 
            "scoreTime": 0.64, 
            "fitTime": 2.6786666666666665, 
            "score": 0.8375778009185263, 
            "params": {
                "max_features": 0.6818854406480492, 
                "n_estimators": 199, 
                "min_samples_split": 21, 
                "max_depth": 6, 
                "min_samples_leaf": 7
            }, 
            "fitTimeStd": 0.48701905050578415, 
            "scoreStd": 0.007846210330088633
        }, 
        {
            "scoreTimeStd": 0.2679033822523004, 
            "scoreTime": 0.3686666666666667, 
            "fitTime": 1.575, 
            "score": 0.8414370679863746, 
            "params": {
                "max_features": 0.22622953664430454, 
                "n_estimators": 94, 
                "min_samples_split": 3, 
                "max_depth": 8, 
                "min_samples_leaf": 1
            }, 
            "fitTimeStd": 0.37909453526352327, 
            "scoreStd": 0.011458276214691915
        }, 
        {
            "scoreTimeStd": 0.2993819559618708, 
            "scoreTime": 0.5616666666666666, 
            "fitTime": 2.424, 
            "score": 0.8403498869233266, 
            "params": {
                "max_features": 0.3182264625655736, 
                "n_estimators": 164, 
                "min_samples_split": 33, 
                "max_depth": 8, 
                "min_samples_leaf": 11
            }, 
            "fitTimeStd": 0.12636455199145052, 
            "scoreStd": 0.006086995481881591
        }, 
        {
            "scoreTimeStd": 0.2862877340485734, 
            "scoreTime": 0.439, 
            "fitTime": 1.8636666666666668, 
            "score": 0.83905270757039, 
            "params": {
                "max_features": 0.6930243028355356, 
                "n_estimators": 127, 
                "min_samples_split": 15, 
                "max_depth": 8, 
                "min_samples_leaf": 5
            }, 
            "fitTimeStd": 0.36723229100333143, 
            "scoreStd": 0.007452272068239756
        }, 
        {
            "scoreTimeStd": 0.011264496832477199, 
            "scoreTime": 0.2876666666666667, 
            "fitTime": 2.1193333333333335, 
            "score": 0.8433075773859767, 
            "params": {
                "max_features": 0.19678571073099776, 
                "n_estimators": 132, 
                "min_samples_split": 15, 
                "max_depth": 9, 
                "min_samples_leaf": 5
            }, 
            "fitTimeStd": 0.29575815946291134, 
            "scoreStd": 0.007930936501451104
        }, 
        {
            "scoreTimeStd": 0.14636332266733432, 
            "scoreTime": 0.30033333333333334, 
            "fitTime": 1.886, 
            "score": 0.8382376273377536, 
            "params": {
                "max_features": 0.3486211529358213, 
                "n_estimators": 138, 
                "min_samples_split": 12, 
                "max_depth": 5, 
                "min_samples_leaf": 4
            }, 
            "fitTimeStd": 0.3363777638310832, 
            "scoreStd": 0.010623379600681203
        }, 
        {
            "scoreTimeStd": 0.22516364419387663, 
            "scoreTime": 0.617, 
            "fitTime": 1.836, 
            "score": 0.8414017995105488, 
            "params": {
                "max_features": 0.5048513933554124, 
                "n_estimators": 129, 
                "min_samples_split": 51, 
                "max_depth": 10, 
                "min_samples_leaf": 17
            }, 
            "fitTimeStd": 0.23527147440067328, 
            "scoreStd": 0.009989158127413918
        }, 
        {
            "scoreTimeStd": 0.0861278120005379, 
            "scoreTime": 0.731, 
            "fitTime": 2.4133333333333336, 
            "score": 0.8394319872232585, 
            "params": {
                "max_features": 0.2179494170080321, 
                "n_estimators": 175, 
                "min_samples_split": 3, 
                "max_depth": 10, 
                "min_samples_leaf": 1
            }, 
            "fitTimeStd": 0.22674557450048624, 
            "scoreStd": 0.005306136390732503
        }, 
        {
            "scoreTimeStd": 0.029017236257093817, 
            "scoreTime": 0.122, 
            "fitTime": 1.1823333333333332, 
            "score": 0.8405886079311835, 
            "params": {
                "max_features": 0.10814298136726591, 
                "n_estimators": 130, 
                "min_samples_split": 54, 
                "max_depth": 10, 
                "min_samples_leaf": 18
            }, 
            "fitTimeStd": 0.07363574011458174, 
            "scoreStd": 0.011979542180855703
        }
    ], 
    "gridBestScore": 0.8464830877632943, 
    "modelInputIsSparse": false
}