{
    "liftVizData": {
        "folds": [
            [
                {
                    "cum_lift": 0.6949152542, 
                    "cum_size": 0.25
                }, 
                {
                    "cum_lift": 1.0, 
                    "cum_size": 0.4933035714
                }, 
                {
                    "cum_lift": 1.0, 
                    "cum_size": 0.75
                }, 
                {
                    "cum_lift": 1.0, 
                    "cum_size": 1.0
                }
            ], 
            [
                {
                    "cum_lift": 0.5735294118, 
                    "cum_size": 0.2505592841
                }, 
                {
                    "cum_lift": 1.0, 
                    "cum_size": 0.4944071588
                }, 
                {
                    "cum_lift": 1.0, 
                    "cum_size": 0.74049217
                }, 
                {
                    "cum_lift": 1.0, 
                    "cum_size": 1.0
                }
            ], 
            [
                {
                    "cum_lift": 0.5675675676, 
                    "cum_size": 0.2505592841
                }, 
                {
                    "cum_lift": 0.972972973, 
                    "cum_size": 0.4988814318
                }, 
                {
                    "cum_lift": 1.0, 
                    "cum_size": 0.7024608501
                }, 
                {
                    "cum_lift": 1.0, 
                    "cum_size": 1.0
                }
            ], 
            [
                {
                    "cum_lift": 0.9733333333, 
                    "cum_size": 0.4966442953
                }, 
                {
                    "cum_lift": 1.0, 
                    "cum_size": 1.0
                }
            ], 
            [
                {
                    "cum_lift": 0.4805194805, 
                    "cum_size": 0.2013422819
                }, 
                {
                    "cum_lift": 0.961038961, 
                    "cum_size": 0.4004474273
                }, 
                {
                    "cum_lift": 1.0, 
                    "cum_size": 0.5995525727
                }, 
                {
                    "cum_lift": 1.0, 
                    "cum_size": 0.7628635347
                }, 
                {
                    "cum_lift": 1.0, 
                    "cum_size": 1.0
                }
            ]
        ], 
        "wizard": {
            "positives": 59, 
            "total": 448
        }, 
        "bins": [
            {
                "cum_lift": 0.6949152542, 
                "bin_pos_prop": 0.3660714286, 
                "bin_min": 0.6339295849, 
                "percentile_idx": 0, 
                "cum_size": 0.25, 
                "bin_lift": 2.7796610169, 
                "bin_max": 0.8186542549
            }, 
            {
                "cum_lift": 1.0, 
                "bin_pos_prop": 0.1651376147, 
                "bin_min": 0.0204081633, 
                "percentile_idx": 1, 
                "cum_size": 0.4933035714, 
                "bin_lift": 1.2539262945, 
                "bin_max": 0.6339295849
            }, 
            {
                "cum_lift": 1.0, 
                "bin_pos_prop": 0.0, 
                "bin_min": 0.0016873035, 
                "percentile_idx": 2, 
                "cum_size": 0.75, 
                "bin_lift": 0.0, 
                "bin_max": 0.0204081633
            }, 
            {
                "cum_lift": 1.0, 
                "bin_pos_prop": 0.0, 
                "bin_min": 0.0, 
                "percentile_idx": 3, 
                "cum_size": 1.0, 
                "bin_lift": 0.0, 
                "bin_max": 0.0016873035
            }
        ]
    }, 
    "probaAware": true, 
    "usedThreshold": 0.47500000000000003, 
    "probaPercentiles": [
        0.0, 
        0.0, 
        0.0, 
        0.0, 
        0.0, 
        0.0, 
        0.0, 
        0.0, 
        0.0, 
        0.0, 
        0.0, 
        0.0, 
        0.0, 
        0.0, 
        0.0, 
        0.0, 
        0.0, 
        0.0, 
        0.0, 
        0.0, 
        0.0, 
        0.0, 
        0.0006211139956208847, 
        0.0008062737379540294, 
        0.0016873035495444208, 
        0.002918083688604604, 
        0.004616985475669373, 
        0.0050502850258886955, 
        0.0050502850258886955, 
        0.0050502850258886955, 
        0.005684152855773182, 
        0.006193336566802224, 
        0.006802721088435374, 
        0.006802721088435374, 
        0.006802721088435374, 
        0.006802721088435374, 
        0.006802721088435374, 
        0.006802721088435375, 
        0.007616042386381002, 
        0.008401626025666627, 
        0.0087152689991746, 
        0.010463796009938403, 
        0.011986118358599817, 
        0.013410439129948144, 
        0.013605442176870748, 
        0.01360544217687075, 
        0.014796285932706623, 
        0.017089463600559122, 
        0.019289595032643932, 
        0.02040816326530612, 
        0.02090806535662507, 
        0.022739687560478117, 
        0.027210884353741496, 
        0.02979220076701572, 
        0.03177646897685249, 
        0.035132355006011175, 
        0.04337613638912602, 
        0.0571077858094589, 
        0.07683693372124696, 
        0.10837250106641565, 
        0.18054140134211863, 
        0.24851965407010546, 
        0.3696026513674706, 
        0.4222284298866497, 
        0.4858308963720853, 
        0.5044933307468289, 
        0.524992729537277, 
        0.5477882035354299, 
        0.5752319964346836, 
        0.591365297850079, 
        0.5991913324014075, 
        0.6079292543754593, 
        0.6153970801188677, 
        0.624169721746596, 
        0.6339295848866664, 
        0.6375397271080586, 
        0.6427012612767832, 
        0.6479410177358332, 
        0.6570951363447597, 
        0.6643758296978595, 
        0.6702086998772954, 
        0.6781941593427137, 
        0.6813246383159702, 
        0.6855507874933078, 
        0.6923454060983755, 
        0.6973084678675094, 
        0.7031770072869017, 
        0.7082061165605733, 
        0.7127083660662571, 
        0.7161811436828864, 
        0.7222385275272651, 
        0.7277316801182843, 
        0.7335946260492855, 
        0.7423527101150659, 
        0.747215452248958, 
        0.7529921025241545, 
        0.7607811765874976, 
        0.7645325792772342, 
        0.7715715179459961
    ], 
    "rocVizData": [
        [
            {
                "y": 0.0, 
                "x": 0.0, 
                "p": 1.8186542548694637
            }, 
            {
                "y": 0.05084745762711865, 
                "x": 0.015424164524421594, 
                "p": 0.7664489972004889
            }, 
            {
                "y": 0.11864406779661017, 
                "x": 0.028277634961439587, 
                "p": 0.7530251624937276
            }, 
            {
                "y": 0.1864406779661017, 
                "x": 0.03598971722365039, 
                "p": 0.7458280036653014
            }, 
            {
                "y": 0.288135593220339, 
                "x": 0.04627249357326478, 
                "p": 0.7301935864842362
            }, 
            {
                "y": 0.3389830508474576, 
                "x": 0.056555269922879174, 
                "p": 0.7215588528278218
            }, 
            {
                "y": 0.4067796610169492, 
                "x": 0.06683804627249357, 
                "p": 0.712933616836993
            }, 
            {
                "y": 0.4745762711864407, 
                "x": 0.07969151670951156, 
                "p": 0.7032455954745525
            }, 
            {
                "y": 0.5254237288135594, 
                "x": 0.09511568123393316, 
                "p": 0.6923520865820636
            }, 
            {
                "y": 0.576271186440678, 
                "x": 0.10282776349614396, 
                "p": 0.685045717458869
            }, 
            {
                "y": 0.5932203389830508, 
                "x": 0.14395886889460155, 
                "p": 0.6630851134342449
            }, 
            {
                "y": 0.6440677966101694, 
                "x": 0.14910025706940874, 
                "p": 0.6524193499608206
            }, 
            {
                "y": 0.6779661016949152, 
                "x": 0.17480719794344474, 
                "p": 0.6378744489840801
            }, 
            {
                "y": 0.711864406779661, 
                "x": 0.1928020565552699, 
                "p": 0.624776337401951
            }, 
            {
                "y": 0.7457627118644068, 
                "x": 0.2185089974293059, 
                "p": 0.6033556821795358
            }, 
            {
                "y": 0.7966101694915254, 
                "x": 0.2236503856041131, 
                "p": 0.5953757717427204
            }, 
            {
                "y": 0.8305084745762712, 
                "x": 0.2416452442159383, 
                "p": 0.5609094071142808
            }, 
            {
                "y": 0.9152542372881356, 
                "x": 0.2519280205655527, 
                "p": 0.5082234099914027
            }, 
            {
                "y": 0.9491525423728814, 
                "x": 0.27249357326478146, 
                "p": 0.42096399721311806
            }, 
            {
                "y": 1.0, 
                "x": 0.2879177377892031, 
                "p": 0.24678633203433767
            }, 
            {
                "y": 1.0, 
                "x": 0.36503856041131105, 
                "p": 0.03184240891061847
            }, 
            {
                "y": 1.0, 
                "x": 0.41645244215938304, 
                "p": 0.02056558614567406
            }, 
            {
                "y": 1.0, 
                "x": 0.493573264781491, 
                "p": 0.013605442176870748
            }, 
            {
                "y": 1.0, 
                "x": 0.5449871465295629, 
                "p": 0.007833743656560503
            }, 
            {
                "y": 1.0, 
                "x": 0.6246786632390745, 
                "p": 0.006802721088435374
            }, 
            {
                "y": 1.0, 
                "x": 0.6812339331619537, 
                "p": 0.0050502850258886955
            }, 
            {
                "y": 1.0, 
                "x": 0.7352185089974294, 
                "p": 0.0007668074020010901
            }, 
            {
                "y": 1.0, 
                "x": 1.0, 
                "p": 0.0
            }
        ], 
        [
            {
                "y": 0.0, 
                "x": 0.0, 
                "p": 1.8635572409588428
            }, 
            {
                "y": 0.04411764705882353, 
                "x": 0.0158311345646438, 
                "p": 0.7934438575454964
            }, 
            {
                "y": 0.08823529411764706, 
                "x": 0.029023746701846966, 
                "p": 0.7842882133019278
            }, 
            {
                "y": 0.1323529411764706, 
                "x": 0.044854881266490766, 
                "p": 0.7755005633119835
            }, 
            {
                "y": 0.16176470588235295, 
                "x": 0.06596306068601583, 
                "p": 0.7712973806843324
            }, 
            {
                "y": 0.20588235294117646, 
                "x": 0.07651715039577836, 
                "p": 0.7620734425710115
            }, 
            {
                "y": 0.25, 
                "x": 0.08443271767810026, 
                "p": 0.7585975497512708
            }, 
            {
                "y": 0.29411764705882354, 
                "x": 0.10290237467018469, 
                "p": 0.7509845518334353
            }, 
            {
                "y": 0.3235294117647059, 
                "x": 0.13192612137203166, 
                "p": 0.7433340123081242
            }, 
            {
                "y": 0.36764705882352944, 
                "x": 0.1424802110817942, 
                "p": 0.7381881171360645
            }, 
            {
                "y": 0.4117647058823529, 
                "x": 0.1503957783641161, 
                "p": 0.7323604336426685
            }, 
            {
                "y": 0.45588235294117646, 
                "x": 0.158311345646438, 
                "p": 0.7224355845628025
            }, 
            {
                "y": 0.4852941176470588, 
                "x": 0.17941952506596306, 
                "p": 0.7132732465291055
            }, 
            {
                "y": 0.5441176470588235, 
                "x": 0.18469656992084432, 
                "p": 0.7045790091828293
            }, 
            {
                "y": 0.6029411764705882, 
                "x": 0.19261213720316622, 
                "p": 0.7001317413186257
            }, 
            {
                "y": 0.6470588235294118, 
                "x": 0.21108179419525067, 
                "p": 0.6889921630078566
            }, 
            {
                "y": 0.6764705882352942, 
                "x": 0.23746701846965698, 
                "p": 0.6572750582765242
            }, 
            {
                "y": 0.7205882352941176, 
                "x": 0.24538258575197888, 
                "p": 0.6424957148940466
            }, 
            {
                "y": 0.7647058823529411, 
                "x": 0.26649076517150394, 
                "p": 0.6019441735621861
            }, 
            {
                "y": 0.8235294117647058, 
                "x": 0.2849604221635884, 
                "p": 0.581929730859516
            }, 
            {
                "y": 0.8676470588235294, 
                "x": 0.2955145118733509, 
                "p": 0.5552083002978244
            }, 
            {
                "y": 0.9117647058823529, 
                "x": 0.3034300791556728, 
                "p": 0.5237443369450421
            }, 
            {
                "y": 0.9411764705882353, 
                "x": 0.3245382585751979, 
                "p": 0.46831715118857503
            }, 
            {
                "y": 0.9852941176470589, 
                "x": 0.3324538258575198, 
                "p": 0.4039695894460789
            }, 
            {
                "y": 1.0, 
                "x": 0.40369393139841686, 
                "p": 0.034313978920124
            }, 
            {
                "y": 1.0, 
                "x": 0.46174142480211083, 
                "p": 0.019324443024834305
            }, 
            {
                "y": 1.0, 
                "x": 0.5118733509234829, 
                "p": 0.013605442176870748
            }, 
            {
                "y": 1.0, 
                "x": 0.5620052770448549, 
                "p": 0.007306378296124988
            }, 
            {
                "y": 1.0, 
                "x": 0.6147757255936676, 
                "p": 0.006802721088435374
            }, 
            {
                "y": 1.0, 
                "x": 0.6675461741424802, 
                "p": 0.005695734957223724
            }, 
            {
                "y": 1.0, 
                "x": 0.7176781002638523, 
                "p": 0.0016114809445592702
            }, 
            {
                "y": 1.0, 
                "x": 1.0, 
                "p": 0.0
            }
        ], 
        [
            {
                "y": 0.0, 
                "x": 0.0, 
                "p": 1.8158247539162224
            }, 
            {
                "y": 0.05405405405405406, 
                "x": 0.00804289544235925, 
                "p": 0.7906042173980795
            }, 
            {
                "y": 0.0945945945945946, 
                "x": 0.021447721179624665, 
                "p": 0.7720832593809329
            }, 
            {
                "y": 0.13513513513513514, 
                "x": 0.03753351206434316, 
                "p": 0.7602844357441035
            }, 
            {
                "y": 0.1891891891891892, 
                "x": 0.045576407506702415, 
                "p": 0.7529416435590556
            }, 
            {
                "y": 0.24324324324324326, 
                "x": 0.05093833780160858, 
                "p": 0.7376086400241243
            }, 
            {
                "y": 0.2702702702702703, 
                "x": 0.07506702412868632, 
                "p": 0.7211136632406914
            }, 
            {
                "y": 0.3108108108108108, 
                "x": 0.08579088471849866, 
                "p": 0.7152904984581703
            }, 
            {
                "y": 0.3783783783783784, 
                "x": 0.10991957104557641, 
                "p": 0.6975346634766679
            }, 
            {
                "y": 0.40540540540540543, 
                "x": 0.13404825737265416, 
                "p": 0.6879593814000358
            }, 
            {
                "y": 0.4594594594594595, 
                "x": 0.14209115281501342, 
                "p": 0.6800705941192451
            }, 
            {
                "y": 0.5, 
                "x": 0.16353887399463807, 
                "p": 0.6621890806652418
            }, 
            {
                "y": 0.5405405405405406, 
                "x": 0.18230563002680966, 
                "p": 0.6405006820139884
            }, 
            {
                "y": 0.6081081081081081, 
                "x": 0.1903485254691689, 
                "p": 0.6280116189839107
            }, 
            {
                "y": 0.6621621621621622, 
                "x": 0.20107238605898123, 
                "p": 0.6136614754014237
            }, 
            {
                "y": 0.7027027027027027, 
                "x": 0.21447721179624665, 
                "p": 0.5960920119782178
            }, 
            {
                "y": 0.7432432432432432, 
                "x": 0.225201072386059, 
                "p": 0.5817064273041566
            }, 
            {
                "y": 0.7837837837837838, 
                "x": 0.2386058981233244, 
                "p": 0.5594489005879221
            }, 
            {
                "y": 0.8378378378378378, 
                "x": 0.2546916890080429, 
                "p": 0.5366056855315032
            }, 
            {
                "y": 0.8783783783783784, 
                "x": 0.27882037533512066, 
                "p": 0.5011125873840402
            }, 
            {
                "y": 0.9324324324324325, 
                "x": 0.28150134048257375, 
                "p": 0.49494018736869216
            }, 
            {
                "y": 0.9594594594594594, 
                "x": 0.30563002680965146, 
                "p": 0.37087233825620125
            }, 
            {
                "y": 0.972972972972973, 
                "x": 0.3485254691689008, 
                "p": 0.037124371775147866
            }, 
            {
                "y": 0.972972972972973, 
                "x": 0.40482573726541554, 
                "p": 0.01692123451884384
            }, 
            {
                "y": 0.9864864864864865, 
                "x": 0.44235924932975873, 
                "p": 0.012416036025620237
            }, 
            {
                "y": 1.0, 
                "x": 0.47989276139410186, 
                "p": 0.007735572168174212
            }, 
            {
                "y": 1.0, 
                "x": 0.5361930294906166, 
                "p": 0.006802721088435374
            }, 
            {
                "y": 1.0, 
                "x": 0.5871313672922251, 
                "p": 0.00514055240512319
            }, 
            {
                "y": 1.0, 
                "x": 0.6407506702412868, 
                "p": 0.0015081645637259457
            }, 
            {
                "y": 1.0, 
                "x": 0.710455764075067, 
                "p": 0.0001317680338080126
            }, 
            {
                "y": 1.0, 
                "x": 1.0, 
                "p": 0.0
            }
        ], 
        [
            {
                "y": 0.0, 
                "x": 0.0, 
                "p": 1.8317515198454843
            }, 
            {
                "y": 0.05333333333333334, 
                "x": 0.005376344086021506, 
                "p": 0.7951686565796741
            }, 
            {
                "y": 0.09333333333333334, 
                "x": 0.01881720430107527, 
                "p": 0.7799869375151323
            }, 
            {
                "y": 0.14666666666666667, 
                "x": 0.026881720430107527, 
                "p": 0.7741734140949682
            }, 
            {
                "y": 0.18666666666666668, 
                "x": 0.04032258064516129, 
                "p": 0.7666109527024103
            }, 
            {
                "y": 0.24, 
                "x": 0.05913978494623656, 
                "p": 0.7573172772390316
            }, 
            {
                "y": 0.28, 
                "x": 0.08064516129032258, 
                "p": 0.749709337410619
            }, 
            {
                "y": 0.32, 
                "x": 0.09408602150537634, 
                "p": 0.7419652269916666
            }, 
            {
                "y": 0.36, 
                "x": 0.11021505376344086, 
                "p": 0.7363591633643218
            }, 
            {
                "y": 0.38666666666666666, 
                "x": 0.13978494623655913, 
                "p": 0.7170714993456881
            }, 
            {
                "y": 0.44, 
                "x": 0.14516129032258066, 
                "p": 0.7118789708423728
            }, 
            {
                "y": 0.48, 
                "x": 0.1586021505376344, 
                "p": 0.7061812144229573
            }, 
            {
                "y": 0.52, 
                "x": 0.1693548387096774, 
                "p": 0.69917024843273
            }, 
            {
                "y": 0.56, 
                "x": 0.18010752688172044, 
                "p": 0.6866759945006772
            }, 
            {
                "y": 0.6, 
                "x": 0.19086021505376344, 
                "p": 0.6662219476301345
            }, 
            {
                "y": 0.6266666666666667, 
                "x": 0.22043010752688172, 
                "p": 0.6338514046826708
            }, 
            {
                "y": 0.6666666666666666, 
                "x": 0.239247311827957, 
                "p": 0.5771163701653246
            }, 
            {
                "y": 0.7333333333333333, 
                "x": 0.2446236559139785, 
                "p": 0.5519352727608414
            }, 
            {
                "y": 0.7866666666666666, 
                "x": 0.260752688172043, 
                "p": 0.5078489676302453
            }, 
            {
                "y": 0.8266666666666667, 
                "x": 0.27956989247311825, 
                "p": 0.45022474169840454
            }, 
            {
                "y": 0.88, 
                "x": 0.27956989247311825, 
                "p": 0.3075302769029506
            }, 
            {
                "y": 0.9333333333333333, 
                "x": 0.3010752688172043, 
                "p": 0.177778558730227
            }, 
            {
                "y": 0.9733333333333334, 
                "x": 0.3118279569892473, 
                "p": 0.11126723731990389
            }, 
            {
                "y": 0.9733333333333334, 
                "x": 0.3629032258064516, 
                "p": 0.027210884353741496
            }, 
            {
                "y": 0.9733333333333334, 
                "x": 0.4166666666666667, 
                "p": 0.013605442176870748
            }, 
            {
                "y": 0.9733333333333334, 
                "x": 0.46774193548387094, 
                "p": 0.00650942380183091
            }, 
            {
                "y": 0.9733333333333334, 
                "x": 0.521505376344086, 
                "p": 0.0014536715548898109
            }, 
            {
                "y": 1.0, 
                "x": 1.0, 
                "p": 0.0
            }
        ], 
        [
            {
                "y": 0.0, 
                "x": 0.0, 
                "p": 1.8055776444750742
            }, 
            {
                "y": 0.03896103896103896, 
                "x": 0.013513513513513514, 
                "p": 0.774607116752051
            }, 
            {
                "y": 0.11688311688311688, 
                "x": 0.013513513513513514, 
                "p": 0.7683238687397701
            }, 
            {
                "y": 0.15584415584415584, 
                "x": 0.03513513513513514, 
                "p": 0.7519657154506836
            }, 
            {
                "y": 0.19480519480519481, 
                "x": 0.05675675675675676, 
                "p": 0.7441548616754176
            }, 
            {
                "y": 0.2727272727272727, 
                "x": 0.07297297297297298, 
                "p": 0.735996975140317
            }, 
            {
                "y": 0.3116883116883117, 
                "x": 0.0945945945945946, 
                "p": 0.7238139793044728
            }, 
            {
                "y": 0.36363636363636365, 
                "x": 0.10810810810810811, 
                "p": 0.711865683865719
            }, 
            {
                "y": 0.4155844155844156, 
                "x": 0.11891891891891893, 
                "p": 0.707135775925482
            }, 
            {
                "y": 0.45454545454545453, 
                "x": 0.13513513513513514, 
                "p": 0.6965782568480694
            }, 
            {
                "y": 0.5064935064935064, 
                "x": 0.14594594594594595, 
                "p": 0.6832850511443332
            }, 
            {
                "y": 0.5584415584415584, 
                "x": 0.15675675675675677, 
                "p": 0.6688818076934807
            }, 
            {
                "y": 0.6363636363636364, 
                "x": 0.17567567567567569, 
                "p": 0.6438323276417336
            }, 
            {
                "y": 0.6753246753246753, 
                "x": 0.1945945945945946, 
                "p": 0.6184203690884086
            }, 
            {
                "y": 0.7142857142857143, 
                "x": 0.20810810810810812, 
                "p": 0.5891832945911186
            }, 
            {
                "y": 0.7662337662337663, 
                "x": 0.21351351351351353, 
                "p": 0.5727398438836345
            }, 
            {
                "y": 0.8181818181818182, 
                "x": 0.23513513513513515, 
                "p": 0.5167515420861397
            }, 
            {
                "y": 0.8701298701298701, 
                "x": 0.24594594594594596, 
                "p": 0.487238614795456
            }, 
            {
                "y": 0.922077922077922, 
                "x": 0.24864864864864866, 
                "p": 0.47216844637060107
            }, 
            {
                "y": 0.948051948051948, 
                "x": 0.27297297297297296, 
                "p": 0.3560433634207263
            }, 
            {
                "y": 0.974025974025974, 
                "x": 0.2972972972972973, 
                "p": 0.19924318719120324
            }, 
            {
                "y": 0.974025974025974, 
                "x": 0.3621621621621622, 
                "p": 0.034013605442176874
            }, 
            {
                "y": 0.987012987012987, 
                "x": 0.4, 
                "p": 0.02454327911926875
            }, 
            {
                "y": 1.0, 
                "x": 0.45675675675675675, 
                "p": 0.013605442176870748
            }, 
            {
                "y": 1.0, 
                "x": 0.5162162162162162, 
                "p": 0.007611721321341067
            }, 
            {
                "y": 1.0, 
                "x": 0.572972972972973, 
                "p": 0.006802721088435374
            }, 
            {
                "y": 1.0, 
                "x": 0.6243243243243243, 
                "p": 0.003625657672448479
            }, 
            {
                "y": 1.0, 
                "x": 0.6756756756756757, 
                "p": 0.0007350747755179781
            }, 
            {
                "y": 1.0, 
                "x": 0.7891891891891892, 
                "p": 0.00012452081501630516
            }, 
            {
                "y": 1.0, 
                "x": 1.0, 
                "p": 0.0
            }
        ]
    ], 
    "calibrationData": [
        {
            "y": 0, 
            "x": 0, 
            "n": 0
        }, 
        {
            "y": 0.0, 
            "x": 0.009893994172651015, 
            "n": 267.0
        }, 
        {
            "y": 0.0, 
            "x": 0.13260778258284342, 
            "n": 7.0
        }, 
        {
            "y": 0.16666666666666666, 
            "x": 0.24997566741493152, 
            "n": 6.0
        }, 
        {
            "y": 0.2, 
            "x": 0.3642980961929721, 
            "n": 5.0
        }, 
        {
            "y": 0.375, 
            "x": 0.45488109459188686, 
            "n": 8.0
        }, 
        {
            "y": 0.36, 
            "x": 0.5546290582062582, 
            "n": 25.0
        }, 
        {
            "y": 0.2463768115942029, 
            "x": 0.6540065989357889, 
            "n": 69.0
        }, 
        {
            "y": 0.4745762711864407, 
            "x": 0.7365066622914423, 
            "n": 59.0
        }, 
        {
            "y": 0.0, 
            "x": 0.8097798369625762, 
            "n": 2.0
        }, 
        {
            "y": 1, 
            "x": 1, 
            "n": 0
        }
    ], 
    "densityData": {
        "0.0": {
            "incorrect": [
                4.064456323617449e-05, 
                9.658892876023973e-05, 
                0.00022142062203753618, 
                0.0004897488100805705, 
                0.00104543209317554, 
                0.0021542273338588836, 
                0.00428617809797444, 
                0.008236545346545271, 
                0.015290895047339749, 
                0.027431777735755267, 
                0.047569900029923576, 
                0.0797619421359273, 
                0.12935304743142342, 
                0.20296079526050764, 
                0.30820861127162696, 
                0.4531306615207592, 
                0.6452152977781027, 
                0.8901307666487217, 
                1.1902747314672397, 
                1.5433858062831998, 
                1.9415203009316444, 
                2.370700732072577, 
                2.8114659258949453, 
                3.2403984565456563, 
                3.632501487273505, 
                3.9640919785540256, 
                4.215726632491531, 
                4.374627596846575, 
                4.43614887108734, 
                4.404010228148383, 
                4.289280159390084, 
                4.108349317461434, 
                3.8803350558401535, 
                3.6244461624411524, 
                3.3577955689915133, 
                3.0939943825617693, 
                2.842640245491056, 
                2.6095900695531298, 
                2.397741909878567, 
                2.207982839829228, 
                2.039997618630552, 
                1.8927534044402474, 
                1.7646329274770078, 
                1.653329567800731, 
                1.5556994378681492, 
                1.467766760705802, 
                1.3850056598816283, 
                1.3029036825734746, 
                1.2176926912075026, 
                1.1270526004283263, 
                1.030579515674864, 
                0.9298659319855342, 
                0.8281472346273018, 
                0.7295903718417219, 
                0.6383984409478723, 
                0.5579499198674477, 
                0.4901728723539465, 
                0.435282641059515, 
                0.39191156616584677, 
                0.3575618749582459, 
                0.3292440402756567, 
                0.30413665067853596, 
                0.2801202581239638, 
                0.25608562762191106, 
                0.23197947742513497, 
                0.20861147548224554, 
                0.1872925447084837, 
                0.1693999825326755, 
                0.15596855338083848, 
                0.14739143995599202, 
                0.143285735585805, 
                0.14254002781945477, 
                0.14352313121147905, 
                0.14440008143895502, 
                0.1434807002132571, 
                0.1395222757267554, 
                0.13192256555230805, 
                0.12076901269810386, 
                0.10674681085467336, 
                0.09094191220679523, 
                0.07459596024391993, 
                0.05887353326899909, 
                0.04468905042289857, 
                0.03261741513699296, 
                0.022887510363698432, 
                0.015438573425792662, 
                0.010010371617613862, 
                0.006238959576062405, 
                0.003737520283910484, 
                0.0021520804169802574, 
                0.0011910592601262768, 
                0.0006335865552664708, 
                0.00032394767660100216, 
                0.00015919860968650995, 
                7.519667402694745e-05, 
                3.4139144165797043e-05, 
                1.4897077013856607e-05, 
                6.248040100836662e-06, 
                2.51872520851803e-06, 
                9.759149190271716e-07
            ], 
            "incorrectMedian": 0.3066071346078025, 
            "correct": [
                0.011594994304986294, 
                0.015224622982370782, 
                0.01980217686122513, 
                0.025515083370499684, 
                0.03257064896894455, 
                0.04119355580030912, 
                0.05162190811410219, 
                0.06410169550753264, 
                0.07887961098710444, 
                0.09619425270927709, 
                0.11626584575028749, 
                0.13928473899821892, 
                0.16539905495495166, 
                0.19470198805037187, 
                0.22721935024819842, 
                0.2628980413494739, 
                0.3015961662810038, 
                0.3430755252013125, 
                0.38699715929088513, 
                0.43292054350549675, 
                0.48030687873073663, 
                0.528526754671379, 
                0.5768722398960008, 
                0.624573218222131, 
                0.6708175449121283, 
                0.7147743572868864, 
                0.7556196581842893, 
                0.7925631124688964, 
                0.8248748702113986, 
                0.8519111662676025, 
                0.873137452371229, 
                0.8881478978644746, 
                0.8966802474374503, 
                0.8986252423565141, 
                0.8940300843716915, 
                0.8830957330832386, 
                0.8661681587303566, 
                0.8437240014870726, 
                0.8163513930019208, 
                0.7847269546809271, 
                0.7495901815457161, 
                0.7117165364330655, 
                0.6718906088523219, 
                0.6308806348478148, 
                0.5894155346680053, 
                0.5481654164700744, 
                0.5077262346559135, 
                0.4686090024212762, 
                0.4312336629864412, 
                0.3959274454461983, 
                0.36292728925746603, 
                0.33238573176879876, 
                0.30437952614048513, 
                0.27892019685273106, 
                0.25596574536722566, 
                0.2354327829984129, 
                0.2172084813601003, 
                0.20116187994812748, 
                0.18715426121595236, 
                0.17504848135287554, 
                0.16471731590464592, 
                0.1560510304740948, 
                0.14896450640267817, 
                0.14340432931391026, 
                0.13935627579814674, 
                0.13685360286460396, 
                0.13598645033630816, 
                0.13691250470927835, 
                0.13986884404374308, 
                0.14518459173658402, 
                0.15329366325373017, 
                0.16474651255382852, 
                0.18021940155353536, 
                0.20051936381789462, 
                0.2265827591643576, 
                0.2594651726326621, 
                0.30032045597575413, 
                0.3503669960972556, 
                0.4108398651869791, 
                0.48292838361783746, 
                0.56769980067628, 
                0.666011223041608, 
                0.7784135059552328, 
                0.9050524325966537, 
                1.0455739710660836, 
                1.1990415194628645, 
                1.3638736287253919, 
                1.537810554319418, 
                1.7179170077072827, 
                1.9006266120866007, 
                2.0818308692400542, 
                2.257012080176338, 
                2.421415901270636, 
                2.5702554140090057, 
                2.6989351432099706, 
                2.803280780470421, 
                2.8797588103034943, 
                2.925670048112907, 
                2.9393023915886793, 
                2.920030804153426
            ], 
            "correctMedian": 0.9875131260557914
        }, 
        "1.0": {
            "incorrect": [
                2.920030804153429, 
                2.9393023915886585, 
                2.9256700481128917, 
                2.8797588103034997, 
                2.803280780470426, 
                2.6989351432099706, 
                2.5702554140090217, 
                2.421415901270608, 
                2.257012080176348, 
                2.081830869240084, 
                1.9006266120865736, 
                1.717917007707263, 
                1.5378105543194194, 
                1.3638736287253954, 
                1.1990415194628687, 
                1.0455739710660865, 
                0.9050524325966554, 
                0.7784135059552211, 
                0.6660112230416074, 
                0.567699800676279, 
                0.48292838361783663, 
                0.4108398651869773, 
                0.35036699609725375, 
                0.3003204559757589, 
                0.25946517263266167, 
                0.2265827591643594, 
                0.20051936381789426, 
                0.1802194015535357, 
                0.16474651255382763, 
                0.15329366325372976, 
                0.14518459173658518, 
                0.1398688440437432, 
                0.13691250470927913, 
                0.13598645033630863, 
                0.13685360286460396, 
                0.1393562757981473, 
                0.1434043293139105, 
                0.14896450640267817, 
                0.15605103047409466, 
                0.16471731590464506, 
                0.17504848135287632, 
                0.18715426121595202, 
                0.20116187994812856, 
                0.21720848136009913, 
                0.2354327829984129, 
                0.2559657453672243, 
                0.27892019685273156, 
                0.3043795261404862, 
                0.33238573176879876, 
                0.3629272892574631, 
                0.39592744544619973, 
                0.4312336629864412, 
                0.46860900242127906, 
                0.5077262346559116, 
                0.5481654164700754, 
                0.5894155346680048, 
                0.6308806348478136, 
                0.6718906088523189, 
                0.7117165364330662, 
                0.7495901815457201, 
                0.7847269546809286, 
                0.8163513930019229, 
                0.8437240014870726, 
                0.866168158730362, 
                0.883095733083241, 
                0.8940300843716875, 
                0.8986252423565204, 
                0.8966802474374568, 
                0.8881478978644738, 
                0.873137452371229, 
                0.8519111662676063, 
                0.8248748702113949, 
                0.7925631124688937, 
                0.75561965818429, 
                0.7147743572868878, 
                0.6708175449121253, 
                0.6245732182221326, 
                0.5768722398960018, 
                0.5285267546713799, 
                0.48030687873073746, 
                0.4329205435054975, 
                0.3869971592908872, 
                0.3430755252013125, 
                0.3015961662810035, 
                0.26289804134947464, 
                0.22721935024819945, 
                0.19470198805037187, 
                0.16539905495495166, 
                0.13928473899821917, 
                0.11626584575028753, 
                0.09619425270927709, 
                0.07887961098710465, 
                0.06410169550753278, 
                0.05162190811410228, 
                0.04119355580030917, 
                0.03257064896894467, 
                0.02551508337049982, 
                0.019802176861225176, 
                0.015224622982370796, 
                0.011594994304986356
            ], 
            "incorrectMedian": 0.012486873944208558, 
            "correct": [
                9.759149190271994e-07, 
                2.5187252085181107e-06, 
                6.248040100836862e-06, 
                1.4897077013856978e-05, 
                3.413914416579801e-05, 
                7.519667402694959e-05, 
                0.00015919860968651334, 
                0.00032394767660100964, 
                0.0006335865552664809, 
                0.001191059260126298, 
                0.0021520804169802995, 
                0.003737520283910537, 
                0.006238959576062493, 
                0.01001037161761397, 
                0.015438573425792827, 
                0.022887510363698575, 
                0.03261741513699321, 
                0.04468905042289891, 
                0.05887353326899933, 
                0.07459596024392023, 
                0.09094191220679544, 
                0.10674681085467355, 
                0.12076901269810403, 
                0.1319225655523082, 
                0.1395222757267555, 
                0.14348070021325715, 
                0.14440008143895516, 
                0.14352313121147925, 
                0.14254002781945507, 
                0.14328573558580548, 
                0.14739143995599263, 
                0.15596855338083926, 
                0.1693999825326764, 
                0.1872925447084847, 
                0.2086114754822463, 
                0.2319794774251359, 
                0.2560856276219118, 
                0.2801202581239642, 
                0.3041366506785361, 
                0.3292440402756567, 
                0.35756187495824576, 
                0.3919115661658462, 
                0.4352826410595146, 
                0.49017287235394635, 
                0.5579499198674472, 
                0.6383984409478723, 
                0.7295903718417213, 
                0.8281472346273018, 
                0.9298659319855334, 
                1.030579515674862, 
                1.1270526004283243, 
                1.2176926912075017, 
                1.3029036825734723, 
                1.3850056598816258, 
                1.4677667607057994, 
                1.5556994378681466, 
                1.653329567800728, 
                1.7646329274770047, 
                1.892753404440244, 
                2.039997618630548, 
                2.2079828398292216, 
                2.3977419098785626, 
                2.6095900695531227, 
                2.842640245491056, 
                3.093994382561761, 
                3.3577955689915076, 
                3.624446162441146, 
                3.8803350558401464, 
                4.108349317461434, 
                4.289280159390084, 
                4.404010228148383, 
                4.436148871087345, 
                4.374627596846575, 
                4.215726632491536, 
                3.964091978554036, 
                3.632501487273505, 
                3.240398456545662, 
                2.81146592589495, 
                2.3707007320725832, 
                1.9415203009316548, 
                1.543385806283204, 
                1.190274731467244, 
                0.8901307666487229, 
                0.6452152977781047, 
                0.4531306615207618, 
                0.3082086112716281, 
                0.2029607952605088, 
                0.129353047431424, 
                0.07976194213592785, 
                0.04756990002992375, 
                0.027431777735755485, 
                0.015290895047339898, 
                0.00823654534654533, 
                0.004286178097974494, 
                0.0021542273338588987, 
                0.0010454320931755547, 
                0.00048974881008058, 
                0.00022142062203753932, 
                9.658892876024179e-05, 
                4.064456323617565e-05
            ], 
            "correctMedian": 0.6933928653921976
        }
    }, 
    "globalMetrics": {
        "predictionAvg": [
            0.3958153563438798
        ], 
        "predictionStd": [
            0.4885701449530212
        ], 
        "targetStd": [
            0.36445943276009357
        ], 
        "targetAvg": [
            0.15788290987535952
        ], 
        "testWeight": 447.2
    }, 
    "optimalThreshold": 0.47500000000000003, 
    "tiMetrics": {
        "liftstd": 0.08405349534211218, 
        "auc": 0.844809681788887, 
        "calibrationLossstd": 0.019160115801144868, 
        "logLossstd": 0.0702037547533219, 
        "aucstd": 0.0194690883002552, 
        "logLoss": 0.40431258858319585, 
        "lift": 2.364851396758467, 
        "calibrationLoss": 0.12399433049298403
    }, 
    "perCutData": {
        "fp": [
            286, 
            154, 
            130, 
            125, 
            122, 
            118, 
            117, 
            116, 
            115, 
            115, 
            112, 
            110, 
            110, 
            109, 
            109, 
            107, 
            106, 
            105, 
            104, 
            102, 
            101, 
            97, 
            94, 
            91, 
            85, 
            75, 
            60, 
            48, 
            33, 
            20, 
            12, 
            3, 
            2, 
            0, 
            0, 
            0, 
            0, 
            0, 
            0, 
            0
        ], 
        "f1": [
            0.3497527744323284, 
            0.4804338081347166, 
            0.5116280834811378, 
            0.5228698806626397, 
            0.5273667677164784, 
            0.5312624977510474, 
            0.53140416807334, 
            0.5315519841247904, 
            0.5298876390509314, 
            0.530848602953496, 
            0.5334995462321973, 
            0.5356192896490506, 
            0.5360573185191353, 
            0.53464940041448, 
            0.536331490784607, 
            0.5336587367701919, 
            0.5366764781541076, 
            0.5334917764811278, 
            0.5325954562234296, 
            0.5330231038138351, 
            0.5226095512358747, 
            0.51175392497679, 
            0.5102180298153687, 
            0.5024484835369016, 
            0.4895268464837734, 
            0.4785891032499926, 
            0.4627388361605328, 
            0.4623665362346684, 
            0.4265270264326868, 
            0.3559912985357997, 
            0.26189759976278537, 
            0.13366989251068487, 
            0.025738738738738737, 
            0.0, 
            0.0, 
            0.0, 
            0.0, 
            0.0, 
            0.0, 
            0.0
        ], 
        "cut": [
            0.0, 
            0.025, 
            0.05, 
            0.07500000000000001, 
            0.1, 
            0.125, 
            0.15000000000000002, 
            0.17500000000000002, 
            0.2, 
            0.225, 
            0.25, 
            0.275, 
            0.30000000000000004, 
            0.325, 
            0.35000000000000003, 
            0.375, 
            0.4, 
            0.42500000000000004, 
            0.45, 
            0.47500000000000003, 
            0.5, 
            0.525, 
            0.55, 
            0.5750000000000001, 
            0.6000000000000001, 
            0.625, 
            0.65, 
            0.675, 
            0.7000000000000001, 
            0.7250000000000001, 
            0.75, 
            0.775, 
            0.8, 
            0.8250000000000001, 
            0.8500000000000001, 
            0.875, 
            0.9, 
            0.925, 
            0.9500000000000001, 
            0.9750000000000001
        ], 
        "recallstd": [
            0.010666666666666647, 
            0.012008084598868495, 
            0.01607947835157987, 
            0.01607947835157987, 
            0.013547203400343476, 
            0.015463304845143081, 
            0.018750726982873535, 
            0.02282443026512571, 
            0.03179484895134415, 
            0.03656625667461694, 
            0.038414472939347105, 
            0.038414472939347105, 
            0.038414472939347105, 
            0.04327718335090732, 
            0.04327718335090732, 
            0.040423188284717956, 
            0.040423188284717956, 
            0.037873103775337064, 
            0.04739180180666359, 
            0.04722337516282093, 
            0.04875211215000773, 
            0.04943285806448795, 
            0.04731554559231269, 
            0.051236522956968636, 
            0.04211840794985233, 
            0.03978546639658248, 
            0.05624268972758442, 
            0.06162087629053427, 
            0.08870024985805729, 
            0.05757642579848113, 
            0.0661336535015327, 
            0.04776076357265067, 
            0.01461575060530008, 
            0.0, 
            0.0, 
            0.0, 
            0.0, 
            0.0, 
            0.0, 
            0.0
        ], 
        "mccstd": [
            0.050066469910850946, 
            0.021918979987855015, 
            0.014156036555100322, 
            0.016225385328524574, 
            0.01990673403888004, 
            0.02092858677057402, 
            0.02053848187921591, 
            0.020625870552138038, 
            0.01979531387453363, 
            0.022965682183461924, 
            0.02508164613895262, 
            0.024308203351436238, 
            0.0237755490039789, 
            0.023845064799571318, 
            0.024573506336956253, 
            0.02070744158943148, 
            0.02263912208986626, 
            0.02726234821474847, 
            0.03445946549915938, 
            0.036163657650857314, 
            0.025884471384149035, 
            0.021548602689939366, 
            0.020458076696949764, 
            0.03168765026677839, 
            0.025353272618462493, 
            0.025003029378522876, 
            0.03383170941312967, 
            0.033997829977811284, 
            0.04859154112686529, 
            0.036268003891924694, 
            0.026024536557076903, 
            0.060629675059290594, 
            0.06427741216799135, 
            0.01433934895700067, 
            0.008022826740157587, 
            0.0, 
            0.0, 
            0.0, 
            0.0, 
            0.0
        ], 
        "recall": [
            0.9946666666666667, 
            0.9866638586638586, 
            0.9813637533637534, 
            0.9813637533637534, 
            0.9784225768931651, 
            0.9757559102264984, 
            0.973089243559832, 
            0.9704225768931651, 
            0.9624918409624292, 
            0.9598251742957625, 
            0.9537686771206213, 
            0.9537686771206213, 
            0.9537686771206213, 
            0.9485046078565521, 
            0.9485046078565521, 
            0.9398146720479723, 
            0.9398146720479723, 
            0.9278758219316545, 
            0.9198397858956184, 
            0.9031547846223817, 
            0.8699466691769782, 
            0.8246944035099568, 
            0.8017066887555423, 
            0.7681211514631257, 
            0.7169504968188917, 
            0.6677872545928378, 
            0.6090268298882456, 
            0.5693491793252512, 
            0.472785342813259, 
            0.3327925083996869, 
            0.20489234531108907, 
            0.08323821212156209, 
            0.013643879173290938, 
            0.0, 
            0.0, 
            0.0, 
            0.0, 
            0.0, 
            0.0, 
            0.0
        ], 
        "mcc": [
            0.2485306754740686, 
            0.43020172766285797, 
            0.46511170845509875, 
            0.47795931054389457, 
            0.4822094451547641, 
            0.48584656199757215, 
            0.4853058559041076, 
            0.4847914822657282, 
            0.48093771360154347, 
            0.48142898242667176, 
            0.48301291622203923, 
            0.48537566486845396, 
            0.48589289178394096, 
            0.48304027461665966, 
            0.48495704966213304, 
            0.4798039142466977, 
            0.48319848691730244, 
            0.4767032718598818, 
            0.47385513098429605, 
            0.4706155035606091, 
            0.4519413972620721, 
            0.43093322668481465, 
            0.4254020090985045, 
            0.4111396719353985, 
            0.3891977328450542, 
            0.37140872858242135, 
            0.3491297212350442, 
            0.34957966291802584, 
            0.31316118593540115, 
            0.25256657718316594, 
            0.19152904621785835, 
            0.1257771263208157, 
            0.03727445819759464, 
            -0.011699749169449443, 
            -0.004011413370078794, 
            0.0, 
            0.0, 
            0.0, 
            0.0, 
            0.0
        ], 
        "precision": [
            0.2132452623194757, 
            0.31839280008086435, 
            0.3467316801370443, 
            0.35716792132862757, 
            0.3617559567489518, 
            0.36582657110996014, 
            0.36635220117893386, 
            0.3669016382283709, 
            0.3665638120715776, 
            0.3679736196115506, 
            0.3714638976839007, 
            0.37346901726657195, 
            0.373923093633961, 
            0.3734253227497327, 
            0.3750692620696845, 
            0.37377952735494835, 
            0.3767267310529593, 
            0.3753853608067378, 
            0.37589945208529113, 
            0.3793562242927039, 
            0.3750311663946105, 
            0.3725768679730944, 
            0.37593417750726993, 
            0.37532327561387213, 
            0.3736184953540039, 
            0.3747603431365444, 
            0.3755500354960687, 
            0.3933255240013838, 
            0.39720620665782985, 
            0.4002784179529627, 
            0.39837241914309585, 
            0.4179005205320994, 
            0.35333333333333333, 
            0.6, 
            0.8, 
            1.0, 
            1.0, 
            1.0, 
            1.0, 
            1.0
        ], 
        "tp": [
            59, 
            59, 
            59, 
            59, 
            59, 
            59, 
            59, 
            59, 
            59, 
            59, 
            58, 
            58, 
            58, 
            58, 
            58, 
            57, 
            57, 
            56, 
            56, 
            56, 
            54, 
            51, 
            49, 
            48, 
            45, 
            41, 
            38, 
            35, 
            28, 
            19, 
            7, 
            1, 
            0, 
            0, 
            0, 
            0, 
            0, 
            0, 
            0, 
            0
        ], 
        "f1std": [
            0.04456345338455644, 
            0.033464202310331925, 
            0.026621491141544776, 
            0.02797760719327068, 
            0.029394642889049444, 
            0.02926703416513251, 
            0.028531570870905024, 
            0.027962770760813674, 
            0.026021479421964346, 
            0.02751195012582443, 
            0.029044094715194695, 
            0.02795409123832811, 
            0.027982941815711995, 
            0.026467453206476952, 
            0.02714090717195738, 
            0.025147355782654972, 
            0.02595770885873681, 
            0.02861925588719862, 
            0.030807002002246998, 
            0.03255265824353655, 
            0.02520314575556961, 
            0.021088461212528213, 
            0.022442028836110735, 
            0.027963281555957224, 
            0.023087551902334167, 
            0.02220594671843666, 
            0.022041301796463873, 
            0.021678976949420867, 
            0.03849810110252783, 
            0.022764906513573605, 
            0.05293121043833312, 
            0.07014880932702898, 
            0.027401306325522182, 
            0.0, 
            0.0, 
            0.0, 
            0.0, 
            0.0, 
            0.0, 
            0.0
        ], 
        "tn": [
            103, 
            235, 
            259, 
            264, 
            267, 
            271, 
            272, 
            273, 
            274, 
            274, 
            277, 
            279, 
            279, 
            280, 
            280, 
            282, 
            283, 
            284, 
            285, 
            287, 
            288, 
            292, 
            295, 
            298, 
            304, 
            314, 
            329, 
            341, 
            356, 
            369, 
            377, 
            386, 
            387, 
            389, 
            389, 
            389, 
            389, 
            389, 
            389, 
            389
        ], 
        "precisionstd": [
            0.03402364155024083, 
            0.03003858939527357, 
            0.02584593623202454, 
            0.027526960383157457, 
            0.028704301450548572, 
            0.02904636116369583, 
            0.028588027468586547, 
            0.02828064911697549, 
            0.02728793675171108, 
            0.028692184287423036, 
            0.029962002759201665, 
            0.029026632376071677, 
            0.029235565835397815, 
            0.02823369312399193, 
            0.028769128401731535, 
            0.027501092078952665, 
            0.028217372368031172, 
            0.02921209508796279, 
            0.030487776236707557, 
            0.032757933694401206, 
            0.02925631659265221, 
            0.026590281444563994, 
            0.02871275410065545, 
            0.0330365938652238, 
            0.03108067796887954, 
            0.02973221992167488, 
            0.025401103140735456, 
            0.02942775166425534, 
            0.03382349044969054, 
            0.05607756832452415, 
            0.042134610017292434, 
            0.10930770141351573, 
            0.39078269039340924, 
            0.48989794855663565, 
            0.4000000000000001, 
            0.0, 
            0.0, 
            0.0, 
            0.0, 
            0.0
        ], 
        "accuracystd": [
            0.07848642981380764, 
            0.02373515404834151, 
            0.014970839860002343, 
            0.015259183505239087, 
            0.016194823160880892, 
            0.01807908625683714, 
            0.018252603946411546, 
            0.018651123750354374, 
            0.01891729678190153, 
            0.019541656401554773, 
            0.02019554520294581, 
            0.019907372348038604, 
            0.020045189573436838, 
            0.0202060085901357, 
            0.019704588667916755, 
            0.019616994513114456, 
            0.019292258050237935, 
            0.019135973589017866, 
            0.020415590965079892, 
            0.021833442079568093, 
            0.018971904632432774, 
            0.015940878956676945, 
            0.016032422901505132, 
            0.019408193713320296, 
            0.017829268721781862, 
            0.018095575919115, 
            0.024341690561590426, 
            0.027727846484326125, 
            0.029188573410058705, 
            0.03147066954383593, 
            0.018367555186359127, 
            0.013434718665400903, 
            0.01281632964685337, 
            0.01512277598576457, 
            0.014564494147118408, 
            0.014713122267236077, 
            0.014713122267236077, 
            0.014713122267236077, 
            0.014713122267236077, 
            0.014713122267236077
        ], 
        "hammingLoss": [
            0.5903183924576542, 
            0.3363115212527964, 
            0.2947247523170342, 
            0.2817543544263343, 
            0.2759407957813998, 
            0.27102309044423134, 
            0.2701292345797379, 
            0.2692353787152445, 
            0.26878895014381593, 
            0.26699924097155636, 
            0.26252696548418025, 
            0.2602918264621285, 
            0.25984439916906366, 
            0.25984539789069994, 
            0.2580556887184404, 
            0.2585041147331416, 
            0.2553731224033237, 
            0.2553731224033237, 
            0.25403183924576545, 
            0.24911213646532437, 
            0.25000599232981785, 
            0.24732242729306483, 
            0.24195429849792266, 
            0.239271732182806, 
            0.23524788271013103, 
            0.22898989293704058, 
            0.222737895493768, 
            0.20887663790348351, 
            0.1990412272291467, 
            0.1896492489613295, 
            0.17622243528283796, 
            0.16190775806967084, 
            0.1601180488974113, 
            0.15967261904761904, 
            0.15833033716842443, 
            0.15788290987535952, 
            0.15788290987535952, 
            0.15788290987535952, 
            0.15788290987535952, 
            0.15788290987535952
        ], 
        "hammingLossstd": [
            0.07848642981380761, 
            0.023735154048341502, 
            0.014970839860002333, 
            0.015259183505239055, 
            0.01619482316088093, 
            0.018079086256837115, 
            0.018252603946411525, 
            0.018651123750354343, 
            0.01891729678190151, 
            0.019541656401554783, 
            0.020195545202945805, 
            0.0199073723480386, 
            0.020045189573436838, 
            0.02020600859013571, 
            0.01970458866791676, 
            0.019616994513114456, 
            0.019292258050237945, 
            0.019135973589017884, 
            0.020415590965079895, 
            0.021833442079568093, 
            0.018971904632432757, 
            0.015940878956676927, 
            0.016032422901505132, 
            0.019408193713320275, 
            0.017829268721781873, 
            0.018095575919115005, 
            0.024341690561590405, 
            0.02772784648432611, 
            0.029188573410058722, 
            0.031470669543835914, 
            0.018367555186359158, 
            0.013434718665400922, 
            0.01281632964685339, 
            0.015122775985764569, 
            0.014564494147118417, 
            0.014713122267236083, 
            0.014713122267236083, 
            0.014713122267236083, 
            0.014713122267236083, 
            0.014713122267236083
        ], 
        "fn": [
            0, 
            0, 
            0, 
            0, 
            0, 
            0, 
            0, 
            0, 
            0, 
            0, 
            1, 
            1, 
            1, 
            1, 
            1, 
            2, 
            2, 
            3, 
            3, 
            3, 
            5, 
            8, 
            10, 
            11, 
            14, 
            18, 
            21, 
            24, 
            31, 
            40, 
            52, 
            58, 
            59, 
            59, 
            59, 
            59, 
            59, 
            59, 
            59, 
            59
        ], 
        "accuracy": [
            0.40968160754234584, 
            0.6636884787472035, 
            0.7052752476829658, 
            0.7182456455736658, 
            0.7240592042186001, 
            0.7289769095557685, 
            0.7298707654202621, 
            0.7307646212847555, 
            0.7312110498561841, 
            0.7330007590284435, 
            0.7374730345158198, 
            0.7397081735378715, 
            0.7401556008309363, 
            0.7401546021093001, 
            0.7419443112815596, 
            0.7414958852668584, 
            0.7446268775966762, 
            0.7446268775966762, 
            0.7459681607542346, 
            0.7508878635346756, 
            0.7499940076701821, 
            0.7526775727069351, 
            0.7580457015020773, 
            0.7607282678171942, 
            0.764752117289869, 
            0.7710101070629594, 
            0.777262104506232, 
            0.7911233620965165, 
            0.8009587727708531, 
            0.8103507510386704, 
            0.823777564717162, 
            0.8380922419303293, 
            0.8398819511025888, 
            0.840327380952381, 
            0.8416696628315756, 
            0.8421170901246405, 
            0.8421170901246405, 
            0.8421170901246405, 
            0.8421170901246405, 
            0.8421170901246405
        ]
    }
}