{
  "state": "DONE",
  "preSearchDescription": {
    "gridLength": 24,
    "searchStrategy": "RANDOM",
    "importantParams": [
      {
        "name": "trees",
        "min": "80",
        "max": "200"
      },
      {
        "name": "depth",
        "min": "5",
        "max": "10"
      },
      {
        "name": "min_samples",
        "min": "1",
        "max": "20"
      }
    ]
  },
  "postSearchDescription": {
    "importantParams": [
      {
        "name": "trees",
        "val": "147"
      },
      {
        "name": "depth",
        "val": "9"
      },
      {
        "name": "min_samples",
        "val": "1"
      }
    ]
  },
  "resumed": false,
  "timeOrderingEnabled": false,
  "sampleWeightsEnabled": false,
  "modelId": "m1",
  "progress": {
    "top_level_todo": [],
    "stack": [],
    "top_level_done": [
      {
        "name": "Loading source dataset",
        "time": 14
      },
      {
        "name": "Collecting statistics",
        "time": 27
      },
      {
        "name": "Preprocessing input",
        "time": 69
      },
      {
        "name": "Fitting global model",
        "time": 51906
      },
      {
        "name": "Saving model",
        "time": 23
      },
      {
        "name": "Computing global stats",
        "time": 683
      },
      {
        "name": "Fitting folds",
        "time": 7784
      }
    ]
  },
  "startTime": 1601323075193,
  "endTime": 1601323136169,
  "preprocessingTime": 112,
  "trainingTime": 60864,
  "hyperparamsSearchTime": 0
}