{
    "liftVizData": {
        "wizard": {
            "positives": 59, 
            "total": 448
        }, 
        "bins": [
            {
                "cum_lift": 0.6949152542, 
                "bin_pos_prop": 0.3660714286, 
                "bin_min": 0.6339295849, 
                "percentile_idx": 0, 
                "cum_size": 0.25, 
                "bin_lift": 2.7796610169, 
                "bin_max": 0.8186542549
            }, 
            {
                "cum_lift": 1.0, 
                "bin_pos_prop": 0.1651376147, 
                "bin_min": 0.0204081633, 
                "percentile_idx": 1, 
                "cum_size": 0.4933035714, 
                "bin_lift": 1.2539262945, 
                "bin_max": 0.6339295849
            }, 
            {
                "cum_lift": 1.0, 
                "bin_pos_prop": 0.0, 
                "bin_min": 0.0016873035, 
                "percentile_idx": 2, 
                "cum_size": 0.75, 
                "bin_lift": 0.0, 
                "bin_max": 0.0204081633
            }, 
            {
                "cum_lift": 1.0, 
                "bin_pos_prop": 0.0, 
                "bin_min": 0.0, 
                "percentile_idx": 3, 
                "cum_size": 1.0, 
                "bin_lift": 0.0, 
                "bin_max": 0.0016873035
            }
        ]
    }, 
    "usedThreshold": 0.47500000000000003, 
    "probaPercentiles": [
        0.0, 
        0.0, 
        0.0, 
        0.0, 
        0.0, 
        0.0, 
        0.0, 
        0.0, 
        0.0, 
        0.0, 
        0.0, 
        0.0, 
        0.0, 
        0.0, 
        0.0, 
        0.0, 
        0.0, 
        0.0, 
        0.0, 
        0.0, 
        0.0, 
        0.0, 
        0.0006211139956208847, 
        0.0008062737379540294, 
        0.0016873035495444208, 
        0.002918083688604604, 
        0.004616985475669373, 
        0.0050502850258886955, 
        0.0050502850258886955, 
        0.0050502850258886955, 
        0.005684152855773182, 
        0.006193336566802224, 
        0.006802721088435374, 
        0.006802721088435374, 
        0.006802721088435374, 
        0.006802721088435374, 
        0.006802721088435374, 
        0.006802721088435375, 
        0.007616042386381002, 
        0.008401626025666627, 
        0.0087152689991746, 
        0.010463796009938403, 
        0.011986118358599817, 
        0.013410439129948144, 
        0.013605442176870748, 
        0.01360544217687075, 
        0.014796285932706623, 
        0.017089463600559122, 
        0.019289595032643932, 
        0.02040816326530612, 
        0.02090806535662507, 
        0.022739687560478117, 
        0.027210884353741496, 
        0.02979220076701572, 
        0.03177646897685249, 
        0.035132355006011175, 
        0.04337613638912602, 
        0.0571077858094589, 
        0.07683693372124696, 
        0.10837250106641565, 
        0.18054140134211863, 
        0.24851965407010546, 
        0.3696026513674706, 
        0.4222284298866497, 
        0.4858308963720853, 
        0.5044933307468289, 
        0.524992729537277, 
        0.5477882035354299, 
        0.5752319964346836, 
        0.591365297850079, 
        0.5991913324014075, 
        0.6079292543754593, 
        0.6153970801188677, 
        0.624169721746596, 
        0.6339295848866664, 
        0.6375397271080586, 
        0.6427012612767832, 
        0.6479410177358332, 
        0.6570951363447597, 
        0.6643758296978595, 
        0.6702086998772954, 
        0.6781941593427137, 
        0.6813246383159702, 
        0.6855507874933078, 
        0.6923454060983755, 
        0.6973084678675094, 
        0.7031770072869017, 
        0.7082061165605733, 
        0.7127083660662571, 
        0.7161811436828864, 
        0.7222385275272651, 
        0.7277316801182843, 
        0.7335946260492855, 
        0.7423527101150659, 
        0.747215452248958, 
        0.7529921025241545, 
        0.7607811765874976, 
        0.7645325792772342, 
        0.7715715179459961
    ], 
    "probaDistribData": {
        "probaDistribs": [
            [
                267.0, 
                7.0, 
                5.0, 
                4.0, 
                5.0, 
                16.0, 
                52.0, 
                31.0, 
                2.0, 
                0.0
            ], 
            [
                0.0, 
                0.0, 
                1.0, 
                1.0, 
                3.0, 
                9.0, 
                17.0, 
                28.0, 
                0.0, 
                0.0
            ]
        ], 
        "bins": [
            0.0, 
            0.1, 
            0.2, 
            0.3, 
            0.4, 
            0.5, 
            0.6, 
            0.7, 
            0.8, 
            0.9, 
            1.0
        ]
    }, 
    "rocVizData": [
        [
            {
                "y": 0.0, 
                "x": 0.0, 
                "p": 1.8186542548694637
            }, 
            {
                "y": 0.05084745762711865, 
                "x": 0.015424164524421594, 
                "p": 0.7664489972004889
            }, 
            {
                "y": 0.11864406779661017, 
                "x": 0.028277634961439587, 
                "p": 0.7530251624937276
            }, 
            {
                "y": 0.1864406779661017, 
                "x": 0.03598971722365039, 
                "p": 0.7458280036653014
            }, 
            {
                "y": 0.288135593220339, 
                "x": 0.04627249357326478, 
                "p": 0.7301935864842362
            }, 
            {
                "y": 0.3389830508474576, 
                "x": 0.056555269922879174, 
                "p": 0.7215588528278218
            }, 
            {
                "y": 0.4067796610169492, 
                "x": 0.06683804627249357, 
                "p": 0.712933616836993
            }, 
            {
                "y": 0.4745762711864407, 
                "x": 0.07969151670951156, 
                "p": 0.7032455954745525
            }, 
            {
                "y": 0.5254237288135594, 
                "x": 0.09511568123393316, 
                "p": 0.6923520865820636
            }, 
            {
                "y": 0.576271186440678, 
                "x": 0.10282776349614396, 
                "p": 0.685045717458869
            }, 
            {
                "y": 0.5932203389830508, 
                "x": 0.14395886889460155, 
                "p": 0.6630851134342449
            }, 
            {
                "y": 0.6440677966101694, 
                "x": 0.14910025706940874, 
                "p": 0.6524193499608206
            }, 
            {
                "y": 0.6779661016949152, 
                "x": 0.17480719794344474, 
                "p": 0.6378744489840801
            }, 
            {
                "y": 0.711864406779661, 
                "x": 0.1928020565552699, 
                "p": 0.624776337401951
            }, 
            {
                "y": 0.7457627118644068, 
                "x": 0.2185089974293059, 
                "p": 0.6033556821795358
            }, 
            {
                "y": 0.7966101694915254, 
                "x": 0.2236503856041131, 
                "p": 0.5953757717427204
            }, 
            {
                "y": 0.8305084745762712, 
                "x": 0.2416452442159383, 
                "p": 0.5609094071142808
            }, 
            {
                "y": 0.9152542372881356, 
                "x": 0.2519280205655527, 
                "p": 0.5082234099914027
            }, 
            {
                "y": 0.9491525423728814, 
                "x": 0.27249357326478146, 
                "p": 0.42096399721311806
            }, 
            {
                "y": 1.0, 
                "x": 0.2879177377892031, 
                "p": 0.24678633203433767
            }, 
            {
                "y": 1.0, 
                "x": 0.36503856041131105, 
                "p": 0.03184240891061847
            }, 
            {
                "y": 1.0, 
                "x": 0.41645244215938304, 
                "p": 0.02056558614567406
            }, 
            {
                "y": 1.0, 
                "x": 0.493573264781491, 
                "p": 0.013605442176870748
            }, 
            {
                "y": 1.0, 
                "x": 0.5449871465295629, 
                "p": 0.007833743656560503
            }, 
            {
                "y": 1.0, 
                "x": 0.6246786632390745, 
                "p": 0.006802721088435374
            }, 
            {
                "y": 1.0, 
                "x": 0.6812339331619537, 
                "p": 0.0050502850258886955
            }, 
            {
                "y": 1.0, 
                "x": 0.7352185089974294, 
                "p": 0.0007668074020010901
            }, 
            {
                "y": 1.0, 
                "x": 1.0, 
                "p": 0.0
            }
        ]
    ], 
    "calibrationData": [
        {
            "y": 0, 
            "x": 0, 
            "n": 0
        }, 
        {
            "y": 0.0, 
            "x": 0.009893994172651015, 
            "n": 267.0
        }, 
        {
            "y": 0.0, 
            "x": 0.13260778258284342, 
            "n": 7.0
        }, 
        {
            "y": 0.16666666666666666, 
            "x": 0.24997566741493152, 
            "n": 6.0
        }, 
        {
            "y": 0.2, 
            "x": 0.3642980961929721, 
            "n": 5.0
        }, 
        {
            "y": 0.375, 
            "x": 0.45488109459188686, 
            "n": 8.0
        }, 
        {
            "y": 0.36, 
            "x": 0.5546290582062582, 
            "n": 25.0
        }, 
        {
            "y": 0.2463768115942029, 
            "x": 0.6540065989357889, 
            "n": 69.0
        }, 
        {
            "y": 0.4745762711864407, 
            "x": 0.7365066622914423, 
            "n": 59.0
        }, 
        {
            "y": 0.0, 
            "x": 0.8097798369625762, 
            "n": 2.0
        }, 
        {
            "y": 1, 
            "x": 1, 
            "n": 0
        }
    ], 
    "metrics": {}, 
    "densityData": {
        "0.0": {
            "incorrect": [
                4.064456323617449e-05, 
                9.658892876023973e-05, 
                0.00022142062203753618, 
                0.0004897488100805705, 
                0.00104543209317554, 
                0.0021542273338588836, 
                0.00428617809797444, 
                0.008236545346545271, 
                0.015290895047339749, 
                0.027431777735755267, 
                0.047569900029923576, 
                0.0797619421359273, 
                0.12935304743142342, 
                0.20296079526050764, 
                0.30820861127162696, 
                0.4531306615207592, 
                0.6452152977781027, 
                0.8901307666487217, 
                1.1902747314672397, 
                1.5433858062831998, 
                1.9415203009316444, 
                2.370700732072577, 
                2.8114659258949453, 
                3.2403984565456563, 
                3.632501487273505, 
                3.9640919785540256, 
                4.215726632491531, 
                4.374627596846575, 
                4.43614887108734, 
                4.404010228148383, 
                4.289280159390084, 
                4.108349317461434, 
                3.8803350558401535, 
                3.6244461624411524, 
                3.3577955689915133, 
                3.0939943825617693, 
                2.842640245491056, 
                2.6095900695531298, 
                2.397741909878567, 
                2.207982839829228, 
                2.039997618630552, 
                1.8927534044402474, 
                1.7646329274770078, 
                1.653329567800731, 
                1.5556994378681492, 
                1.467766760705802, 
                1.3850056598816283, 
                1.3029036825734746, 
                1.2176926912075026, 
                1.1270526004283263, 
                1.030579515674864, 
                0.9298659319855342, 
                0.8281472346273018, 
                0.7295903718417219, 
                0.6383984409478723, 
                0.5579499198674477, 
                0.4901728723539465, 
                0.435282641059515, 
                0.39191156616584677, 
                0.3575618749582459, 
                0.3292440402756567, 
                0.30413665067853596, 
                0.2801202581239638, 
                0.25608562762191106, 
                0.23197947742513497, 
                0.20861147548224554, 
                0.1872925447084837, 
                0.1693999825326755, 
                0.15596855338083848, 
                0.14739143995599202, 
                0.143285735585805, 
                0.14254002781945477, 
                0.14352313121147905, 
                0.14440008143895502, 
                0.1434807002132571, 
                0.1395222757267554, 
                0.13192256555230805, 
                0.12076901269810386, 
                0.10674681085467336, 
                0.09094191220679523, 
                0.07459596024391993, 
                0.05887353326899909, 
                0.04468905042289857, 
                0.03261741513699296, 
                0.022887510363698432, 
                0.015438573425792662, 
                0.010010371617613862, 
                0.006238959576062405, 
                0.003737520283910484, 
                0.0021520804169802574, 
                0.0011910592601262768, 
                0.0006335865552664708, 
                0.00032394767660100216, 
                0.00015919860968650995, 
                7.519667402694745e-05, 
                3.4139144165797043e-05, 
                1.4897077013856607e-05, 
                6.248040100836662e-06, 
                2.51872520851803e-06, 
                9.759149190271716e-07
            ], 
            "incorrectMedian": 0.3066071346078025, 
            "correct": [
                0.011594994304986294, 
                0.015224622982370782, 
                0.01980217686122513, 
                0.025515083370499684, 
                0.03257064896894455, 
                0.04119355580030912, 
                0.05162190811410219, 
                0.06410169550753264, 
                0.07887961098710444, 
                0.09619425270927709, 
                0.11626584575028749, 
                0.13928473899821892, 
                0.16539905495495166, 
                0.19470198805037187, 
                0.22721935024819842, 
                0.2628980413494739, 
                0.3015961662810038, 
                0.3430755252013125, 
                0.38699715929088513, 
                0.43292054350549675, 
                0.48030687873073663, 
                0.528526754671379, 
                0.5768722398960008, 
                0.624573218222131, 
                0.6708175449121283, 
                0.7147743572868864, 
                0.7556196581842893, 
                0.7925631124688964, 
                0.8248748702113986, 
                0.8519111662676025, 
                0.873137452371229, 
                0.8881478978644746, 
                0.8966802474374503, 
                0.8986252423565141, 
                0.8940300843716915, 
                0.8830957330832386, 
                0.8661681587303566, 
                0.8437240014870726, 
                0.8163513930019208, 
                0.7847269546809271, 
                0.7495901815457161, 
                0.7117165364330655, 
                0.6718906088523219, 
                0.6308806348478148, 
                0.5894155346680053, 
                0.5481654164700744, 
                0.5077262346559135, 
                0.4686090024212762, 
                0.4312336629864412, 
                0.3959274454461983, 
                0.36292728925746603, 
                0.33238573176879876, 
                0.30437952614048513, 
                0.27892019685273106, 
                0.25596574536722566, 
                0.2354327829984129, 
                0.2172084813601003, 
                0.20116187994812748, 
                0.18715426121595236, 
                0.17504848135287554, 
                0.16471731590464592, 
                0.1560510304740948, 
                0.14896450640267817, 
                0.14340432931391026, 
                0.13935627579814674, 
                0.13685360286460396, 
                0.13598645033630816, 
                0.13691250470927835, 
                0.13986884404374308, 
                0.14518459173658402, 
                0.15329366325373017, 
                0.16474651255382852, 
                0.18021940155353536, 
                0.20051936381789462, 
                0.2265827591643576, 
                0.2594651726326621, 
                0.30032045597575413, 
                0.3503669960972556, 
                0.4108398651869791, 
                0.48292838361783746, 
                0.56769980067628, 
                0.666011223041608, 
                0.7784135059552328, 
                0.9050524325966537, 
                1.0455739710660836, 
                1.1990415194628645, 
                1.3638736287253919, 
                1.537810554319418, 
                1.7179170077072827, 
                1.9006266120866007, 
                2.0818308692400542, 
                2.257012080176338, 
                2.421415901270636, 
                2.5702554140090057, 
                2.6989351432099706, 
                2.803280780470421, 
                2.8797588103034943, 
                2.925670048112907, 
                2.9393023915886793, 
                2.920030804153426
            ], 
            "correctMedian": 0.9875131260557914
        }, 
        "1.0": {
            "incorrect": [
                2.920030804153429, 
                2.9393023915886585, 
                2.9256700481128917, 
                2.8797588103034997, 
                2.803280780470426, 
                2.6989351432099706, 
                2.5702554140090217, 
                2.421415901270608, 
                2.257012080176348, 
                2.081830869240084, 
                1.9006266120865736, 
                1.717917007707263, 
                1.5378105543194194, 
                1.3638736287253954, 
                1.1990415194628687, 
                1.0455739710660865, 
                0.9050524325966554, 
                0.7784135059552211, 
                0.6660112230416074, 
                0.567699800676279, 
                0.48292838361783663, 
                0.4108398651869773, 
                0.35036699609725375, 
                0.3003204559757589, 
                0.25946517263266167, 
                0.2265827591643594, 
                0.20051936381789426, 
                0.1802194015535357, 
                0.16474651255382763, 
                0.15329366325372976, 
                0.14518459173658518, 
                0.1398688440437432, 
                0.13691250470927913, 
                0.13598645033630863, 
                0.13685360286460396, 
                0.1393562757981473, 
                0.1434043293139105, 
                0.14896450640267817, 
                0.15605103047409466, 
                0.16471731590464506, 
                0.17504848135287632, 
                0.18715426121595202, 
                0.20116187994812856, 
                0.21720848136009913, 
                0.2354327829984129, 
                0.2559657453672243, 
                0.27892019685273156, 
                0.3043795261404862, 
                0.33238573176879876, 
                0.3629272892574631, 
                0.39592744544619973, 
                0.4312336629864412, 
                0.46860900242127906, 
                0.5077262346559116, 
                0.5481654164700754, 
                0.5894155346680048, 
                0.6308806348478136, 
                0.6718906088523189, 
                0.7117165364330662, 
                0.7495901815457201, 
                0.7847269546809286, 
                0.8163513930019229, 
                0.8437240014870726, 
                0.866168158730362, 
                0.883095733083241, 
                0.8940300843716875, 
                0.8986252423565204, 
                0.8966802474374568, 
                0.8881478978644738, 
                0.873137452371229, 
                0.8519111662676063, 
                0.8248748702113949, 
                0.7925631124688937, 
                0.75561965818429, 
                0.7147743572868878, 
                0.6708175449121253, 
                0.6245732182221326, 
                0.5768722398960018, 
                0.5285267546713799, 
                0.48030687873073746, 
                0.4329205435054975, 
                0.3869971592908872, 
                0.3430755252013125, 
                0.3015961662810035, 
                0.26289804134947464, 
                0.22721935024819945, 
                0.19470198805037187, 
                0.16539905495495166, 
                0.13928473899821917, 
                0.11626584575028753, 
                0.09619425270927709, 
                0.07887961098710465, 
                0.06410169550753278, 
                0.05162190811410228, 
                0.04119355580030917, 
                0.03257064896894467, 
                0.02551508337049982, 
                0.019802176861225176, 
                0.015224622982370796, 
                0.011594994304986356
            ], 
            "incorrectMedian": 0.012486873944208558, 
            "correct": [
                9.759149190271994e-07, 
                2.5187252085181107e-06, 
                6.248040100836862e-06, 
                1.4897077013856978e-05, 
                3.413914416579801e-05, 
                7.519667402694959e-05, 
                0.00015919860968651334, 
                0.00032394767660100964, 
                0.0006335865552664809, 
                0.001191059260126298, 
                0.0021520804169802995, 
                0.003737520283910537, 
                0.006238959576062493, 
                0.01001037161761397, 
                0.015438573425792827, 
                0.022887510363698575, 
                0.03261741513699321, 
                0.04468905042289891, 
                0.05887353326899933, 
                0.07459596024392023, 
                0.09094191220679544, 
                0.10674681085467355, 
                0.12076901269810403, 
                0.1319225655523082, 
                0.1395222757267555, 
                0.14348070021325715, 
                0.14440008143895516, 
                0.14352313121147925, 
                0.14254002781945507, 
                0.14328573558580548, 
                0.14739143995599263, 
                0.15596855338083926, 
                0.1693999825326764, 
                0.1872925447084847, 
                0.2086114754822463, 
                0.2319794774251359, 
                0.2560856276219118, 
                0.2801202581239642, 
                0.3041366506785361, 
                0.3292440402756567, 
                0.35756187495824576, 
                0.3919115661658462, 
                0.4352826410595146, 
                0.49017287235394635, 
                0.5579499198674472, 
                0.6383984409478723, 
                0.7295903718417213, 
                0.8281472346273018, 
                0.9298659319855334, 
                1.030579515674862, 
                1.1270526004283243, 
                1.2176926912075017, 
                1.3029036825734723, 
                1.3850056598816258, 
                1.4677667607057994, 
                1.5556994378681466, 
                1.653329567800728, 
                1.7646329274770047, 
                1.892753404440244, 
                2.039997618630548, 
                2.2079828398292216, 
                2.3977419098785626, 
                2.6095900695531227, 
                2.842640245491056, 
                3.093994382561761, 
                3.3577955689915076, 
                3.624446162441146, 
                3.8803350558401464, 
                4.108349317461434, 
                4.289280159390084, 
                4.404010228148383, 
                4.436148871087345, 
                4.374627596846575, 
                4.215726632491536, 
                3.964091978554036, 
                3.632501487273505, 
                3.240398456545662, 
                2.81146592589495, 
                2.3707007320725832, 
                1.9415203009316548, 
                1.543385806283204, 
                1.190274731467244, 
                0.8901307666487229, 
                0.6452152977781047, 
                0.4531306615207618, 
                0.3082086112716281, 
                0.2029607952605088, 
                0.129353047431424, 
                0.07976194213592785, 
                0.04756990002992375, 
                0.027431777735755485, 
                0.015290895047339898, 
                0.00823654534654533, 
                0.004286178097974494, 
                0.0021542273338588987, 
                0.0010454320931755547, 
                0.00048974881008058, 
                0.00022142062203753932, 
                9.658892876024179e-05, 
                4.064456323617565e-05
            ], 
            "correctMedian": 0.6933928653921976
        }
    }, 
    "perCutData": {
        "fp": [
            286, 
            154, 
            130, 
            125, 
            122, 
            118, 
            117, 
            116, 
            115, 
            115, 
            112, 
            110, 
            110, 
            109, 
            109, 
            107, 
            106, 
            105, 
            104, 
            102, 
            101, 
            97, 
            94, 
            91, 
            85, 
            75, 
            60, 
            48, 
            33, 
            20, 
            12, 
            3, 
            2, 
            0, 
            0, 
            0, 
            0, 
            0, 
            0, 
            0
        ], 
        "f1": [
            0.29207920792079206, 
            0.4338235294117647, 
            0.47580645161290325, 
            0.48559670781893, 
            0.4916666666666667, 
            0.5, 
            0.502127659574468, 
            0.5042735042735043, 
            0.5064377682403434, 
            0.5064377682403434, 
            0.5065502183406113, 
            0.5110132158590308, 
            0.5110132158590308, 
            0.5132743362831859, 
            0.5132743362831859, 
            0.5112107623318385, 
            0.5135135135135135, 
            0.5090909090909091, 
            0.5114155251141552, 
            0.5161290322580645, 
            0.5046728971962616, 
            0.4927536231884058, 
            0.4851485148514852, 
            0.48484848484848486, 
            0.4761904761904762, 
            0.4685714285714286, 
            0.4840764331210191, 
            0.49295774647887325, 
            0.4666666666666667, 
            0.3877551020408163, 
            0.1794871794871795, 
            0.031746031746031744, 
            0.0, 
            0.0, 
            0.0, 
            0.0, 
            0.0, 
            0.0, 
            0.0, 
            0.0
        ], 
        "mcc": [
            0.21279443689709718, 
            0.4090678371709889, 
            0.4559006224071067, 
            0.4664920609872392, 
            0.47300697878858095, 
            0.4818914461737814, 
            0.4841493167182104, 
            0.48642233070103513, 
            0.48871071654438386, 
            0.48871071654438386, 
            0.4844198407723828, 
            0.489142569635654, 
            0.489142569635654, 
            0.4915289355723981, 
            0.4915289355723981, 
            0.4850888390276466, 
            0.48752708020690944, 
            0.4787001506767031, 
            0.481173604839238, 
            0.4861756162005696, 
            0.46606818213197004, 
            0.442200631188643, 
            0.42716661684234536, 
            0.4237035909817046, 
            0.4054864963312967, 
            0.3876184197309206, 
            0.4006782003343936, 
            0.4089340938848546, 
            0.38429004867670563, 
            0.3246136405020596, 
            0.1473224041312704, 
            0.033205771398410425, 
            -0.026079470746646058, 
            0.0, 
            0.0, 
            0.0, 
            0.0, 
            0.0, 
            0.0, 
            0.0
        ], 
        "precision": [
            0.17101449275362318, 
            0.27699530516431925, 
            0.31216931216931215, 
            0.32065217391304346, 
            0.3259668508287293, 
            0.3333333333333333, 
            0.3352272727272727, 
            0.33714285714285713, 
            0.3390804597701149, 
            0.3390804597701149, 
            0.3411764705882353, 
            0.34523809523809523, 
            0.34523809523809523, 
            0.3473053892215569, 
            0.3473053892215569, 
            0.3475609756097561, 
            0.3496932515337423, 
            0.34782608695652173, 
            0.35, 
            0.35443037974683544, 
            0.34838709677419355, 
            0.34459459459459457, 
            0.34265734265734266, 
            0.34532374100719426, 
            0.34615384615384615, 
            0.35344827586206895, 
            0.3877551020408163, 
            0.42168674698795183, 
            0.45901639344262296, 
            0.48717948717948717, 
            0.3684210526315789, 
            0.25, 
            0.0, 
            1.0, 
            1.0, 
            1.0, 
            1.0, 
            1.0, 
            1.0, 
            1.0
        ], 
        "hammingLoss": [
            0.6383928571428571, 
            0.34375, 
            0.29017857142857145, 
            0.27901785714285715, 
            0.27232142857142855, 
            0.26339285714285715, 
            0.2611607142857143, 
            0.25892857142857145, 
            0.25669642857142855, 
            0.25669642857142855, 
            0.25223214285714285, 
            0.24776785714285715, 
            0.24776785714285715, 
            0.24553571428571427, 
            0.24553571428571427, 
            0.24330357142857142, 
            0.24107142857142858, 
            0.24107142857142858, 
            0.23883928571428573, 
            0.234375, 
            0.23660714285714285, 
            0.234375, 
            0.23214285714285715, 
            0.22767857142857142, 
            0.22098214285714285, 
            0.20758928571428573, 
            0.18080357142857142, 
            0.16071428571428573, 
            0.14285714285714285, 
            0.13392857142857142, 
            0.14285714285714285, 
            0.13616071428571427, 
            0.13616071428571427, 
            0.13169642857142858, 
            0.13169642857142858, 
            0.13169642857142858, 
            0.13169642857142858, 
            0.13169642857142858, 
            0.13169642857142858, 
            0.13169642857142858
        ], 
        "fn": [
            0, 
            0, 
            0, 
            0, 
            0, 
            0, 
            0, 
            0, 
            0, 
            0, 
            1, 
            1, 
            1, 
            1, 
            1, 
            2, 
            2, 
            3, 
            3, 
            3, 
            5, 
            8, 
            10, 
            11, 
            14, 
            18, 
            21, 
            24, 
            31, 
            40, 
            52, 
            58, 
            59, 
            59, 
            59, 
            59, 
            59, 
            59, 
            59, 
            59
        ], 
        "cut": [
            0.0, 
            0.025, 
            0.05, 
            0.07500000000000001, 
            0.1, 
            0.125, 
            0.15000000000000002, 
            0.17500000000000002, 
            0.2, 
            0.225, 
            0.25, 
            0.275, 
            0.30000000000000004, 
            0.325, 
            0.35000000000000003, 
            0.375, 
            0.4, 
            0.42500000000000004, 
            0.45, 
            0.47500000000000003, 
            0.5, 
            0.525, 
            0.55, 
            0.5750000000000001, 
            0.6000000000000001, 
            0.625, 
            0.65, 
            0.675, 
            0.7000000000000001, 
            0.7250000000000001, 
            0.75, 
            0.775, 
            0.8, 
            0.8250000000000001, 
            0.8500000000000001, 
            0.875, 
            0.9, 
            0.925, 
            0.9500000000000001, 
            0.9750000000000001
        ], 
        "recall": [
            1.0, 
            1.0, 
            1.0, 
            1.0, 
            1.0, 
            1.0, 
            1.0, 
            1.0, 
            1.0, 
            1.0, 
            0.9830508474576272, 
            0.9830508474576272, 
            0.9830508474576272, 
            0.9830508474576272, 
            0.9830508474576272, 
            0.9661016949152542, 
            0.9661016949152542, 
            0.9491525423728814, 
            0.9491525423728814, 
            0.9491525423728814, 
            0.9152542372881356, 
            0.864406779661017, 
            0.8305084745762712, 
            0.8135593220338984, 
            0.7627118644067796, 
            0.6949152542372882, 
            0.6440677966101694, 
            0.5932203389830508, 
            0.4745762711864407, 
            0.3220338983050847, 
            0.11864406779661017, 
            0.01694915254237288, 
            0.0, 
            0.0, 
            0.0, 
            0.0, 
            0.0, 
            0.0, 
            0.0, 
            0.0
        ], 
        "tp": [
            59, 
            59, 
            59, 
            59, 
            59, 
            59, 
            59, 
            59, 
            59, 
            59, 
            58, 
            58, 
            58, 
            58, 
            58, 
            57, 
            57, 
            56, 
            56, 
            56, 
            54, 
            51, 
            49, 
            48, 
            45, 
            41, 
            38, 
            35, 
            28, 
            19, 
            7, 
            1, 
            0, 
            0, 
            0, 
            0, 
            0, 
            0, 
            0, 
            0
        ], 
        "tn": [
            103, 
            235, 
            259, 
            264, 
            267, 
            271, 
            272, 
            273, 
            274, 
            274, 
            277, 
            279, 
            279, 
            280, 
            280, 
            282, 
            283, 
            284, 
            285, 
            287, 
            288, 
            292, 
            295, 
            298, 
            304, 
            314, 
            329, 
            341, 
            356, 
            369, 
            377, 
            386, 
            387, 
            389, 
            389, 
            389, 
            389, 
            389, 
            389, 
            389
        ], 
        "accuracy": [
            0.36160714285714285, 
            0.65625, 
            0.7098214285714286, 
            0.7209821428571429, 
            0.7276785714285714, 
            0.7366071428571429, 
            0.7388392857142857, 
            0.7410714285714286, 
            0.7433035714285714, 
            0.7433035714285714, 
            0.7477678571428571, 
            0.7522321428571429, 
            0.7522321428571429, 
            0.7544642857142857, 
            0.7544642857142857, 
            0.7566964285714286, 
            0.7589285714285714, 
            0.7589285714285714, 
            0.7611607142857143, 
            0.765625, 
            0.7633928571428571, 
            0.765625, 
            0.7678571428571429, 
            0.7723214285714286, 
            0.7790178571428571, 
            0.7924107142857143, 
            0.8191964285714286, 
            0.8392857142857143, 
            0.8571428571428571, 
            0.8660714285714286, 
            0.8571428571428571, 
            0.8638392857142857, 
            0.8638392857142857, 
            0.8683035714285714, 
            0.8683035714285714, 
            0.8683035714285714, 
            0.8683035714285714, 
            0.8683035714285714, 
            0.8683035714285714, 
            0.8683035714285714
        ]
    }, 
    "optimalThreshold": 0.47500000000000003, 
    "tiMetrics": {
        "logLoss": 0.33241287110545675, 
        "auc": 0.8774345344429437, 
        "lift": 2.5027932960893855, 
        "calibrationLoss": 0.12409816673038708
    }, 
    "processed_feature_names": [
        "Age", 
        "Amount_Requested", 
        "Debt_To_Income_Ratio", 
        "Employment_Duration", 
        "FICO_Avg", 
        "Inquiries_in_the_Last_6_Months", 
        "Interest_Rate", 
        "Monthly_Income", 
        "Open_CREDIT_Lines", 
        "Revolving_CREDIT_Balance", 
        "dummy:Loan_Purpose:debt_consolidation", 
        "dummy:Loan_Purpose:credit_card", 
        "dummy:Loan_Purpose:other", 
        "dummy:Loan_Purpose:home_improvement", 
        "dummy:Loan_Purpose:major_purchase", 
        "dummy:Loan_Purpose:small_business", 
        "dummy:Loan_Purpose:car", 
        "dummy:Loan_Purpose:wedding", 
        "dummy:Loan_Purpose:moving", 
        "dummy:Loan_Purpose:medical", 
        "dummy:Loan_Purpose:house", 
        "dummy:Loan_Purpose:vacation", 
        "dummy:Loan_Purpose:educational", 
        "dummy:Loan_Purpose:renewable_energy", 
        "dummy:Loan_Purpose:N/A", 
        "dummy:Loan_Purpose:__Others__", 
        "dummy:State:CA", 
        "dummy:State:NY", 
        "dummy:State:TX", 
        "dummy:State:FL", 
        "dummy:State:IL", 
        "dummy:State:GA", 
        "dummy:State:PA", 
        "dummy:State:NJ", 
        "dummy:State:VA", 
        "dummy:State:NC", 
        "dummy:State:OH", 
        "dummy:State:MD", 
        "dummy:State:MA", 
        "dummy:State:CO", 
        "dummy:State:WA", 
        "dummy:State:MI", 
        "dummy:State:AZ", 
        "dummy:State:CT", 
        "dummy:State:MN", 
        "dummy:State:AL", 
        "dummy:State:MO", 
        "dummy:State:NV", 
        "dummy:State:SC", 
        "dummy:State:OR", 
        "dummy:State:LA", 
        "dummy:State:WI", 
        "dummy:State:OK", 
        "dummy:State:KY", 
        "dummy:State:UT", 
        "dummy:State:KS", 
        "dummy:State:RI", 
        "dummy:State:WV", 
        "dummy:State:NM", 
        "dummy:State:AR", 
        "dummy:State:AK", 
        "dummy:State:HI", 
        "dummy:State:DE", 
        "dummy:State:NH", 
        "dummy:State:DC", 
        "dummy:State:MT", 
        "dummy:State:VT", 
        "dummy:State:WY", 
        "dummy:State:SD", 
        "dummy:State:IN", 
        "dummy:State:N/A", 
        "dummy:State:__Others__", 
        "dummy:Home_Ownership:MORTGAGE", 
        "dummy:Home_Ownership:RENT", 
        "dummy:Home_Ownership:OWN", 
        "dummy:Home_Ownership:N/A", 
        "dummy:Home_Ownership:__Others__", 
        "dummy:Loan_Length:36", 
        "dummy:Loan_Length:N/A", 
        "dummy:Loan_Length:__Others__"
    ], 
    "globalMetrics": {
        "predictionAvg": [
            0.35267857142857145
        ], 
        "predictionStd": [
            0.47833787940910094
        ], 
        "targetStd": [
            0.33853847842489193
        ], 
        "targetAvg": [
            0.13169642857142858
        ], 
        "testWeight": 448
    }
}